job_id,job_title,slug,job_url,company_name,company_code,company_industry,company_url,company_verified,function,tenure,number_of_openings,work_experience_code,months_work_experience,education_level_code,open_to_fresh_grads,is_hybrid,is_work_from_home,city,region,country,formatted_address,latitude,longitude,salary_shown,base_salary,maximum_salary,salary_currency,salary_interval,description,qualifications,duties,created_at,activation_date,application_end_date,updated_at,is_active,is_expired,is_featured,visibility,scraped_at
110040,QA Analyst,qa-analyst,https://www.kalibrr.com/c/infomax-systems-solutions-and-services-inc/jobs/110040/qa-analyst,Infomax Systems Solutions and Services Inc.,infomax-systems-solutions-and-services-inc,IT and Software,http://infomax.com.ph,True,IT and Software,Full time,1,300,0,550,False,True,False,Makati,Metro Manila,Philippines,"8F ACE Building, Makati, Metro Manila, Philippines",14.55491,121.03512,False,40000,45000,PHP,month,"Preferred Skills:
 - Experience with Jira or similar issue-tracking tools.​
 - Familiarity with agile development methodologies.​
 - Knowledge of performance testing and stress testing practices.
Job Summary: We are seeking a meticulous and proactive Quality Assurance (QA) Engineer to join our team. The ideal candidate will be responsible for designing, documenting, and executing comprehensive test scenarios, including boundary condition testing, to ensure the quality and reliability of our products and services. This role requires a keen eye for detail in User Experience (UX) and User Interface (UI) testing, as well as strong monitoring and reporting skills to effectively communicate test results and product quality status.​
Key Responsibilities:
 - Test Planning and Execution:
 - Design, document, and execute comprehensive test scenarios, including boundary condition testing, to ensure thorough coverage of product functionalities.​
 - Conduct various types of Quality Assurance tests, such as white box, black box, stress, performance, and usability tests, ensuring timely delivery of products.​
 - UX/UI Testing:
 - Perform detailed UX/UI testing to ensure the product meets high standards of user experience and interface design.​
 - Collaborate with the UI/UX team to provide feedback and suggest improvements for enhancing user satisfaction.​
 - Monitoring and Reporting:
 - Utilize tools like Jira and test automation tools to monitor testing processes and outcomes.​
 - Generate detailed reports on test results, product quality, and identified issues, providing clear insights to stakeholders.​
 - Collaboration and Support:
 - Work closely with the development team to ensure timely resolution of identified issues.​
 - Participate in agile scrum standups and contribute to backlog grooming and roadmap planning.​
 - Continuous Improvement:
 - Research and evaluate QA methodologies and best practices to enhance the QA team’s skills and testing processes.​
 - Explore and implement software testing tools that can perform automated tests, ensuring both functional and non-functional test items are included.​","- Bachelor’s degree in Computer Science, Information Technology, or a related field.​
 - Proven experience in software quality assurance, with a focus on boundary condition testing and UX/UI evaluation.​
 - Strong knowledge of QA methodologies, tools, and processes.​
 - Experience with test automation tools and frameworks.​
 - Excellent analytical and problem-solving skills.​
 - Strong communication and collaboration abilities.​",,2019-01-29T03:00:09.955399+00:00,2026-07-13T05:04:33.096211+00:00,2026-09-12T16:00:00+00:00,2026-09-11T04:11:44.942100+00:00,True,False,False,public,2026-09-11T11:15:29+00:00
118458,Wordpress Designer Work From Home,wordpress-designer-work-from-home,https://www.kalibrr.com/c/thinkbit/jobs/118458/wordpress-designer-work-from-home,ThinkBIT Solutions,thinkbit,Information Technology / IT,https://thinkbitsolutions.com/,True,IT and Software,Full time,1,300,0,550,False,False,True,Quezon City,NCR,Philippines,"24 21st Avenue, Cubao, Quezon City, NCR, Philippines",14.67297,121.04948,True,25000,35000,PHP,month,"Summary
As a WordPress Developer at ThinkBIT, you will work on a variety of web development projects, collaborating with cross-functional teams to deliver high-quality, scalable websites. Projects may range from simple feature implementations to complex solutions that require strong design principles and technical expertise.
Roles and Responsibilities
Your responsibilities will include, but are not limited to:
 - Focus on developing WordPress sites in adherence to industry best practices and ThinkBIT’s project life cycle;
 - Collaborate with teams in completing project requirements; and
 - Expand your knowledge in related technologies;
 - Set up your development environment (e.g., XAMPP) if you cannot provision ThinkBIT’s web development environment;
 - Install and configure WordPress plugins, and
 - Design and customize WordPress themes;
 - Ensure to maximize the use of WordPress functionality;
 - Participate in planning and providing input to work estimations;
 - Timely reporting and communication of development progress, risks, and issues;
 - Have a good understanding of front-end technologies, including HTML5, CSS3, JavaScript, jQuery;
 - Build user interfaces for websites and/or web applications;
 - Design and develop responsive design websites;
 - Develop web applications in Wordpress with PHP and JavaScript;
 - Integrate with REST APIs and third-party plugins;
 - Knowledge of how to interact with RESTful APIs and formats (JSON, XML);
 - Convert comprehensive layout and wireframes into working HTML pages;
 - Proficient understanding of code versioning tools such as Git, SourceTree;
 - Have a strong understanding of PHP back-end development;
 - Ensure to deliver project on time.","- Candidate must possess at least Bachelor's/College Degree in Computer Science/Information Technology or equivalent.
 - At least 1 Year(s) of working experience in the related field is required for this position.
 - Required Skill(s): json, HTML, CSS, JavaScript
 - Hands-on experience with other CMS platforms: Drupal, Shopify, and Squarespace
 - Preferably 1-4 Yrs Experienced Employee specialized in IT/Computer Software or equivalent.",,2019-04-13T09:07:31.242728+00:00,2026-09-24T07:12:52.610560+00:00,2027-09-24T07:12:52.610560+00:00,2026-10-07T06:52:58.467057+00:00,True,False,False,public,2026-10-09T08:09:43+00:00
129534,Inventory Supervisor,inventory-supervisor,https://www.kalibrr.com/c/triplex-enterprises-inc/jobs/129534/inventory-supervisor,Triplex Enterprises Incorporated,triplex-enterprises-inc,Paper / Forest Products,https://triplexpaper.com/,True,Manufacturing and Production,Full time,3,300,0,550,False,False,False,Parañaque,Metro Manila,Philippines,"2255 Chino Roces Ave, Parañaque, Metro Manila, Philippines",14.47121,121.02198,True,,,,,"- Develop and implement inventory operational standards for staff compliance
 - Utilize computer systems to electronically track inventory flow, scan stock, and reconcile inventory
 - Address and resolve staff or client complaints/grievances to protect the reputation of a company and ensure a satisfied clientele
 - Record daily deliveries and shipment to maintain the information required for periodic inventory reconciliation
 - Assign and delegate job tasks to inventory personnel to ensure operational objectives are achieved
 - Create and maintain spreadsheets for the report and analysis of data
 - Proffer recommendations to management on operational policies and objectives required for improved performance
 - Utilize fixed asset tracking software to monitor and regulate shipment from a warehouse
 - Coordinate and manage daily physical cycle counts","- Bachelor/Associate Degree in Business Inventory, Logistics or related discipline
 - Responsible for order receiving, and keeping a record of materials and products.
 - Entails coordinating and managing a team of inventory workers to assist in the regulation of stock levels to ensure availability of required products.
 - Develop strategies for the optimization of inventory control processes.
 - Controls the movement of goods in and out of an organization’s warehouse.
 - Liaise with the sales and customer relations department of an organization to ensure that client orders are properly completed.
 - Involves preparing and maintaining accurate inventory documentation which provides information on the quantity, type, and quality of products available in a company’s storage facility.
 - Keep track of inventory flow in order to identify dead or slow moving stock.
 - Optimize stock management systems to reduce the risk of product theft or fraud.
 - Establish standards for safety, sales promotions, and work operations.
 - Responsible for directing, supervising, and assigning of work duties to inventory counters to ensure set objectives are achieved.
 - Proffer recommendations to company executives on appropriate policies and procedures for improved operations.
Skills & Requirements:
 - Communication Skills: Inventory Supervisors will need to speak with co-workers and superiors on a regular basis.
 - Leadership Skills: Inventory Supervisors will need to hire employees and resolve conflicts, as well as keep employees motivated and on-task.
 - Critical-Thinking Skills: Inventory Supervisors will need to devise plans of action and asses those plans regularly.
 - Organizational Skills: Multiple orders, people and many moving pieces will keep Inventory Supervisors on their toes.
 - Problem-Solving Skills: Inventory Supervisors will need to be ready when problems arise or are ready to anticipate problems before they happen.",,2019-07-25T05:08:16.104417+00:00,2026-09-08T09:37:07.773878+00:00,2026-11-06T16:00:00+00:00,2026-09-10T08:47:54.418428+00:00,True,False,False,public,2026-09-11T11:18:23+00:00
13550,QA Interns,qa-interns,https://www.kalibrr.com/c/awsys-i/jobs/13550/qa-interns,"Advanced World Systems, Inc. / Advanced World Solutions, Inc. (AWS)",awsys-i,Information Technology / IT,http://www.awsys-i.com,True,IT and Software,Full time,4,100,0,500,False,False,False,Muntinlupa,Metro Manila,Philippines,"Madrigal Avenue, Muntinlupa, Metro Manila, Philippines, Muntinlupa, Metro Manila, Philippines",14.41172,121.04118,False,3300,4840,PHP,month,"- 
 Assist Test Engineers on test procedure execution and RCA/defect investigation
 - 
 Assist Test Engineers on test machine preparation for testing (machine key parts configuration, preload image recovery
 - 
 Assist IT Staff in inventory of new systems for acceptance testing.
 - 
 Assist IT Staff in the inventory of old systems for return and/or disposal.
 - 
 Assist programmers in Tools Development and Data Analytics projects","- 
 Currently a student of any 4 or 5-year IT related Course (Computer Science, Information Technology, Computer Engineering)
 - 
 Familiar with different operating systems (Windows 10, 11, Linux)
 - 
 Knowledgeable with Laptop or notebook basic operations
 - Knowledge in either C#/C++ or Python programming languages
 - Fast Learner & and eager to learn new technologies given minimal amount of time.
 - Must have good English oral and written communication skills.
 - Must be highly motivated, team player, time-conscious, and hardworking.
 - Willing to report onsite (Alabang, Muntinlupa)",,2015-06-30T04:10:52.210286+00:00,2026-08-11T02:23:08.907394+00:00,2027-08-11T02:23:08.907394+00:00,2026-09-08T17:34:14.763386+00:00,True,False,False,public,2026-09-11T11:15:17+00:00
137870,Senior Data Scientist,senior-data-scientist,https://www.kalibrr.com/c/leapfroggr-inc/jobs/137870/senior-data-scientist,LeapFroggr Inc.,leapfroggr-inc,careers@leapfroggr.com,https://seriousmd.com,True,IT and Software,Full time,3,200,0,550,False,False,True,Manila,Metro Manila,Philippines,"Manila, Metro Manila, Philippines",14.60488,120.98626,True,,,,,"We are looking for a Data Scientist who will support our product, sales, leadership and marketing teams with insights gained from analyzing company data. The ideal candidate is adept at using large data sets to find opportunities for product and process optimization and using models to test the effectiveness of different courses of action. They must have strong experience using a variety of data mining/data analysis methods, using a variety of data tools, building and implementing models, using/creating algorithms and creating/running simulations. They must have a proven ability to drive business results with their data-based insights. The right candidate will have a passion for discovering solutions hidden in large data sets and working with stakeholders to improve business outcomes.","- Strong problem solving skills with an emphasis on product development;
 - Experience using statistical computer languages (R, Python, SLQ, etc.) to manipulate data and draw insights from large data sets;
 - Experience working with and creating data architectures;
 - Good communication and presentation skills;
 - Knowledge of a variety of machine learning techniques (clustering, decision tree learning, artificial neural networks, etc.) and their real-world advantages/drawbacks;
 - Knowledge of advanced statistical techniques and concepts (regression, properties of distributions, statistical tests and proper usage, etc.) and experience with applications;
 - A drive to learn and master new technologies and techniques",,2019-10-15T05:52:24.687548+00:00,2026-03-01T01:29:15.306559+00:00,2027-03-01T01:18:55.127000+00:00,2026-09-11T08:20:56.307605+00:00,True,False,False,public,2026-09-11T11:20:19+00:00
165149,ASP.Net Developer,asp-net-developer-2,https://www.kalibrr.com/c/stradcom-corporation-1/jobs/165149/asp-net-developer-2,Stradcom Corporation,stradcom-corporation-1,Information Technology / IT,https://www.linkedin.com/company/stradcomph/mycompany/,True,IT and Software,Full time,2,400,0,550,False,True,False,Quezon City,Metro Manila,Philippines,"East Avenue , Quezon City, Metro Manila, Philippines",14.67297,121.04949,True,,,,,"- Consults and pairs with other departments to determine business requirements, functional requirements and input/output requirements;
 - Develops, codes, tests, and debugs web-based applications and web sites
 - Writes and maintains functional and technical specifications;
 - Analyzes code for problem resolution and performance optimizations;
 - Monitors performance of applications and provides technical support as required.","- Must have at least 3 to 5 years of web development experience
 - Knowledgeable in web development, ASP Net, VB Net, SQL server, PHP, My SQL, Network, HTML,CSS and MVC Framework 4.0
 - Knowledgeable in dotNet Framework, Azure DevOps and Xamarin
 - Knowledgeable in .Netcore, ReactJS and NextJS is a plus
 - Graduate of B.S. in Computer Science, Computer Engineering, B.S. Math or any IT-related course",,2020-11-25T10:14:23.186436+00:00,2026-08-06T02:49:41.398413+00:00,2026-10-04T16:00:00+00:00,2026-09-11T08:49:50.385349+00:00,True,False,False,public,2026-09-11T11:14:27+00:00
168056,Business Development Executive,business-development-executive,https://www.kalibrr.com/c/medev-medical-devices-corporation/jobs/168056/business-development-executive,MEDEV Medical Devices Corporation,medev-medical-devices-corporation,Medical Equipment,http://www.medev.com.ph,True,Sales and Marketing,Full time,5,200,0,550,False,False,False,Parañaque,Metro Manila,Philippines,"Saudi Arabia, Don Bosco, Parañaque, Metro Manila, Philippines",14.47121,121.02198,False,,,,,"Responsibilities:
 - Identify and engage potential customers across the Philippines in a professional manner to promote and sell the company’s products and services, adhering to company policies.
 - Oversee the delivery of the company’s products/services and provide comprehensive after-sales support to customers.
 - Execute sales agreements effectively, ensuring the prompt and accurate collection of payments from customers.
Perks and Benefits
 - Company Car
 - Maternity & Paternity Leave
 - Medical / Health Insurance
 - Paid Holidays
 - Paid Vacation Leave
 - Mobile Phone 
 - Retirement Benefit Plan
 - Paid Sick Leave
 - Transportation Allowances
 - Lunch Reimbursement or Pantry Snacks","Requirements:
 - Proficiency in translating complex technical concepts into easily understandable language
 - Bachelor's degree in Electronics/Computer Engineering, or a relevant medical or business-related field from a reputable university
 - Preferably, prior experience in B2B sales within a similar or related industry
 - Demonstrated excellent written and verbal communication skills, with a flawless command of the English language
 - Possesses high energy, maintains a positive outlook, and exhibits professional demeanor
 - Exhibits unquestionable character and demonstrates a natural understanding of professional business ethics
*Senior level sales position to be assigned in various Luzon areas",,2021-01-26T12:19:27.191577+00:00,2026-01-02T03:01:29.825125+00:00,2026-12-29T16:00:00+00:00,2026-09-09T02:36:47.322231+00:00,True,False,False,public,2026-09-11T11:20:16+00:00
168438,Business Systems Analyst Work From Home,business-systems-analyst-work-from-home-2,https://www.kalibrr.com/c/thinkbit/jobs/168438/business-systems-analyst-work-from-home-2,ThinkBIT Solutions,thinkbit,Information Technology / IT,https://thinkbitsolutions.com/,True,IT and Software,Full time,1,200,0,550,False,False,True,Quezon City,NCR,Philippines,"24 21st Avenue, Cubao, Quezon City, NCR, Philippines",14.67297,121.04949,True,30000,45000,PHP,month,"The business systems analyst will review, analyze, and evaluate IT systems and business requirements. Writes detailed description of requirements, user stories, and steps required to develop or modify web and mobile applications.
Key Duties and Responsibilities
 - Do information gathering and documentation of the high level business process to define and communicate technical level requirements
 - Discover, organize, and clarify business needs and review/produce specifications
 - Meet clients to determine their IT requirements
 - Monitor and follow up client's response to the proposal and exert effort to close the deal. Negotiate, when necessary. 
 - Gather market intelligence to tap potential business opportunities","- Candidate must possess at least Bachelor's/College Degree in any field.
 - Required Skill(s): business development, information technology, business / systems analysis
 - Preferably 1-4 Yrs Experienced Employee specialized in IT/Computer - Software or equivalent.
 - Excellent in verbal and written communication
 - Must be able to work independently with minimum supervision 
 - Strong analytical, problem solving, and planning skills
 - Good communication and presentation skills",,2021-02-02T18:35:08.426199+00:00,2026-08-24T07:05:39.460881+00:00,2026-11-03T16:00:00+00:00,2026-09-10T23:28:18.835948+00:00,True,False,False,public,2026-09-11T11:19:43+00:00
171137,Web Developer | Junior to Mid,web-developer-junior-to-mid,https://www.kalibrr.com/c/squadzip-digital-space-explorer-inc/jobs/171137/web-developer-junior-to-mid,"Squadzip (Digital Space Explorer, Inc.)",squadzip-digital-space-explorer-inc,Computer Software / Engineering,https://squadzip.com,True,IT and Software,Full time,1,200,0,550,False,False,True,Makati,National Capital Region (Metro Manila),Philippines,"5th Floor Microlab Building, Makati, National Capital Region (Metro Manila), Philippines",14.55491,121.03512,True,,,,,"We are looking for individuals who can evangelize the idea that productive work can be done from anywhere! Right now businesses are spending billions on larger than necessary workspaces. The pandemic has forced businesses to consider work-from-home arrangements, but businesses are struggling to see this as a sustainable and productive way to move forward.
Squadzip is the Digital Extension of the Office, a platform that serves as a central reporting hub for all types of customer interactions, face-to-face interactions, video calls, voice calls, messaging, and more. We are looking for a few, energetic, driven individuals to help us spread this movement across the world.
Responsibilities:
 - Work on assigned projects using mainly Ruby on Rails and React
 - Occasionally assist with planning and designing product features
 - Design, build, and maintain efficient, reusable, and reliable code
 - Reverse engineer and update existing codes for better readable approach and performance improvement
 - Monitor and improve the performance of the web application
 - Querying and showing data depending on the given requirements
 - Research current and existing technologies for potential use
 - Help troubleshoot and fix problems in production","- Preferably with a Bachelor's Degree in Computer Science, Information Technology or Computer Engineering.
 - Knowledge of HTML5, CSS3, JavaScript (ES6+), and responsive web development principles.
 - Experience with modern CSS frameworks such as Tailwind CSS or SASS is an advantage.
 - knowledge of React.js and jQuery.
 - Experience working with SQL and RDBMS is required. Experience with PostgreSQL is an advantage.
 - Experience with or willingness to learn Ruby on Rails.
 - If no Ruby on Rails experience, experience working of at least one backend language/framework such as PHP, Java, Python, or .NET is acceptable.
 - Understanding of RESTful APIs, JSON, and basic API development concepts.
 - Strong understanding of Object-Oriented Programming (OOP) principles.
 - Working knowledge of the MVC (Model-View-Controller) architecture.
 - Familiarity with Linux environments and command-line operations.
 - Experience using Git for version control.
 - Strong analytical and problem-solving skills with attention to detail.
 - Good communication skills and the ability to work effectively both independently and within a team.
Bonus Skills:
 - Knowledge of Amazon Web Services (AWS).
 - Familiarity with Ruby on Rails, including ActionCable and Active Storage.
 - Knowledge of OWASP security principles and secure web application development practices.
 - Experience with Redux for state management in React applications.
 - Familiarity with caching technologies such as Redis and Memcached.",,2021-03-18T09:32:51.894775+00:00,2026-07-28T23:54:39.795076+00:00,2026-11-12T16:00:00+00:00,2026-09-10T14:32:17.223110+00:00,True,False,False,public,2026-09-11T11:17:13+00:00
173193,Inventory Controller,inventory-controller,https://www.kalibrr.com/c/triplex-enterprises-inc/jobs/173193/inventory-controller,Triplex Enterprises Incorporated,triplex-enterprises-inc,Paper / Forest Products,https://triplexpaper.com/,True,Manufacturing and Production,Full time,1,300,0,550,False,False,False,Makati,Metro Manila,Philippines,"2255 Chino Roces Ave, Makati, Metro Manila, Philippines",14.55491,121.03512,True,,,,,"An inventory controller monitors and maintains current inventory level, creates monthly inventory reports accurately, records the in and out of the items, and label inventory items that will be used. They also coordinate with the logistic team for purchase orders, stock transfers, deliveries, tagging, and processing.
Duties and Responsibilities
 - Maintain and update regularly the inventory records.
 - Update posting of all warehouse inventory items and their corresponding transaction and recording on a daily basis.
 - Maintain orderly stocking and staging of all warehouse materials.
 - Reconcile actual stock balance against the stock report and initiate required adjustment.
 - Report any stock issues to management and place product orders are necessary.
 - Troubleshoot quantity discrepancies between stock and records.
 - Track rates of accuracy, purchase, and return as well as defective items to inform quality control decisions.
 - Perform regular material warehouse audits to ensure that material is undamaged and maintained neatly throughout the warehouse.
 - Ascertain the quality and quantity of all incoming material delivery upon inspection.
 - Perform other duties and responsibilities that may be assigned by their superior.
 - Create reports in MS office and in hard copy.
 - Develop and implement efficient inventory management procedures.
 - Implement a loss prevention program.
 - Prepares a list of depleted products and surveys of unusable products.
 - Keep an orderly file of all warehouse documents.
 - Inform a report to audit personnel about the discrepancy of items.
 - Coordinate with the logistic team for purchase orders, stock transfers, deliveries, tagging, and processing.
 - Forecasting supply and demand requirements to ensure stock availability.
 - Record purchases maintains the database, perform a physical count of inventory, and reconcile actual stock count to computer-generated reports.","Qualifications
 - Bachelor’s degree in business, engineering, or equivalent.
 - Minimum of at least 3 yrs. Experience in Assistant Production Supervisor. Working with the paper industry with the same position is an advantage but not required.
 - Experience in using various types of manufacturing machinery and tools
 - Advanced skills in MS Office
 - Organizational and leadership abilities
 - Communication and interpersonal skills
 - Self-motivated with a results-driven approach
 - Ability to multi-task and can work with minimal supervision
 - Ability to stand for long periods on solid surfaces
 - Ability to work irregular or extended hours, including weekends and nights as needed.",,2021-04-23T07:37:13.276407+00:00,2026-09-08T09:46:11.610336+00:00,2026-11-06T16:00:00+00:00,2026-09-10T16:09:41.046909+00:00,True,False,False,public,2026-09-11T11:19:07+00:00
174864,Software Architect,software-architect,https://www.kalibrr.com/c/leapfroggr-inc/jobs/174864/software-architect,LeapFroggr Inc.,leapfroggr-inc,careers@leapfroggr.com,https://seriousmd.com,True,IT and Software,Full time,4,400,0,550,False,False,True,Manila,Metro Manila,Philippines,"Manila, Metro Manila, Philippines",14.60488,120.98626,True,,,,,"About Us
SeriousMD is a HealthTech startup that operates the largest practice management application in the Philippines accompanied by NowServing, a platform connecting Doctors and Patients as well as providing healthcare services to Filipinos everywhere. Together, SeriousMD & NowServing is an end-to-end healthcare platform and our sole mission is to improve healthcare through technology. Our team culture revolves around excellence, a sense of family, cooperation, and sharing.
About the Role
As a Senior Architect, you will be working as part of our Product Team in designing software solutions for our healthcare products.
 - Design software solutions to integrate systems from 3rd party vendors and various stakeholders
 - Able to effectively communicate design solutions to stakeholders the team
 - Work with a cross-functional team to deliver the best consumer experience possible
 - Lead a team of developers from backend to frontend systems
 - Responsible in leading the team in locating and directing resolutions for critical issues related to hardware and software system
 - Experienced in working with monolithic and microservices architectures
 - Experienced with working SQL Databases with MSSQL Server as a plus
 - Familiarity with NoSQL databases using MongoDB and LevelDB is a plus
 - Familiarity with Nodejs, Typescript, C#, ASP.NET and ASP.NET Core is a plus
 - Familiarity with VueJS and ReactNative is a plus","- Bachelor’s Degree in Computer Science or related field;
 - Proven experience as a Software Architect;
 - In-depth understanding of the entire development process (design, development and deployment);
 - Hands on experience with programming languages like C#, ASP.NET, NodeJS, JavaScript, VueJS, React;
 - Working knowledge of ASP.NET MVC Framework;
 - Familiarity with front-end and back-end languages (e.g. HTML, JavaScript and CSS);
 - Excellent analytical and time management skills;
 - Teamwork skills with a problem-solving attitude",,2021-05-23T14:18:20.522390+00:00,2026-01-02T03:44:49.223977+00:00,2027-01-02T03:44:17.423000+00:00,2026-09-10T09:32:59.497362+00:00,True,False,False,public,2026-09-11T11:18:00+00:00
175276,Registered Medical Technologist,registered-medical-technologist,https://www.kalibrr.com/c/leapfroggr-inc/jobs/175276/registered-medical-technologist,LeapFroggr Inc.,leapfroggr-inc,careers@leapfroggr.com,https://seriousmd.com,True,Health and Medical,Full time,5,400,0,550,False,False,False,Manila,Metro Manila,Philippines,"Pearl Dr, San Antonio, Manila, Metro Manila, Philippines",14.60488,120.98626,True,,,,,"- The position involves going to a patient's home and facilitating specimen extraction from the patient.
 - The position also involves working together in a team, being flexible in terms of scheduling and times of availability.
 - It may also involve other services.","- Graduate of B.S. Medical Technologist;
 - With updated valid PRC License;
 - With at least 1 year relevant experience;
 - Strong analytical and planning skills;
 - Good communication and presentation skills;
 - Excellent problem-solving skills;
 - Computer literate;",,2021-05-28T15:29:42.774372+00:00,2026-01-02T04:03:26.762007+00:00,2027-01-02T03:48:28.944000+00:00,2026-09-09T15:50:35.120959+00:00,True,False,False,public,2026-09-11T11:19:19+00:00
185720,Engineer Cadet | IT,engineer-cadet-it,https://www.kalibrr.com/c/questech-co-inc/jobs/185720/engineer-cadet-it,QUESTECH CO. INC,questech-co-inc,Information Technology / IT,http://www.questech.com.ph,True,IT and Software,Full time,2,200,0,550,False,False,False,Makati,Metro Manila,Philippines,"178, Yakal St, San Antonio, Makati, Metro Manila, Philippines",14.55491,121.03512,False,18000,20000,PHP,month,"- Performs hardware and software maintenance support.
 - Install and configure IT systems such as local area networks and wide area networks.
 - Assists Systems Engineer in troubleshooting hardware, software, and network issues.
 - Conducts IT inspection to clients to ensure IT systems and equipment are operational.","- Degree in Electronics Communication Engineering/ Computer Engineering/ or any IT related course
 - Candidates must have very good interpersonal skills and excellent communication (verbal & written).
 - Knowledge of database and networking security systems.
 - Familiarity with general operating systems;
 - Ability to troubleshoot hardware and software issues
 - Strong analytical and planning skills.
 - Excellent problem-solving skills.
 - Fresh graduates/Entry level applicants.
 - Technical training to be provided to the newly hired candidates.",,2021-10-12T05:21:59.393095+00:00,2026-07-09T08:11:14.419763+00:00,2026-09-29T16:00:00+00:00,2026-09-11T08:38:29.410842+00:00,True,False,False,public,2026-09-11T11:20:05+00:00
187837,Technical Recruiter,technical-recruiter,https://www.kalibrr.com/c/leapfroggr-inc/jobs/187837/technical-recruiter,LeapFroggr Inc.,leapfroggr-inc,careers@leapfroggr.com,https://seriousmd.com,True,Human Resources,Full time,2,200,0,550,True,False,True,Manila,Metro Manila,Philippines,"Manila, Metro Manila, Philippines",14.60488,120.98626,True,,,,,"Do you love connecting people with opportunities? Are you energized by fast-paced environments where no two days are the same?
We're looking for a Technical Recruiter to help us grow our product, IT, cloud, security, network, and data science teams. You'll be the bridge between talented professionals and exciting career opportunities at LeapFroggr—sourcing, screening, and guiding candidates through the hiring process.
This is a fully remote role with flexible hours, competitive pay, and real opportunities to grow into senior recruiting or HR leadership positions.
Job Responsibilities
1. Build and execute recruiting strategies to meet hiring goals
2. Screen resumes and applications to identify top candidates for technical roles
3. Source candidates through job boards, LinkedIn, networking events, and referrals
4. Conduct initial interviews to assess qualifications, culture fit, and salary expectations
5. Coordinate with hiring managers to schedule interviews and gather feedback
6. Analyze hiring metrics and report on recruitment pipeline progress
7. Guide candidates through the offer process, including negotiations and onboarding
8. Maintain accurate records in our applicant tracking system (ATS)
Why Join Us?
- 100% remote work setup
- Health insurance + paid leave from day one
- Clear career path into senior HR roles
- Work alongside a passionate team building products that matter","- Bachelor's degree in Human Resources, Psychology, IT, or a related field
 - Strong analytical and planning skills
 - Excellent interpersonal and communication skills
 - Ability to build rapport and maintain relationships with candidates and hiring managers
 - Familiarity with technical roles (e.g., developers, QA, data scientists) to effectively assess candidate qualifications
 - Comfortable working in a fast-paced, target-driven environment",,2021-11-07T15:28:30.339093+00:00,2026-01-02T04:30:01.526474+00:00,2027-01-01T16:00:00+00:00,2026-09-11T06:49:32.081561+00:00,True,False,False,public,2026-09-11T11:18:04+00:00
196619,IT Technical Presales,it-technical-presales,https://www.kalibrr.com/c/questech-co-inc/jobs/196619/it-technical-presales,QUESTECH CO. INC,questech-co-inc,Information Technology / IT,http://www.questech.com.ph,True,IT and Software,Full time,1,200,0,550,True,True,False,Makati,Metro Manila,Philippines,"Yakal St, Makati, Metro Manila, Philippines",14.55491,121.03512,False,20000,35000,PHP,month,"- The qualified candidate will have expertise in any of our Technology products; Server, Network and Security, Storage, Virtualization, and Software technologies.
 - Responsible for product positioning and providing technical input from evaluation of the technical requirements of the client and throughout the entire sales cycle.
 - Prepares technical proposals; proof of concepts of products and other technical requisition of clients.","- Candidate must possess at least Bachelor's/College Degree in Engineering (Computer/Telecommunication), Engineering (Electronic), Computer Science/Information Technology or equivalent.
 - Strong analytical and planning skills
 - Good communication and presentation skills
 - Proficient in using MS Office
 - Technical working knowledge in any of these areas: Hardware, Software Solutions, Network, Back -Up Solution etc.
 - Excellent problem-solving skills;
 - Willing to learn and be trained in any of our technology products.
 - We welcome fresh graduates.",,2022-03-02T08:05:03.505800+00:00,2026-09-17T23:27:44.850853+00:00,2026-12-24T16:00:00+00:00,2026-10-09T00:33:31.170641+00:00,True,False,False,public,2026-10-09T08:09:57+00:00
196780,Quality Specialist,quality-specialist,https://www.kalibrr.com/c/distribution-solutions-phils-inc/jobs/196780/quality-specialist,Distribution Solutions Phils Inc.,distribution-solutions-phils-inc,Pharmaceuticals,http://distriphil.com,True,Supply Chain,Full time,1,200,0,550,False,False,False,Parañaque,Metro Manila,Philippines,"Parañaque, Metro Manila, Philippines",14.47122,121.02202,True,,,,,"Quality Assurance:
 - Responsible for quarantine and approval of receipt stocks
 - Over – all QC/QA in warehouse operation
 - Responsible for Good Housekeeping Practices and Pest Control Management
 - Responsible for recording of deviations, complaints, non-conforming products including investigations and actions
 - Responsible for implementing strict compliance of standard operating procedures
 - Responsible for rounds and audit of the warehouse
 - Responsible for documentation control
 - Responsible for Validations of storages and pack-outs
 - Responsible for control of quarantine
 - Shall assist in internal audits
 - Responsible in Secondary Repackaging Activity
 - Responsible in PDEA controlled drugs storage and distribution.
Regulatory:
 - Must work with the Regulatory Manager for FDA updates and compliance
 - Responsible for conducting risk assessment and change control assessment
 - Must assist and cooperate in product recall activities
Supply Chain:
 - Support the Supply Chain Head/ Warehouse manager by directing warehouse activities and oversee all aspects of the daily deliveries and order fulfillment.
 - Monitors activities of work team to ensure that safe practices are in place and being demonstrated.
Other functions:
 - Must work with QMS Manager for validation and improvement of systems / SOPs","- College Graduate – Science Courses, Industrial Engineer, Pharmacy Assistant, Chemist, etc.
 - Good communication
 - Planning and organizing Skills
 - Computer Skills – Microsoft Word, Excel, PPT, etc.
 - Problem-solving skills
 - Works well with people
 - Customer centric",,2022-03-04T01:01:34.590097+00:00,2026-06-17T23:40:33.477342+00:00,2027-06-17T23:40:33.477342+00:00,2026-09-05T06:48:45.571656+00:00,True,False,False,public,2026-09-11T11:17:43+00:00
197299,Product Specialist,product-specialist,https://www.kalibrr.com/c/medev-medical-devices-corporation/jobs/197299/product-specialist,MEDEV Medical Devices Corporation,medev-medical-devices-corporation,Medical Equipment,http://www.medev.com.ph,True,Sales and Marketing,Full time,3,200,0,550,False,False,False,Parañaque,Metro Manila,Philippines,"39, Saudi Arabia, Don Bosco, Parañaque, Metro Manila, Philippines",14.47121,121.02198,True,,,,,"General Function
The Product Specialist will play a vital role in driving sales through product expertise, training, and active engagement with sales teams and clients. This role involves mastering every facet of the assigned product line—including features, specifications, applications, and competitive positioning—while collaborating with sales teams to promote and increase product adoption. The ideal candidate is highly proactive, deeply knowledgeable, and able to present products persuasively to enhance sales performance and market reach.
Specific Duties
Key Responsibilities:
Develop Product Mastery: Fully understand and document the features, configurations, options, pricing, and competitive positioning of assigned products. Continually assess market trends, clinical applications, and customer needs to stay informed on new developments.
Sales Enablement: Work closely with sales staff to provide the insights and tools necessary to promote assigned products effectively. Actively encourage and assist sales teams to drive product sales through ongoing support, training sessions, and persuasive presentations.
Market Analysis: Conduct thorough research on competitive products and market data, including installed base statistics, to position products optimally in the market and support sales strategies.
Presentation Skills: Prepare and deliver convincing product presentations tailored to management, colleagues, sales teams, and customers, fostering interest and engagement with the product.
Marketing Support: Assist during company marketing initiatives, such as trade exhibits, field promotions, and other activities, to showcase the product’s value and drive customer interest.
Cross-functional Collaboration: Provide service marketing and administrative support, ensuring cohesive alignment across departments to boost overall product success.
Training and Development: Attend all relevant training and seminars, both locally and internationally, to ensure product knowledge remains current and competitive.
Leadership in Product Marketing: Take charge of marketing activities directly related to the assigned product, coordinating with other teams to amplify product reach.
Additional Duties: Perform other sales, marketing, and administrative support functions as needed to drive product growth.","Job Requirements:
 - Able to grasp highly technical information and able to communicate the same in simple terms
 - Graduate of Marketing, Electronics / Computer Engineering, or any medical-related course such as Nursing or Medical Technology, or any business course from a reputable university
 - Has proven communication skills with good command of English language; with high energy, positive outlook and professional bearing; with unquestionable character and natural understanding of professional business ethics",,2022-03-10T00:14:11.560134+00:00,2026-01-02T01:32:55.613215+00:00,2026-12-30T16:00:00+00:00,2026-09-09T02:19:10.493729+00:00,True,False,False,public,2026-09-11T11:19:55+00:00
219304,Senior Android Developer,senior-android-developer,https://www.kalibrr.com/c/leapfroggr-inc/jobs/219304/senior-android-developer,LeapFroggr Inc.,leapfroggr-inc,careers@leapfroggr.com,https://seriousmd.com,True,IT and Software,Full time,5,400,0,550,False,False,True,Manila,Metro Manila,Philippines,"Manila, Metro Manila, Philippines",14.60488,120.98626,True,,,,,"The position is responsible for developing B2B and B2C Android Apps.
The person is responsible for developing native Android applications that runs on both Android mobile phones and tablets. The person should be able to translate the company’s needs into functional and appealing interactive applications.
Responsibilities
 - Create, maintain and improve existing Android Applications
 - Design and implement interactive Android Applications
 - Collaborate with back-end developers and UI/UX designers to improve usability
 - Build solutions for users and customers
 - Stay up-to-date on emerging technologies","- Bachelor’s Degree in Computer Science or related field
 - Min of 1 yrs mobile development experience required
 - Proven work experience as an Android mobile developer
 - Experience with Native Android Development
 - Experience with Reactive Frameworks is a Plus
 - Excellent analytical and multitasking skills",,2023-02-06T01:01:59.441599+00:00,2026-01-02T03:51:43.034821+00:00,2027-01-02T03:46:20.852000+00:00,2026-09-10T03:48:24.593386+00:00,True,False,False,public,2026-09-11T11:17:50+00:00
230248,Solution Architect,solution-architect,https://www.kalibrr.com/c/multisys-technologies-corporation/jobs/230248/solution-architect,Multisys Technologies Corporation,multisys-technologies-corporation,Information Technology / IT,https://www.multisyscorp.com/,True,IT and Software,Full time,1,300,0,550,False,False,False,Parañaque,Metro Manila,Philippines,"#14, Mt. of Olives St, Moonwalk, Parañaque, Metro Manila, Philippines",14.47122,121.02202,False,,80000,,,"Job Summary:
 - The Solution Architect is responsible for designing end-to-end solution architectures that meet technical and business requirements.
 - He/She defines the technology strategy, selects appropriate technologies, and integrates them into comprehensive solutions.
 - He/She also focuses on aligning technology decisions with business goals, ensuring scalability, security, maintainability, and integration of the solution into the existing technology ecosystem.
 - Additionally, he/she provides technical leadership, mentors development teams, and serves as a liaison between stakeholders and the development team.","Qualifications:
 - Bachelor's or Master's degree in Computer Science, Software Engineering, or related field.
 - Minimum of 7 years of software development experience with a focus on architecture design.
 - Proven experience in designing end-to-end solution architectures for large-scale systems.
 - Strong knowledge of clean code architecture principles, especially as outlined in Robert Martin's ""Clean Architecture"" book.
 - Experience with multiple programming languages and platforms, including Java, .NET, and cloud technologies (AWS, Azure, GCP).
 - Knowledge of software development best practices, including code review, unit testing, and continuous integration.
 - Strong problem-solving and analytical skills, with a creative and innovative mindset.
 - Excellent communication and interpersonal skills, with the ability to collaborate effectively with stakeholders.
 - Familiarity with agile development methodologies, such as Scrum or Kanban.
 - Understanding of system scalability, security, and maintainability requirements.
 - Proficiency in software development tools, such as Git, Jira, and Jenkins.",,2023-08-24T01:01:36.867875+00:00,2026-01-16T01:53:25.561299+00:00,2027-01-16T01:53:25.561299+00:00,2026-09-08T06:17:42.740624+00:00,True,False,False,public,2026-09-11T11:18:46+00:00
232881,Financial & Wealth Planner,financial-wealth-planner,https://www.kalibrr.com/c/skyeline-summit-lia/jobs/232881/financial-wealth-planner,Skyeline Summit LIA - a General Agency under Pru Life UK,skyeline-summit-lia,Insurance,https://www.facebook.com/SkyeSLIA/,True,Sales and Marketing,Part time,10,200,0,550,True,True,False,Makati,Metro Manila,Philippines,"2/F, H. V. Dela Costa, Bel-Air, Makati, Metro Manila, Philippines",14.55491,121.03512,True,,,,,"Looking for a career that pays weekly, lets you work anywhere, and actually grows YOU—not just your resume?
This is not your typical 9–5 job. This is a purpose-driven, flexible, and entrepreneurial career where you help families secure their future while building your own.
As a Financial & Wealth Planner, you’ll guide clients in making smart protection and financial decisions through insurance and investment solutions—while enjoying flexibility, incentives, and fast-track career growth.
No experience? No problem.
We train, mentor, and support you every step of the way.
💼 What You’ll Do
 - Educate clients on insurance and financial protection solutions
 - Build strong relationships through trust and rapport
 - Analyze client needs and recommend suitable plans
 - Present solutions confidently (online or face-to-face)
 - Manage your own schedule and client pipeline
 - Work independently while collaborating with a supportive team
 - Continuously learn and grow through training and mentoring","- Graduate of any 4-year course
 - Resident of Metro Manila and nearby provinces
 - Ability to work independently and as part of a team
 - Self-motivated with a strong work ethic
 - No experience required but have eagerness to learn
 - Willing to attend onsite meetings in Makati (two Saturdays a month)
 - Strong communication and presentation skills
 - Computer literate (Microsoft Office proficiency)",,2023-10-13T03:18:30.636619+00:00,2026-08-01T06:03:32.007649+00:00,2026-09-30T16:00:00+00:00,2026-09-11T07:27:24.162054+00:00,True,False,False,public,2026-09-11T11:20:01+00:00
238867,Database Administrator,database-administrator,https://www.kalibrr.com/c/stradcom-corporation-1/jobs/238867/database-administrator,Stradcom Corporation,stradcom-corporation-1,Information Technology / IT,https://www.linkedin.com/company/stradcomph/mycompany/,True,IT and Software,Full time,1,300,0,550,False,True,False,Quezon City,Metro Manila,Philippines,"East Ave, Pinyahan, Quezon City, Metro Manila, Philippines",14.67297,121.04949,True,,,,,"- Provide technical support to Customer Care Specialists/Customer Care Associates and Field Service Engineers on back-up and recovery for databases and replication servers;
 - Perform back-up and recovery for databases and replication servers;
 - Design and load schedules and automated processes for servers;
 - Meet service commitments and assigned deliverables based on service level agreement;
 - Participate in production verification activities and developing user interface strategy;
 - Monitor and analyze system performance and capacity and report to Database Administration Manager for review;
 - Implement, maintain and test database on production and development platforms including replication services;
 - Create, maintain and execute work plans;
 - Identify and track issues, risks and action items, provide status to affected stakeholders and facilitates its resolutions;
 - Implement migration of new builds;
 - Configure database server and other related software;
 - Install or upgrade new releases of vendor database software;
 - Develop and implement database standards including automation of common routines; and,
 - Migrate databases across various hardware platforms.","- Bachelor’s Degree in Computer Science, Management Information Systems, Information Technology or any IT-related course
 - Must have at least 4 years of IT experience with at least 2 years of DBA experience
 - Knowledgeable in MS SQL, Sybase, Oracle
 - Experience in Azure 
 - Knowledge in T-SQL or PL/SQL
 - With background in basic and advanced programming such as .Net, python, java, javascript, C or C++, SQL or any similar programming language
 - With background in any Server Application such as web servers, API, IIS or any similar server applications",,2024-02-29T02:14:54.809067+00:00,2026-08-26T08:33:56.369179+00:00,2026-10-20T16:00:00+00:00,2026-09-10T03:32:00.238634+00:00,True,False,False,public,2026-09-11T11:15:10+00:00
240698,Web Developer,web-developer,https://www.kalibrr.com/c/seo-marketing-services-inc/jobs/240698/web-developer,SEO Hacker,seo-marketing-services-inc,Marketing / Advertising / Sales,http://seo-hacker.com,True,IT and Software,Full time,1,200,0,550,False,False,False,Las Piñas,Metro Manila,Philippines,"2nd Floor, 3F, C&C Building, Aguirre Ave., BF, Paranaque, 1720 Metro Manila, Las Piñas, Metro Manila, Philippines",14.44061,120.99994,False,18000,23000,PHP,month,"- Develop custom WordPress themes from scratch, adhering to best practices and design standards.
 - Utilize Custom Post Types and Advanced Custom Fields (ACF) plugins to enhance the functionality and flexibility of WordPress websites.
 - Customize WooCommerce templates to meet specific project requirements.
 - Collaborate with designers and other team members to ensure seamless integration of design and functionality.
 - Troubleshoot and resolve technical issues related to WordPress development.
 - Stay updated on the latest trends and technologies in WordPress development and implement them effectively.
 - Maintain existing WordPress websites ensuring all functions are working and security measures are up to date.
 - Writing well designed, testable, efficient code by using best software development practices.
 - Experience in Shopify and other web platforms is a plus.","- Proficiency in PHP, HTML, JavaScript/jQuery,CSS and Bootstrap etc.
 - Solid understanding of WordPress core functionality and architecture.
 - Experience in developing custom WordPress themes and plugins.
 - Familiarity with Custom Post Types and Advanced Custom Fields (ACF) plugins.
 - Knowledge of WooCommerce and ability to customize templates as needed.
 - Ability to work independently and as part of a team in a fast-paced environment.
 - Writing well designed, testable, efficient code by using best software development practices.
 - Creating website layout/user interfaces by using standard HTML/CSS practices
 - Integrating data from various back-end services and databases
 - Proven working experience in web programming
 - Top-notch programming skills and in-depth knowledge of modern HTML/CSS
 - A solid understanding of how web applications work including security, session management, and best development practices
 - Adequate knowledge of relational database systems, Object Oriented Programming and web application development
 - Hands-on experience with network diagnostics, network analytics tools
 - Basic knowledge of Search Engine Optimization process
 - Aggressive problem diagnosis and creative problem solving skills
 - Strong organizational skills to juggle multiple tasks within the constraints of timelines and budgets with business acumen
 - Ability to work and thrive in a fast-paced environment, learn rapidly and master diverse web technologies and techniques.
 - Strong analytical and planning skills;
 - Good presentation skills;
 - Excellent communication skills and ability to collaborate effectively with cross-functional teams.
 - Excellent problem-solving skills and attention to details.
 - BS in computer science or a related field",,2024-04-12T04:15:49.933930+00:00,2026-09-28T01:56:36.660562+00:00,2026-11-29T16:00:00+00:00,2026-10-08T14:23:15.947988+00:00,True,False,False,public,2026-10-09T08:11:03+00:00
242404,Licensed Librarian Contract of Service,licensed-librarian-contract-of-service,https://www.kalibrr.com/c/quezon-city-local-government/jobs/242404/licensed-librarian-contract-of-service,Quezon City Local Government,quezon-city-local-government,Government Administration,https://quezoncity.gov.ph/,True,Public Service and NGOs,Full time,1,200,0,550,False,False,False,Quezon City,Metro Manila,Philippines,"Elliptical Road , Quezon City, Metro Manila, Philippines",14.67297,121.04949,True,,,,,"- Assists the section head in conceptualizing programs and activities of the section.
 - Provides assistance to clients in the reading area.
 - Maintains files and other records of the Section.
 - Assists clients in the use of OPAC.
 - Does other related works assigned by the immediate supervisor.","- Licensed Librarian (RA 1080)
 - Education: Bachelor's Degree in Library Science or Information Science / Bachelor of Science in Education / Arts Major in Library Science
 - Assists in the general operation of the Library.
 - In charge of library materials and assisting the readers in their research needs.",,2024-05-21T01:42:38.688970+00:00,2026-10-08T07:18:29.170865+00:00,2026-10-29T16:00:00+00:00,2026-10-08T07:18:29.145448+00:00,True,False,False,public,2026-10-09T08:11:11+00:00
242741,QA Intern,qa-intern-2,https://www.kalibrr.com/c/awsys-i/jobs/242741/qa-intern-2,"Advanced World Systems, Inc. / Advanced World Solutions, Inc. (AWS)",awsys-i,Information Technology / IT,http://www.awsys-i.com,True,IT and Software,Full time,4,100,0,200,False,False,False,Muntinlupa,Metro Manila,Philippines,"Muntinlupa, Metro Manila, Philippines",14.41172,121.04118,True,,,,,"- Assist Test Engineers on test procedure execution and RCA/defect investigation.
 - Assist Test Engineers on test machine preparation for testing (machine key parts configuration, preload image recovery
 - Assist IT Staff in inventory of new systems for acceptance testing.
 - Assist IT Staff in the inventory of old systems for return and/or disposal.
 - Assist programmers in Tools Development and Data Analytics projects","- Currently a student of any 4 or 5-year IT-related courses (Computer Engineering, Computer Science/Information Technology or equivalent).
 - Familiar with different operating systems (Windows 10, 11, Linux)
 - Knowledgeable with laptop’s or notebook’s basic operations.
 - Knowledge in either C#/C++ or Python programming languages.
 - Fast Learner & and eager to learn new technologies given minimal amount of time.
 - Must have good English oral and written communication skills.
 - Must be highly motivated, team player, time-conscious, and hardworking.
 - Willing to report onsite (Alabang, Muntinlupa)",,2024-05-28T01:27:24.099803+00:00,2026-08-11T02:24:12.643110+00:00,2027-08-11T02:24:12.643110+00:00,2026-09-09T11:12:27.777727+00:00,True,False,False,public,2026-09-11T11:14:52+00:00
244528,Senior UX Designer,senior-ux-designer,https://www.kalibrr.com/c/leapfroggr-inc/jobs/244528/senior-ux-designer,LeapFroggr Inc.,leapfroggr-inc,careers@leapfroggr.com,https://seriousmd.com,True,Health and Medical,Full time,1,400,0,550,False,False,True,Manila,Metro Manila,Philippines,"439, Escolta Street , Manila, Metro Manila, Philippines",14.60488,120.98626,True,,,,,"We are seeking a highly skilled and experienced Senior UX Designer to join our dynamic product team. In this role, you will be instrumental in prototyping, shipping, and iterating the designs for our products. As we expand our product lines, your expertise in designing for web, iOS, and Android platforms will be crucial. You will also collaborate closely with developers, marking up web designs and slicing assets to ensure seamless integration.
While we value your confidence in your skills, we also expect a continuous learning attitude. You should be open to constructive criticism and committed to ongoing improvement in your UX/UI design practices.
Key Responsibilities:
 - Prototype, ship, and iterate design solutions for web, iOS, and Android platforms.
 - Mark up web designs and slice assets for developers.
 - Collaborate with cross-functional teams, including product managers and developers, to ensure design feasibility and excellence.
 - Conduct user research and apply findings to inform and validate design decisions.
 - Create wireframes, sitemaps, and prototypes to effectively communicate design ideas.
 - Stay updated with industry trends and best practices to continually enhance our design processes.
 - Present design concepts and solutions to stakeholders and incorporate feedback.
 - Knowledge of AI-assisted design workflows and practical experience using tools such as ChatGPT, Claude, or similar generative AI platforms to enhance UX research, content creation, design exploration, and productivity is a plus.","Minimum Qualifications and Experience:
 - A link to your portfolio showcasing your UI/UX web/mobile/graphic app design work.
 - Strong knowledge of layouts, graphic fundamentals, brand development, typography, web limitations, and industry best practices.
 - Excellent visual design skills with a deep understanding of User Experience principles.
 - Proficiency in HTML5, CSS frameworks, and JavaScript frameworks.
 - Extensive experience in creating wireframes, sitemaps, and prototypes.
 - Comfortable with prototyping tools and methodologies, and adept at incorporating user feedback into design iterations.
 - Strong analytical and problem-solving skills.
 - Excellent communication and presentation skills.
 - Ability to work collaboratively in a team environment and manage multiple projects simultaneously.
 - A Bachelor's or Master's degree in Design, Human-Computer Interaction, or a related field is preferred.
 - At least 4 years of experience in UX design, with a proven track record of delivering outstanding digital products.
Preferred Qualifications:
 - Experience in healthcare technology or a related field.
 - Leadership experience, with the ability to mentor junior designers and foster a collaborative design culture.",,2024-07-05T09:45:58.767890+00:00,2026-06-05T06:56:14.799594+00:00,2027-02-28T16:00:00+00:00,2026-09-11T09:18:00.718446+00:00,True,False,False,public,2026-09-11T11:21:21+00:00
246898,Patient Care Coordinator | Makati,patient-care-coordinator-makati-5,https://www.kalibrr.com/c/medgrocer/jobs/246898/patient-care-coordinator-makati-5,MedGrocer,medgrocer,Hospital / Health Care,http://www.medgrocer.com,True,Health and Medical,Full time,1,200,0,550,True,False,False,Makati,Metro Manila,Philippines,"24F, Poblacion, Makati, Metro Manila, Philippines",14.55491,121.03512,True,18000,26000,PHP,month,"MedGrocer's digitally-enabled medicine programs, telehealth services, and corporate clinic medical staff work with hundreds of employers and pharma companies to improve the physical and mental health of over one million Filipinos every year.
The Patient Care Coordinator assists patients to help them understand their health benefits and manage their medical needs. They communicate directly with patients through various channels and coordinate with different teams in ensuring the best patient experience.
Key Responsibilities:
 - Make outbound calls to patients to follow up on their medical needs, explain health benefits, and answer any related inquiries.
 - Resolve patient concerns in a timely manner and respond promptly to patient inquiries via email, SMS, and call.
 - Coordinate with various teams and relevant stakeholders to accommodate patient requests.
 - Input all patient data and maintain accurate patient records.
Perks and Benefits
 - Performance Incentives & Career Progression: Recognition through clear pathways for advancement, promotion opportunities, and performance-based bonuses.
 - Growth & Impact: A clear path for professional development and the opportunity to make a tangible impact on patient health.
 - Cross-Functional Learning: Opportunities to collaborate across different teams, expanding your skill set and broadening your understanding of the business.
 - Health & Wellness Coverage: HMO benefits to ensure your peace of mind, paired with free medical consultations and unlimited essential medicines.
 - Paid Time Off: Paid leaves to rest, recharge, and attend to personal priorities.
Application Process
Our application process typically takes one to three weeks, depending on your availability and progress:
Step 1: Submit your application form and complete the online assessment within seven days. Afterwards, results are shared in one to three business days.
Step 2: Qualified candidates attend a full-day onsite evaluation. Progression depends on performance at each stage. HR will notify you if your evaluation concludes early. Please arrive at the venue between 8:00 AM and 9:00 AM. The detailed schedule is as follows:
Initial Assessment
 - 8:00 AM - 10:00 AM: Onsite Assessment
Supplementary Assessment (as needed)
 - 10:00 AM – 12:00 PM: HR Panel Interview
 - 12:00 PM – 1:00 PM: Lunch Break
 - 1:00 PM – 4:00 PM: One-on-One Interviews
 - 4:00 PM – 5:30 PM: CEO Forum
Step 3: Final review and background checks occur within three business days. Additional interviews may be requested.
Step 4: Receive final results within five to seven business days.","- Knowledge in Google Workspace (Google Sheets, Google Docs, etc.) and relevant computer applications.
 - Preferably has 1-2 years experience in customer service or related positions.
 - Open to shifting schedules and night shift schedule.
 - Open to fresh graduates and experienced professionals.
 - Must work onsite in Makati.",,2024-08-30T08:27:23.352176+00:00,2026-10-07T06:15:57.120386+00:00,2026-11-02T16:00:00+00:00,2026-10-07T14:34:22.278961+00:00,True,False,False,public,2026-10-09T08:11:33+00:00
252831,Junior Product Manager,junior-product-manager,https://www.kalibrr.com/c/m2-0-communications-inc/jobs/252831/junior-product-manager,M2.0 Communications Inc.,m2-0-communications-inc,Public Relations / PR,https://m2comms.com/,True,IT and Software,Full time,1,200,0,550,False,True,False,Quezon City,Metro Manila,Philippines,"Don A. Roces Ave, Quezon City, Metro Manila, Philippines",14.67297,121.04948,True,,,,,"Junior Product Manager
At Talisik Labs, we build cutting-edge generative AI tools. Over the past year, we’ve launched innovative apps like the Unified Salina App, featuring chat-with-video, chat-with-PDF, and AI assistants with memory. You’ll help develop and refine web apps like V4 - Media Meter, which includes Media Watch, Shared View, and Ad Watch, offering global media monitoring and analytics solutions.
We also see AI’s potential in sectors like legal services. Imagine tools like LexiBean AI, simplifying legal info, offering interactive chats, and analyzing documents to make legal knowledge more accessible.
As we grow globally, we’re looking for a passionate IT expert who loves solving problems and thrives in teamwork. You’ll work on existing projects and explore new opportunities in AI-driven fields.
Overview
A Junior Product Manager at Salina will support the product team in developing our AI transcription and translation platform. This foundational role involves collaborating with engineering teams to improve our product based on customer needs and business goals, helping shape the future of our technology that converts spoken content into polished text across multiple languages.
Key responsibilities
Research & Planning
a. Help research what our users need and what our competitors are doing
b. Assist in planning which features to build next
c. Take notes during meetings and organize feedback from users
d. Track project progress and help keep things on schedule
e. Participate in product planning meetings and contribute ideas
Communication
a. Write clear descriptions of features and how they should work
b. Create simple documentation that explains our products
c. Help different teams understand each other's needs and concerns
d. Prepare basic presentations about our products
Team Collaboration
a. Work with designers, developers, and business teams
b. Help coordinate between different groups
c. Attend and contribute to team meetings","Qualifications
 - Bachelor's degree in any field (English, Business, Communications, Computer Science, etc.)
 - 1-2 years of experience in product management
 - Strong analytical and problem-solving skills
 - Excellent communication and presentation abilities
 - Attention to detail and ability to manage multiple priorities",,2025-02-28T03:09:30.641974+00:00,2026-08-25T03:07:00.423725+00:00,2026-12-14T16:00:00+00:00,2026-09-11T03:08:18.623944+00:00,True,False,False,public,2026-09-11T11:14:05+00:00
252940,Junior DevOps Engineer (AWS),junior-devops-engineer-aws,https://www.kalibrr.com/c/squadzip-digital-space-explorer-inc/jobs/252940/junior-devops-engineer-aws,"Squadzip (Digital Space Explorer, Inc.)",squadzip-digital-space-explorer-inc,Computer Software / Engineering,https://squadzip.com,True,IT and Software,Full time,1,200,0,550,False,False,True,Makati,Metro Manila,Philippines,"5F, 1157, Rodriguez Ave, Bangkal, Makati, Metro Manila, Philippines",14.55491,121.03508,False,,,,,"ABOUT US
We are looking for individuals who can evangelize the idea that productive work can be done from anywhere! Right now businesses are spending billions on larger than necessary workspaces. The pandemic has forced businesses to consider work-from-home arrangements, but businesses are struggling to see this as a sustainable and productive way to move forward.
Squadzip is the Digital Extension of the Office, a platform that serves as a central reporting hub for all types of customer interactions, face-to-face interactions, video calls, voice calls, messaging, and more. We are looking for a few, energetic, driven individuals to help us spread this movement across the world.
We're building a reliable, secure, and scalable DevOps infrastructure to support our growing applications. Our team focuses on automation, cloud efficiency, and security best practices while ensuring smooth deployments and system reliability. We run on AWS, Docker, and CI/CD automation, and we're continuously improving our cloud infrastructure, security, and database performance.
THE ROLE
This is an AWS infrastructure and operations focused DevOps role. The position focuses on AWS cloud infrastructure, system reliability, monitoring, and security operations. While some scripting and automation is required, this is NOT a software development role. If you love optimizing cloud environments, automating workflows, and implementing security best practices, we’d love to have you onboard!
Responsibilities:
AWS Infrastructure & Security
- Follow AWS Well-Architected - learn, measure, and build using architectural best practices.
- Design, deploy, and maintain AWS cloud infrastructure (Fargate, ECS, ECR, EC2, S3, IAM, VPC, CloudWatch and others).
- Implement IAM best practices, access control, and security logging.
- Monitor system logs, security alerts, and cloud compliance tools to maintain a secure environment.
- Research current and existing technologies for potential use.
- Help troubleshoot and fix problems in production.
- Strong interest in Linux system administration, cloud infrastructure operations, and production system reliability.
Containerization & CI/CD
- Manage Docker containers and optimize AWS Fargate workloads.
- Build and maintain CI/CD pipelines using AWS CodePipeline, CodeBuild, and CodeCommit.
- Conduct security scanning (e.g., Trivy, AWS Inspector) on container images.
PostgreSQL & Database Operations
- Deploy and maintain automated backups.
- Configure connection pooling and security.
- Implement PostgreSQL read replicas for scaling.
- Monitor database performance and ensure secure database configurations.
Security & Monitoring 
- Maintain AWS Security best practices, including encryption, logging, and monitoring.
- Implement network security controls (VPC, security groups, firewall rules).
- Automate security checks and proactively identify vulnerabilities in cloud workloads.
Nice-to-Have Skills (Big Plus, but Not Required):
- Familiarity with Ruby on Rails, PostgreSQL, Redis, and Memcached.
- Experience with AWS WAF, GuardDuty, or security auditing tools.
- Infrastructure as Code (IaC) experience with CloudFormation.
- Knowledge of Redis & Memcached performance tuning.
- Scripting experience in Bash, Python, or Ruby.
- New Relic
- Gitlab
- Fastlane
- Familiarity with CI/CD for mobile (Android and iOS)
- Familiarity with Automated Testing
Why Join Us? 
- Work with a cloud-first DevOps team focused on security & automation.
- Solve AWS scaling and deployment challenges.
- Opportunities to grow in DevOps, security, and cloud architecture.","- Preferably with a Bachelor's Degree in Computer Science, Information Technology or Computer Engineering.
- At least 1 year of experience in AWS DevOps, Infrastructure Security, and Automation.
- Hands-on experience with Docker and AWS.
- Experience with AWS IAM policies, security logging, and monitoring tools.
- Strong experience in CI/CD pipeline automation (AWS CodePipeline or similar).
- Comfortable with Linux and Linux CLI.
- Experience with Linux system administration & cloud networking.",,2025-03-04T05:57:19.610478+00:00,2026-09-11T02:29:09.385452+00:00,2026-11-12T16:00:00+00:00,2026-09-11T08:40:55.779415+00:00,True,False,False,public,2026-09-11T11:14:07+00:00
253466,Graphic Designer,graphic-designer-5,https://www.kalibrr.com/c/sg-interactive-inc/jobs/253466/graphic-designer-5,"SG APAC, Inc.",sg-interactive-inc,Graphic Design / Web Design,https://www.slidegenius.ph/careers/,True,Media and Creatives,Full time,30,200,0,550,True,False,False,Makati,Metro Manila,Philippines,"Unit 11-A Valero Tower, 8757, Paseo de Roxas, Bel-Air, Makati, Metro Manila, Philippines",14.55491,121.03508,True,25000,30000,PHP,month,"We seek creative, detail-oriented Graphic Designers and Senior Graphic Designers to join our expanding team. This role offers the opportunity to work on a wide range of client-facing and internal design projects, including high-impact slide deck presentations, brand collateral, and digital experiences.
Depending on your experience, you will play a key role in shaping the visual output of SlideGenius and contributing to the success of global brands.
About SlideGenius
SlideGenius is the leading global Presentation Design Agency, trusted by over 5,000 clients worldwide, including industry giants such as Adidas, Autodesk, Illumina, J.P. Morgan, Meta, MetLife, and Pepsi. With headquarters in San Diego, California, and offices in London, Makati, and Bacolod, we operate around the clock, delivering exceptional presentation design solutions across industries.
Our Makati office works directly with our global teams, contributing to exciting and high-profile projects every day. We operate 24/7, offering flexible shift options for dynamic and motivated professionals.
At SlideGenius, we don’t just create presentations—we tell powerful visual stories that drive results for some of the world’s most recognized brands. If you’re passionate about graphic design, thrive in a fast-paced creative environment, and want to work on meaningful, high-impact projects, we want to hear from you.
Related Job Titles:
Visual Designer | Digital Designer | Creative Designer | Brand Designer | Layout Artist | Marketing Designer | Multimedia Designer","Key Responsibilities
Client-Facing Design Projects
 - Design visually compelling slide deck presentations, multimedia assets, and marketing materials.
 - Select appropriate formats, typography, imagery, and illustrations to effectively communicate client messages.
 - Collaborate with creative and project management teams to conceptualize and execute design solutions that meet client objectives and timelines.
Internal Branding and Marketing Initiatives
 - Develop SlideGenius internal marketing & brand collateral, including infographics, interactive brochures, videos, and web assets.
 - Work closely with Art Directors and internal teams to conceptualize and execute designs that align with our brand vision.
 - Create and maintain interactive design assets using Figma, including website mockups and internal platform designs.
 - Establish and uphold SlideGenius’ visual identity across all internal and external channels, contributing to the development of a comprehensive marketing collateral and brand assets.
Qualifications & Requirements
 - Strong command of core design principles—typography, layout, color theory, and composition.
 - Proficiency in Adobe Creative Suite (Illustrator, Photoshop, InDesign).
 - Figma experience (required for Senior Designers; plus for Designers).
 - UI/UX design knowledge (required for Senior Designers; plus for Designers).
 - Illustration skills (preferred for Senior Designers; a plus for Designers).
 - Ability to produce a broad range of materials—slide deck presentations, print, and digital assets.
Professional Skills
 - Excellent verbal and written communication abilities.
 - Strong time management and organizational skills—able to handle multiple projects and deadlines.
 - Positive and collaborative attitude, with the ability to work independently and as part of a team.
 - Adaptability in learning new tools and evolving design trends.
 - Proficiency in Microsoft PowerPoint is a plus. If not, we'll teach you!
Education & Experience
 - Bachelor’s degree in Graphic Design or related field (or equivalent professional experience).
 - Graphic Designer: 1–3 years of relevant design experience preferred.
Additional Information
 - Location: Makati office, collaborating closely with global teams in San Diego, London, and Bacolod.
 - Work Setup: Onsite, with multiple shift options to support 24/7 operations.
 - Physical Requirements: Ability to work at a desk and computer for prolonged periods. Comfortable with phone/video communication.",,2025-03-24T07:24:30.100618+00:00,2026-08-13T00:53:45.561376+00:00,2026-12-19T16:00:00+00:00,2026-09-11T06:03:12.264103+00:00,True,False,False,public,2026-09-11T11:22:44+00:00
253471,Graphic Design Specialist,graphic-design-specialist,https://www.kalibrr.com/c/sg-interactive-inc/jobs/253471/graphic-design-specialist,"SG APAC, Inc.",sg-interactive-inc,Graphic Design / Web Design,https://www.slidegenius.ph/careers/,True,Media and Creatives,Full time,10,200,0,550,True,False,False,Bacolod,Negros Occidental,Philippines,"8757, Paseo de Roxas, Bel-Air, Bacolod, Negros Occidental, Philippines",10.63118,122.97509,True,20000,27000,PHP,month,"We are looking for imaginative, detail-obsessed Graphic Designers and Senior Graphic Designers who are passionate about design that informs, influences, and inspires. At SlideGenius, your canvas isn’t limited to the confines of a page—it’s global. From Fortune 500 boardrooms to international product launches, your work will tell compelling stories that help industry leaders move audiences and drive results.
In this role, you won’t just design—you’ll strategize, shape narratives, and bring brands to life through bold visual thinking. You’ll collaborate with world-class creatives, marketers, and project managers to deliver cutting-edge presentations, digital assets, and brand experiences. Whether it’s a high-stakes investor pitch or an internal communications campaign, your design will make the difference between being seen—and being remembered.
If you’re driven by curiosity, thrive under pressure, and believe good design is good business, SlideGenius is where your creative journey evolves into a global impact.
About SlideGenius
SlideGenius is the leading global Presentation Design Agency, trusted by over 5,000 clients worldwide, including industry giants such as Adidas, Autodesk, Illumina, J.P. Morgan, Meta, MetLife, and Pepsi. With headquarters in San Diego, California, and offices in London, Makati, and Bacolod, we operate around the clock, delivering exceptional presentation design solutions across industries.
Our Bacolod City office works directly with our global teams, contributing to exciting and high-profile projects every day. We operate 24/7, offering flexible shift options for dynamic and motivated professionals.
At SlideGenius, we don’t just create presentations—we tell powerful visual stories that drive results for some of the world’s most recognized brands. If you’re passionate about graphic design, thrive in a fast-paced creative environment, and want to work on meaningful, high-impact projects, we want to hear from you.
Related Job Titles:
Visual Designer | Digital Designer | Creative Designer | Brand Designer | Layout Artist | Marketing Designer | Multimedia Designer","Key Responsibilities
Client-Facing Design Projects
 - Design visually compelling slide deck presentations, multimedia assets, and marketing materials.
 - Select appropriate formats, typography, imagery, and illustrations to effectively communicate client messages.
 - Collaborate with creative and project management teams to conceptualize and execute design solutions that meet client objectives and timelines.
Internal Branding and Marketing Initiatives
 - Develop SlideGenius internal marketing & brand collateral, including infographics, interactive brochures, videos, and web assets.
 - Work closely with Art Directors and internal teams to conceptualize and execute designs that align with our brand vision.
 - Create and maintain interactive design assets using Figma, including website mockups and internal platform designs.
 - Establish and uphold SlideGenius’ visual identity across all internal and external channels, contributing to the development of a comprehensive marketing collateral and brand assets.
Qualifications & Requirements
 - Strong command of core design principles—typography, layout, color theory, and composition.
 - Proficiency in Adobe Creative Suite (Illustrator, Photoshop, InDesign).
 - Figma experience (required for Senior Designers; plus for Designers).
 - UI/UX design knowledge (required for Senior Designers; plus for Designers).
 - Illustration skills (preferred for Senior Designers; a plus for Designers).
 - Ability to produce a broad range of materials—slide deck presentations, print, and digital assets.
Professional Skills
 - Excellent verbal and written communication abilities.
 - Strong time management and organizational skills—able to handle multiple projects and deadlines.
 - Positive and collaborative attitude, with the ability to work independently and as part of a team.
 - Adaptability in learning new tools and evolving design trends.
 - Proficiency in Microsoft PowerPoint is a plus. If not, we'll teach you!
Education & Experience
 - Bachelor’s degree in Graphic Design or related field (or equivalent professional experience).
 - Graphic Designer: 1–3 years of relevant design experience preferred.
Additional Information
 - Location: Bacolod City office, collaborating closely with global teams in San Diego, London, and Makati.
 - Work Setup: Onsite, with multiple shift options to support 24/7 operations.
 - Physical Requirements: Ability to work at a desk and computer for prolonged periods. Comfortable with phone/video communication.",,2025-03-24T07:51:10.575164+00:00,2026-01-06T00:48:52.585138+00:00,2026-12-19T16:00:00+00:00,2026-09-11T02:50:54.636864+00:00,True,False,False,public,2026-09-11T11:22:28+00:00
253597,Sr. Graphic Design Specialist,sr-graphic-design-specialist,https://www.kalibrr.com/c/sg-interactive-inc/jobs/253597/sr-graphic-design-specialist,"SG APAC, Inc.",sg-interactive-inc,Graphic Design / Web Design,https://www.slidegenius.ph/careers/,True,Media and Creatives,Full time,10,400,0,550,False,False,False,Bacolod,Negros Occidental,Philippines,"8757, Paseo de Roxas, Bel-Air, Bacolod, Negros Occidental, Philippines",10.63118,122.97509,True,25000,30000,PHP,month,"SlideGenius is actively seeking innovative, detail-driven Graphic Designers and Senior Graphic Designers to join our dynamic and rapidly growing creative team. This is a unique opportunity to be part of a global design agency specializing in compelling visual storytelling for top-tier brands and Fortune 500 companies.
In this role, you will contribute to a diverse portfolio of high-visibility projects—including client-facing presentations, internal marketing assets, brand collateral, and a broad spectrum of digital design deliverables. Our design team is instrumental in helping clients convey complex ideas with clarity, elegance, and strategic impact, and we are looking for visual thinkers who are passionate about transforming content into engaging experiences.
Whether you are an emerging designer refining your craft or a seasoned creative professional ready to lead and inspire, this role will allow you to leave your creative mark on projects that reach audiences worldwide. Senior candidates will take on leadership responsibilities such as design direction, mentorship, and creative quality control, while all team members will benefit from ongoing collaboration, feedback, and professional growth within a fast-paced agency environment.
About SlideGenius
SlideGenius is the leading global Presentation Design Agency, trusted by over 5,000 clients worldwide, including industry giants such as Adidas, Autodesk, Illumina, J.P. Morgan, Meta, MetLife, and Pepsi. With headquarters in San Diego, California, and offices in London, Makati, and Bacolod, we operate around the clock, delivering exceptional presentation design solutions across industries.
Our Bacolod City office works directly with our global teams, contributing to exciting and high-profile projects every day. We operate 24/7, offering flexible shift options for dynamic and motivated professionals.
At SlideGenius, we don’t just create presentations—we tell powerful visual stories that drive results for some of the world’s most recognized brands. If you’re passionate about graphic design, thrive in a fast-paced creative environment, and want to work on meaningful, high-impact projects, we want to hear from you.
Related Titles:
Visual Designer | Digital Designer | Creative Designer | Brand Designer | Layout Artist | Marketing Designer | Multimedia Designer","Key Responsibilities
Client-Facing Design Projects
 - Design visually compelling slide deck presentations, multimedia assets, and marketing materials.
 - Select appropriate formats, typography, imagery, and illustrations to effectively communicate client messages.
 - Collaborate with creative and project management teams to conceptualize and execute design solutions that meet client objectives and timelines.
Internal Branding and Marketing Initiatives
 - Develop SlideGenius internal marketing & brand collateral, including infographics, interactive brochures, videos, and web assets.
 - Work closely with Art Directors and internal teams to conceptualize and execute designs that align with our brand vision.
 - Create and maintain interactive design assets using Figma, including website mockups and internal platform designs.
 - Establish and uphold SlideGenius’ visual identity across all internal and external channels, contributing to the development of a comprehensive marketing collateral and brand assets.
Qualifications & Requirements
 - Strong command of core design principles—typography, layout, color theory, and composition.
 - Proficiency in Adobe Creative Suite (Illustrator, Photoshop, InDesign).
 - Figma experience (required for Senior Designers; plus for Designers).
 - UI/UX design knowledge (required for Senior Designers; plus for Designers).
 - Illustration skills (preferred for Senior Designers; a plus for Designers).
 - Ability to produce a broad range of materials—slide deck presentations, print, and digital assets.
Professional Skills
 - Excellent verbal and written communication abilities.
 - Strong time management and organizational skills—able to handle multiple projects and deadlines.
 - Positive and collaborative attitude, with the ability to work independently and as part of a team.
 - Adaptability in learning new tools and evolving design trends.
 - Proficiency in Microsoft PowerPoint is a plus. If not, we'll teach you!
Education & Experience
 - Bachelor’s degree in Graphic Design or related field (or equivalent professional experience).
 - Senior Graphic Designer: 3+ years of professional design experience, ideally in branding, marketing, or communications.
Additional Information
 - Location: Bacolod City office, collaborating closely with global teams in San Diego, London, and Makati.
 - Work Setup: Onsite, with multiple shift options to support 24/7 operations.
 - Physical Requirements: Ability to work at a desk and computer for prolonged periods. Comfortable with phone/video communication.",,2025-03-27T07:37:59.607271+00:00,2026-01-06T00:57:10.796931+00:00,2026-12-19T16:00:00+00:00,2026-08-29T08:07:25.958782+00:00,True,False,False,public,2026-09-11T11:22:30+00:00
253598,Sr. Graphic Designer,sr-graphic-designer,https://www.kalibrr.com/c/sg-interactive-inc/jobs/253598/sr-graphic-designer,"SG APAC, Inc.",sg-interactive-inc,Graphic Design / Web Design,https://www.slidegenius.ph/careers/,True,Media and Creatives,Full time,10,400,0,550,False,False,False,Makati,Metro Manila,Philippines,"Unit 11-A Valero Tower, 8757, Paseo de Roxas, Bel-Air, Makati, Metro Manila, Philippines",14.55491,121.03508,True,32000,35000,PHP,month,"We seek creative, detail-oriented Graphic Designers and Senior Graphic Designers to join our expanding team. This role offers the opportunity to work on a wide range of client-facing and internal design projects, including high-impact slide deck presentations, brand collateral, and digital experiences.
Depending on your experience, you will play a key role in shaping the visual output of SlideGenius and contributing to the success of global brands.
About SlideGenius
SlideGenius is the leading global Presentation Design Agency, trusted by over 5,000 clients worldwide, including industry giants such as Adidas, Autodesk, Illumina, J.P. Morgan, Meta, MetLife, and Pepsi. With headquarters in San Diego, California, and offices in London, Makati, and Bacolod, we operate around the clock, delivering exceptional presentation design solutions across industries.
Our Makati office works directly with our global teams, contributing to exciting and high-profile projects every day. We operate 24/7, offering flexible shift options for dynamic and motivated professionals.
At SlideGenius, we don’t just create presentations—we tell powerful visual stories that drive results for some of the world’s most recognized brands. If you’re passionate about graphic design, thrive in a fast-paced creative environment, and want to work on meaningful, high-impact projects, we want to hear from you.
Related Job Titles:
Visual Designer | Digital Designer | Creative Designer | Brand Designer | Layout Artist | Marketing Designer | Multimedia Designer","Key Responsibilities
Client-Facing Design Projects
 - Design visually compelling slide deck presentations, multimedia assets, and marketing materials.
 - Select appropriate formats, typography, imagery, and illustrations to effectively communicate client messages.
 - Collaborate with creative and project management teams to conceptualize and execute design solutions that meet client objectives and timelines.
Internal Branding and Marketing Initiatives
 - Develop SlideGenius internal marketing & brand collateral, including infographics, interactive brochures, videos, and web assets.
 - Work closely with Art Directors and internal teams to conceptualize and execute designs that align with our brand vision.
 - Create and maintain interactive design assets using Figma, including website mockups and internal platform designs.
 - Establish and uphold SlideGenius’ visual identity across all internal and external channels, contributing to the development of a comprehensive marketing collateral and brand assets.
Qualifications & Requirements
 - Strong command of core design principles—typography, layout, color theory, and composition.
 - Proficiency in Adobe Creative Suite (Illustrator, Photoshop, InDesign).
 - Figma experience (required for Senior Designers; plus for Designers).
 - UI/UX design knowledge (required for Senior Designers; plus for Designers).
 - Illustration skills (preferred for Senior Designers; a plus for Designers).
 - Ability to produce a broad range of materials—slide deck presentations, print, and digital assets.
Professional Skills
 - Excellent verbal and written communication abilities.
 - Strong time management and organizational skills—able to handle multiple projects and deadlines.
 - Positive and collaborative attitude, with the ability to work independently and as part of a team.
 - Adaptability in learning new tools and evolving design trends.
 - Proficiency in Microsoft PowerPoint is a plus. If not, we'll teach you!
Education & Experience
 - Bachelor’s degree in Graphic Design or related field (or equivalent professional experience).
 - Senior Graphic Designer: 3+ years of professional design experience, ideally in branding, marketing, or communications.
Additional Information
 - Location: Makati office, collaborating closely with global teams in San Diego, London, and Bacolod.
 - Work Setup: Onsite, with multiple shift options to support 24/7 operations.
 - Physical Requirements: Ability to work at a desk and computer for prolonged periods. Comfortable with phone/video communication.",,2025-03-27T07:42:49.614400+00:00,2026-01-06T01:03:19.080114+00:00,2026-12-19T16:00:00+00:00,2026-09-10T07:51:52.686753+00:00,True,False,False,public,2026-09-11T11:22:34+00:00
254986,Accounts Payable Specialist,accounts-payable-specialist-2,https://www.kalibrr.com/c/distribution-solutions-phils-inc/jobs/254986/accounts-payable-specialist-2,Distribution Solutions Phils Inc.,distribution-solutions-phils-inc,Pharmaceuticals,http://distriphil.com,True,Accounting and Finance,Full time,2,200,0,550,False,True,False,Parañaque,Metro Manila,Philippines,"3rd Fl. Alexcy One Bldg., President's Ave, Parañaque, Metro Manila, Philippines",14.47121,121.02198,True,,,,,"Expense & Payable Operations
 - To ensure accurate and timely checking of Employee Reimbursement (Pharma, Psyc,Vaccines, Trade, Supply Chain and Officebased)
 - Ensure accurate and timely processing of disbursements and recognition of related expenses and process and record in expenses in SAP System.
 - Maintain an orderly accounting filing system.
 - Maintain a system of controls over accounting transactions.
 - Work within accounting as needed in resolving unreconciled balances.
 - Timely processing of cash advances requests and liquidation and recognition of related expenses and record in expenses in SAP System.
 - Create monthly schedule of Advances Employee, Revolving Fund and Bank
 - Reconciliation (BPI and Eastwest Bank)","- College Graduate
 - Good Communication and Presentation Skill
 - Computer Skill
 - Strong analytical, planning and organizing skills
 - Excellent Problem-solving skills
 - Works well with people
 - Customer centric
 - Pleasant Personality
 - Strong analytical and planning skills;
 - Good communication and presentation skills;
 - Excellent problem-solving skills;",,2025-05-13T08:35:47.827026+00:00,2026-06-22T02:32:44.521269+00:00,2026-10-06T16:00:00+00:00,2026-09-10T16:16:27.589174+00:00,True,False,False,public,2026-09-11T11:19:34+00:00
255594,Tier1 Product Support Specialist,tier1-product-support-specialist-3,https://www.kalibrr.com/c/ylopo-llc/jobs/255594/tier1-product-support-specialist-3,Ylopo LLC,ylopo-llc,Digital Marketing,https://www.ylopo.com/,True,Customer Service,Full time,2,200,0,550,False,False,True,Manila,Metro Manila,Philippines,"4712, Admiralty Way, Marina del Rey, Manila, Metro Manila, Philippines",14.60488,120.98626,True,40000,,PHP,month,"Ylopo is looking for a Tier 1 Product Support Representative to join our Manila team to work alongside our US operations group.
Goal: The primary goals of a product support specialist are to master the product and services of the company, to provide technical assistance by addressing inquiries and resolving complaints, to provide a higher level of customer support and to ensure customer satisfaction.
The primary responsibility of this role is to provide client support, troubleshooting help and guidance/training to clients and address questions and concerns on the use of our tools and systems. The Product Support Specialist will communicate with clients via phone, email and chat.
Responsibilities:
 - Identify, investigate, and resolve client problems and handle technical support cases through phone, chat and email submissions.
 - Respond (via phone/email/chat) to all clients in a timely manner to provide a high level of customer support.
 - Maintain client confidence by keeping their information confidential.
 - Field support calls, chat, email, and/or other communication from clients with inquiries about our systems and products.
 - Consult with users to determine steps and procedures taken to identify and resolve the problem.
 - Apply knowledge of computer software, hardware, and procedures to solve problems.
 - Collaborate with other teams/departments (Client Success, Billing, Implementations, Branded Sites, Marketing, Tech Teams) to research and resolve problems.
 - Maintain knowledge of technology innovations and trends.
 - Performs other related duties as assigned.
 - Develop great client relationships to keep clients excited about joining Ylopo
 - Speak confidently and professionally with clients.
 - Serve as subject matter expert for the Ylopo process.
 - Learn the ins and outs of Ylopo products.","- Excellent English verbal communication skills
 - Excellent English written skills
 - Excellent English comprehension skills
 - Keen attention to detail
 - Strong analytical, problem-solving, and interpersonal skills
 - Can think on his/her feet and can provide prompt responses and resolutions
 - Able to take detailed notes regarding client issues and conversations
 - Ability to handle multiple inquiries and priorities while maintaining a pleasant demeanor with the clients
 - Noise free working environment
 - Understanding of real estate industry or previous work in real estate is a plus, but not required
 - Ability to work US hours
Skills:
 - Patience with frustrated customers and tricky support cases
 - Empathy for the client's situation
 - Adaptability to client's needs
 - Improvisation when roadblocks are reached
 - Positivity throughout the support cases
 - Emotional Intelligence for interpreting the client's intent/issues
 - Have excellent customer service and strong people skills to build relationships with our current and potential clients
 - Must be able to articulate concepts and ideas in a clear, concise and accurate manner
 - Email Management
 - Tech savvy
 - Troubleshooting
 - Case Notes
 - Typing speed of 60-70 WPM
System Requirements:
 - The processor should be 2.0ghz and above, Intel core 5/7 is highly required for both main and back-up hardware
 - Ram should be at least 16 GB with 100 gb Free disk space
 - A headset with the noise-canceling feature
 - 20 Mbps & up wired connection for the main internet service
 - strictly no USB Sticks allowed for backup internet connection
Shift Schedule: 9AM - 6PM Pacific Standard (weekends shifting schedule)
Rate: Php 40,000",,2025-05-29T01:21:36.202785+00:00,2026-09-03T23:28:43.288338+00:00,2026-09-22T16:00:00+00:00,2026-09-11T05:29:04.475878+00:00,True,False,False,public,2026-09-11T11:19:09+00:00
256226,Customer Service Representative (CSR),customer-service-representative-csr,https://www.kalibrr.com/c/drd-tan-food-services/jobs/256226/customer-service-representative-csr,DRD Tan Food Services,drd-tan-food-services,Food / Beverages,https://www.instagram.com/mumslasagna.ph/?hl=en,True,Customer Service,Full time,3,200,0,550,True,False,False,Quezon City,Metro Manila,Philippines,"26a, Philippines, Metro Manila, Sct. Borromeo, South Triangle, Quezon City",14.67297,121.04949,False,20000,22000,PHP,month,"We’re looking for someone who’s organized, reliable, and genuinely enjoys helping others.
If you're warm, respectful, and eager to support customers in a meaningful way — we’d love to work with you!
What You’ll Do at Mum’s Lasagna:
 - Respond to customer inquiries via messages, chats, and calls with sincerity and professionalism
 - Process and accommodate incoming orders with care, speed, and accuracy
 - Assist customers with a friendly, respectful, and helpful approach — in line with our brand values
 - Organize and encode data related to online orders and transactions
 - Perform basic bookkeeping — including tracking invoices and maintaining order forms
 - Coordinate with the operations team to ensure smooth order flow and timely deliveries
 - Handle customer follow-ups and concerns with patience and efficiency
What We’re Looking For:
 - Can multitask and stay focused in a fast-paced online environment
 - Highly organized and detail-oriented
 - Basic skills in data entry and encoding
 - Strong communication skills in English and Filipino
 - Familiar with Word, Excel, messaging apps, and online platforms
 - Trustworthy, proactive, and a team player
 - Work Conditions & Benefits:
 - Flexible working schedule
 - Willing to work on weekends, holidays, and overtime
 - Overtime and holiday pay provided","- College graduate (any course)
 - At least 1 year of experience in customer service, food delivery, retail, or related fields , freelance, sideline, or informal work experience is also welcome
 - Excellent communication skills in both English and Filipino, written and spoken
 - Strong problem-solving abilities and the ability to handle customer concerns with professionalism and empathy
 - Proficient in Microsoft Word, Excel, and other basic computer applications (experience with customer support tools is a plus)
 - Highly organized, detail-oriented, and able to manage multiple tasks in a fast-paced environment
 - Comfortable using messaging platforms, email, and online order systems
 - Able to work independently and collaborate effectively within a team
 - Willing to work flexible hours, including weekends and holidays when needed",,2025-06-19T08:37:11.858783+00:00,2026-09-11T07:31:54.626602+00:00,2026-09-29T16:00:00+00:00,2026-09-11T07:31:57.769388+00:00,True,False,False,public,2026-09-11T11:20:46+00:00
258944,Risk Management Officer,risk-management-officer-2,https://www.kalibrr.com/c/wibs-php-inc/jobs/258944/risk-management-officer-2,WIBS PHP INC.,wibs-php-inc,Financial Services,https://wibs-php.com/,False,Administration and Coordination,Full time,5,300,0,550,False,False,False,Makati,Metro Manila,Philippines,"23F Tower 6789, 6789, Ayala Ave, Bel-Air, Makati, Metro Manila, Philippines",14.55491,121.03512,True,30000,80000,PHP,month,"Are you interested in being a part of a Mission-Driven Fintech Company?
We are a start-up BSP-licensed EMI and VASP company on a mission to revolutionize digital finance in the Philippines. Our vision is bold: to lead the way in providing secure, compliant, and transparent financial services powered by the latest in fintech innovation.
We are not just building an e-wallet! We are crafting a next-generation digital payment ecosystem that is reliable, efficient, and inclusive for every Filipino! You will not only be part of introducing Cryptocurrencies to the common Filipino, but you will also be the bridge that connect millions of Filipinos to the benefits of Blockchain technology.
As we scale our impact, we are on the hunt for like-minded individuals who share the same passion and interest.
Risk Management Officer
This role is open to eager individuals who have an interest in the world of finance and the blockchain. For this role, we are looking for people with experience handling risk-related issues or risk management practices. What’s important for us is a highly aware candidate towards risks that considers all possibilities in any aspect and would be able to relay this professionally.
What are we looking for in a candidate?
 - Attentive listener and effective communicator – You ask the right questions and absorb feedback fast. You have the ability to translate complex ideas into clear messages.
 - Analytical Thinker – You ask ""Why"" and ""What's next?"" then connect the dots that others usually miss and turn data into defensible decisions.
 - Problem Solver – You can break down problems with clarity and precision by looking at the bigger picture. You have the capability to make smart decisions based on facts and not based on gut feelings.
 - Team Collaborator – You share ideas, listen well, and know when to lead and when to support because you value the time of others.
 - Quick Adaptability – You stay updated and agile in the face of regulatory or operational changes.
 - Excellent Reading Comprehension – You rapidly absorb training, regulatory updates and internal communications while keeping ahead of change.
 - Any degree in Risk Management, Finance, Economics, Business Administration, Mathematics, Social Sciences or a related field is a plus.
 - With professional experience in a risk-related function within financial services, EMI/VASP, banking, insurance, or a highly regulated sector such as healthcare or telecommunications.
 - Proven experience or willing to learn in conducting enterprise risk assessments, designing risk mitigation plans, and engaging with regulatory bodies.
 - Strong interpersonal and leadership skills with experience managing cross-functional teams.
 - Excellent written and verbal communication skills, with the ability to present complex risk scenarios to both technical and non-technical stakeholders.
 - Experience in writing policies and procedures is valued, though not required.
 - It is a plus to have knowledge or experience of AMLA, BSP Circulars, and FATF guidelines.
 - Applicants must be legally authorized to work in the Philippines without employer visa sponsorship.","Enterprise Risk Management (ERM)
 - Participate in identifying, assessing, verifying, and monitoring the Company’s potential risks across financial, operational, compliance, IT/cybersecurity, liquidity, market, and strategic areas.
 - Develop and recommend risk mitigation strategies, ensuring alignment with the Company’s overall risk appetite and BSP regulations.
 - Prepare comprehensive risk assessment reports, including Key Risk Indicators (KRIs), stress testing results, and recommended improvements.
 - Facilitate the regular reporting of risk exposures and breaches to Senior Management, the Board of Directors, and the Risk Oversight Committee.
Business Continuity Management (BCM)
 - Ensure all business activities, digital asset operations, and technology platforms are incorporated in the Business Continuity Plan (BCP) and Disaster Recovery Plans (DRP).
 - Conduct and update Business Impact Analyses (BIA) to determine Recovery Time Objectives (RTO) and Recovery Point Objectives (RPO) in line with BSP Circular 808 (IT Risk Management) and other guidelines.
 - Organize periodic BCP/DRP testing, tabletop exercises, and post-mortem reviews to strengthen operational resilience.
 - Monitor vendor and third-party risk management to ensure outsourced service providers comply with continuity and resilience standards.
Regulatory & Compliance Alignment
 - Ensure compliance with BSP Circulars (989, 1108, 1122, 808, 1160/1166) and integrate risk management requirements into internal policies and procedures.
 - Ensure compliance with the Liquidity standards from the BSP and the BASEL Framework.
 - Collaborate with the AML Compliance Officer to address overlapping risk areas, including fraud, money laundering/terrorist financing risk, and outsourcing risks.
 - Support BSP examinations and audits by maintaining updated risk management documentation, policies, and frameworks.
Governance & Reporting
 - Provide independent advice and recommendations on risk exposures and mitigation to the Board and Risk Oversight Committee.
 - Develop and maintain the Company’s Risk Management Framework (RMF), policies, and risk appetite statements.
 - Deliver quarterly and ad hoc risk management reports to management and regulators as required.
Other Duties
 - Collaborate with other departments (Operations, Compliance, Audit, Technology, Treasury) for risk identification, monitoring, and mitigation.
 - Maintain proper documentation of risk assessments, controls, and corrective action plans.
 - Promote a risk-aware culture across the organization through training and awareness programs.
 - Perform related duties as may be required by Management or the Board.",,2025-09-11T05:37:52.599413+00:00,2026-07-07T02:44:48.349111+00:00,2026-10-06T15:00:00+00:00,2026-09-10T15:43:58.085149+00:00,True,False,False,public,2026-09-11T11:22:48+00:00
259941,Senior AEM Developer,senior-aem-developer,https://www.kalibrr.com/c/ncs-philippines/jobs/259941/senior-aem-developer,NCS Philippines Inc. ,ncs-philippines,Information Technology / IT,https://www.ncs.co,True,IT and Software,Full time,2,400,0,550,False,False,True,Taguig,Metro Manila,Philippines,"7th Floor, Fort Bonifacio, Taguig, Metro Manila, Philippines",14.51259,121.05872,False,80000,1200000,PHP,month,"We are seeking a highly skilled Senior Adobe Experience Manager (AEM) Developer to design, develop, and implement scalable digital solutions using AEM and related Adobe Marketing Cloud technologies. The role requires deep technical expertise in AEM development, component design, workflows, and integrations with enterprise systems. The Senior Developer will collaborate with architects, business stakeholders, and cross-functional teams to deliver high-performance web solutions whileensuring best practices in coding, security, and performance optimization.
Key Responsibilities
● Lead the design, development, and customization of AEM Sites, Templates, Components, Dialogs, Workflows, and Launches.
● Implement AEM core components, OSGi services, Sling models, servlets, and custom
integrations.
● Collaborate with architects to define AEM solution architecture and technical design.
● Integrate AEM with third-party systems (CRM, eCommerce, DAM, Analytics, Marketing
Automation).
● Develop RESTful and GraphQL APIs to enable headless CMS implementations.
● Ensure compliance with AEM best practices, coding standards, and security guidelines.
● Optimize website performance, scalability, and content delivery using dispatcher, caching, and CDN strategies.
● Conduct code reviews, unit testing, and technical documentation.
● Mentor junior developers and provide technical guidance within the team.
● Stay up to date with Adobe’s product roadmap and industry best practices to recommend enhancements.
Qualifications & Skills
● Bachelor’s degree in Computer Science, Information Technology, or related field (or equivalent
practical experience).
● 5+ years of hands-on AEM development experience (6.5+ or AEM as a Cloud Service
preferred).
● Strong expertise in:
○ Java, OSGi, Apache Sling, JCR, and HTL/Sightly
○ AEM Components, Templates, Editable Templates, Client Libraries (CSS/JS)
○ Dispatcher configuration and performance optimization
○ Workflows, Launches, and Content Fragment Models
● Experience with front-end frameworks (React, Angular, Vue.js) is a plus.
● Proficiency in CI/CD pipelines, Git, Jenkins, Maven, Cloud Manager.
● Knowledge of Adobe Marketing Cloud tools (Target, Analytics, Campaign) preferred.
● Strong problem-solving, debugging, and performance-tuning skills.
● Excellent communication and collaboration skills.","- 
 Bachelor’s degree in Computer Science, Information Technology, or related field (or equivalent practical experience)
 - 
 5+ years of hands-on AEM development experience (6.5+ or AEM as a Cloud Service preferred).",,2025-10-10T03:06:29.062869+00:00,2025-10-10T03:08:12.838603+00:00,2026-10-10T03:04:59.267000+00:00,2026-09-09T11:49:24.314203+00:00,True,False,False,public,2026-09-11T11:17:35+00:00
260920,IT Project Manager,it-project-manager-2,https://www.kalibrr.com/c/multisys-technologies-corporation/jobs/260920/it-project-manager-2,Multisys Technologies Corporation,multisys-technologies-corporation,Information Technology / IT,https://www.multisyscorp.com/,True,IT and Software,Full time,2,200,0,550,False,True,False,Parañaque,Metro Manila,Philippines,"#14, Mt. of Olives St, Moonwalk, Parañaque, Metro Manila, Philippines",14.47121,121.02198,True,,,,,"Job Summary:
A Project Manager focuses on platform delivery of each project. He/she is in charge of the day-to-day operations by defining project requirements, identifying project milestones, phases, elements and budget. Additionally, he/she monitors and publishes project progress reports, tracks activity, resolves problems, and recommends actions.","- Bachelor’s degree in Computer Science, Information Technology, Business Administration or similar field
 - With at least 3- 5 years experience in project management
 - Strong knowledge of the project management cycle and the software development life cycle
 - Must be willing to travel in and out of Metro Manila
 - Excellent verbal and written communication skills
 - Must have experience in Managing infra Upgrades
 - PMP Certification (Required)",,2025-11-07T09:25:21.743297+00:00,2026-09-01T08:12:34.924802+00:00,2026-10-01T06:31:39.121800+00:00,2026-09-10T14:36:34.413545+00:00,True,False,False,public,2026-09-11T11:15:02+00:00
261422,Remote Bookkeeper Team Lead CPA or Equivalent,remote-bookkeeper-team-lead-cpa-or-equivalent,https://www.kalibrr.com/c/leapfroggr-inc/jobs/261422/remote-bookkeeper-team-lead-cpa-or-equivalent,LeapFroggr Inc.,leapfroggr-inc,careers@leapfroggr.com,https://seriousmd.com,True,Accounting and Finance,Full time,1,400,0,550,False,False,True,Manila,Metro Manila,Philippines,"Manila, Metro Manila, Philippines",14.60488,120.98626,True,70000,85000,PHP,month,"Responsibilities
 - Manage A/P, A/R, reconciliations, journal entries, and month-end close;
 - Oversee team activities and ensure quality delivery;
 - Prepare financial statements and reports;
 - Use platforms like AppFolio, Yardi Voyager, QuickBooks, Xero, FreshBooks, Zoho Books;
 - Collaborate with US-based clients and ensure GAAP compliance;
 - Support audits and financial analysis;
 - Flexible hours to align with US time zones;
Benefits
 - Competitive salary with incentives;
 - Remote work flexibility;
 - Leadership growth opportunities;
 - Exposure to international clients;","We are looking for an experienced Bookkeeper Team Lead with CPA or equivalent credentials and 5+ years of experience to join our remote team. This role offers leadership growth and exposure to international clients.
Requirements
 - CPA or equivalent qualification;
 - 5+ years of bookkeeping experience;
 - Strong GAAP knowledge in Real Estate, Property Management, or Construction;
 - Proficiency in major accounting platforms;
 - Excellent English communication skills;
 - Reliable computer and internet connection;",,2025-11-20T07:10:17.838223+00:00,2026-03-01T01:28:59.110552+00:00,2027-03-01T01:18:50.072000+00:00,2026-09-10T09:03:45.662762+00:00,True,False,False,public,2026-09-11T11:20:08+00:00
261531,Forklift Operator,forklift-operator,https://www.kalibrr.com/c/goldm-nzen-inc/jobs/261531/forklift-operator,"GOLDMÜNZEN, INC.",goldm-nzen-inc,Sales and Marketing,,True,Supply Chain,Full time,2,200,0,350,False,False,False,Carmona,Cavite,Philippines,"Unit 28E IBM Plaza Condominium, Carmona, Cavite, Philippines",14.31445,121.05977,True,,,,,"Job Summary
The Forklift Operator is responsible for the transport, stacking, arrangement of goods inside the warehouse. 
Duties and Responsibilities
Operational
Effectively extracts goods from inbound trucking services and stores in the warehouse using the company forklift.
Loads goods in outbound trucking services in a careful and organized manner.
Observes the First In First Out procedure when storing goods. 
Assist in the physical inspection of inbound and outbound goods prior to loading/ discharge. 
Properly segregates bad inventory and labels accordingly.
Signs off delivery documents after checking critical details such as the item, quantity, customer/ supplier, invoice/delivery notice. 
Ensures the safety of people and goods in the warehouse.
Conducts a weekly forklift maintenance according to the provided guidelines.
On a weekly basis, submits a Weekly Workplan and Activity Report to the President.
Perform additional tasks that contribute to the accomplishment of the organization’s objectives.
Warehouse Management
Ensures the upkeep and optimum condition of the forklifts, jack pallets, and weighing scales in the warehouse. 
Ensures that goods are clean and stored in an organized manner.
Ensures the cleanliness and orderliness of the warehouse at all times. 
Observes the proper procedure in the disposal of wastes or expired chemicals in the warehouse.
Perform additional tasks that contribute to the accomplishment of the organization’s objectives.","TESDA NC-II in Heavy Equipment Operation (Forklift)
A K-12 graduate at the minimum 
Computer literate in Microsoft office systems is an advantage
Can competently express him/herself in English and Tagalog
Has an eye for details
Has a passion for excellence
Has an open mind to new ideas",,2025-11-26T01:09:21.099370+00:00,2026-05-11T04:24:12.874024+00:00,2026-12-18T16:00:00+00:00,2026-05-11T04:24:28.665701+00:00,True,False,False,public,2026-09-11T11:19:32+00:00
261658,Design Lead,design-lead-2,https://www.kalibrr.com/c/leapfroggr-inc/jobs/261658/design-lead-2,LeapFroggr Inc.,leapfroggr-inc,careers@leapfroggr.com,https://seriousmd.com,True,Health and Medical,Full time,1,400,0,550,False,False,True,Manila,Metro Manila,Philippines,"439, Escolta Street , Manila, Metro Manila, Philippines",14.60488,120.98626,True,,,,,"20,000 doctors. Millions of patients. A lean design team — soon to be more.
SeriousMD is the EMR platform Filipino doctors trust most. NowServing connects patients to providers across the country. Together, we're reshaping how healthcare works in the Philippines and design is at the center of it.
Our design team is intentionally small and senior. No bureaucracy, no design-by-committee. Your decisions ship and get tested by real users almost immediately.
We need a Design Lead to own design strategy and build this team intentionally.
About Us
Leapfroggr builds SeriousMD and NowServing — healthcare products used daily by 20,000+ doctors and millions of patients. Our design decisions directly impact how physicians manage patient records, how clinics run their schedules, and how patients find and book care.
This isn't abstract ""healthcare technology."" It's real workflows, real people, real consequences.
What You'll Actually Do
 - Lead and grow the design team. Today that's one designer who knows our products deeply. Tomorrow it's the team you build.
 - Own design strategy across SeriousMD (B2B EMR) and NowServing (patient marketplace).
 - Stay hands-on — you'll still design, not just manage.
 - Work directly with product and engineering to ship features weekly, not quarterly.
 - Run user research with actual doctors and patients — not personas, real people.
 - Build and maintain design systems that scale across web, iOS, and Android.
What We Offer
 - Remote-friendly (distributed across the Philippines)
 - Health insurance
 - Flexible hours
 - Paid leave (sick, vacation, maternity/paternity, bereavement)
 - A team that values craft and impact over process and theater
How to Apply
Send your portfolio and a short note about why healthcare design interests you. Bonus points if you include one thing you'd change about SeriousMD or NowServing after looking at them.","- A portfolio showcasing expertise in user experience design, visual design, and design leadership. Include a link when you apply.
 - At least 3 years of experience in design leadership roles, with a proven track record of leading teams to deliver digital products.
 - Strong understanding of design principles, methodologies, and design systems.
 - Exceptional leadership and communication skills — you can inspire a team and collaborate with founders, engineers, and stakeholders.
 - Proficiency in Figma (or similar design tools) and familiarity with Agile/Scrum environments.
 - Experience designing for web, iOS, and Android.
 - Bachelor's or Master's degree in Design, Human-Computer Interaction, or a related field (or equivalent experience).
 - Healthcare technology experience is a plus, but genuine curiosity about healthcare is required.",,2025-11-28T10:02:12.803699+00:00,2026-01-02T03:58:08.946324+00:00,2027-01-02T03:47:01.177000+00:00,2026-09-10T11:28:44.245390+00:00,True,False,False,public,2026-09-11T11:20:43+00:00
262535,Workforce Management Analyst III,workforce-management-analyst-iii,https://www.kalibrr.com/c/ateneo-de-manila-university-1/jobs/262535/workforce-management-analyst-iii,Ateneo de Manila University,ateneo-de-manila-university-1,Higher Education / Academia,http://www.ateneo.edu/,True,Human Resources,Full time,1,300,0,550,False,False,False,Quezon City,Metro Manila,Philippines,"Katipunan Ave, Loyola Heights, Quezon City, Metro Manila, Philippines",14.67297,121.04949,True,,,,,"Under the supervision of the Workforce Management and Analytics Supervisor, the Workforce Management Analyst III will assist in monitoring, reviewing, and analyzing the University’s workforce complement vis-à-vis employee capabilities, organization capacities, market/industry trends, and recommends appropriate actions
I. Workforce Monitoring and Analytics
 - Captures the different data that looks into organization and employee profiles, (which include plantilla, workforce complement, job specifications/profiles, and job levels/ranks, structure - reporting lines, etc.) in coordination with the other HR sections, and recommends strategies on how to improve the seamless capture of data and the integration of the databases.
 - Monitors potential and actual employee transitions and movements to determine the state of University workforce in coordination with the offices and sections in the HR Cluster.
 - Researches, analyzes, prepares trends, and presents University- and unit-level workforce data, in coordination with the other HR sections.
 - Works with all unit heads in determining their workforce plans and requirements vis-à-vis the unit’s mandates, in coordination with the other UPT&OD sections.
 - Prepares the necessary materials, information, and logistics for the workforce management conversations with all the units heads in the University.
 - II. HR Partnering Functions
 - Actively researches practices related to UPT&OD functions - frameworks, assessment strategies, intervention and evaluation.
 - Keeps abreast of industry trends and practices that might affect the University, and provides feedback to the administrators on how to anticipate and manage its possible impact.
 - Partners with clients by understanding and addressing their needs, providing proactive solutions that meet present and long-term needs, and monitors progress of project plans and deliverables.
 - Serves as a partner to an assigned cluster/school’s leadership teams on initiatives that require HR/OD expertise and services. Meeting with the cluster’s leadership team regularly to help identify successes and areas for improvement, achievement of set organization and HR goals.
III. Group Management Support
 - Keeps abreast of organization advancements, taking special interest in organization design, workforce analytics, job design, and change management.
 - Assists in creating/updating policies related to workforce analysis.
 - Assists in managing and maintaining relationships with Workforce Management Analysts and builds network with various vendors for possible partnership to develop, customize, and improve project delivery and outcomes.
 - Assists in monitoring, coordinating, implementing, and evaluating projects, deliverables, timelines, agreements, including possible sustainability measures.
 - Assists in communicating the programs of the Group to unit heads and employees.
 - Manages and keeps the project team abreast of developments, when necessary.
 - Oversees the coordination, logistical, and resource requirements of the Group’s projects and activities.
 - Documents all meetings, proceedings, and events of the Group’s projects and activities.
 - Assists in budgeting for operational requirements.
 - Assists the UPT&OD during peak seasons, and the University for events and committee works.
IV. Performs all other duties as may be reasonably required of the position, in
accordance with the instructions of the Immediate Supervisor, and its duly
authorized representative.","● Graduate of any business, or data science course
● Three (3) year experience in workforce analytics, and creating comprehensive reports
● At least two (2) year experience in managing and partnering clients
● Experience or knowledge on several work process improvement, organizational design,
people analytics",,2026-01-06T07:50:53.669599+00:00,2026-08-06T02:54:19.302981+00:00,2026-09-29T16:00:00+00:00,2026-08-31T22:07:25.049577+00:00,True,False,False,public,2026-09-11T11:18:52+00:00
262910,Senior Account Manager | Makati,senior-account-manager-makati,https://www.kalibrr.com/c/medgrocer/jobs/262910/senior-account-manager-makati,MedGrocer,medgrocer,Hospital / Health Care,http://www.medgrocer.com,True,Management and Consultancy,Full time,1,400,0,550,False,False,False,Makati,Metro Manila,Philippines,"24, 408A, Sen. Gil Puyat Ave., Makati, Metro Manila, Philippines",14.55491,121.03512,True,60000,80000,PHP,month,"MedGrocer's digitally-enabled medicine programs, telehealth services, and corporate clinic medical staff work with hundreds of employers and pharma companies to improve the physical and mental health of over one million Filipinos every year.
The Senior Account Manager is a high-impact leadership role responsible for the strategic direction and retention of our most significant corporate partnerships. You will serve as the principal advisor to C-suite stakeholders, overseeing the delivery of complex, large-scale healthcare programs while driving the long-term growth and evolution of our service portfolio.
Why Join MedGrocer?
You will have the autonomy to lead high-stakes strategic initiatives and drive the long-term professional growth of both your portfolio and your team. Your expertise in managing enterprise-level healthcare programs will play a vital role in enhancing the lives of patients through our sophisticated, digitally-enabled platform. In this role, you will influence the future of healthcare delivery alongside a dynamic and driven executive-level team.
Key Responsibilities
 - Architect and execute long-term account strategies for a high-value portfolio of corporate partners to maximize retention and identify multi-year growth opportunities.
 - Serve as the primary strategic consultant for key stakeholders, providing data-driven insights to optimize their corporate clinic operations and telehealth integration.
 - Lead high-level negotiations and contract renewals, ensuring that healthcare programs are scaled effectively to meet the evolving needs of large-scale organizations.
 - Direct and develop a high-performing team of account specialists, fostering an environment of continuous improvement and operational excellence.
Perks and Benefits
 - Performance Incentives & Career Progression: Recognition through clear pathways for advancement, promotion opportunities, and performance-based bonuses.
 - Growth & Impact: A clear path for professional development and the opportunity to make a tangible impact on patient health.
 - Cross-Functional Learning: Opportunities to collaborate across different teams, expanding your skill set and broadening your understanding of the business.
 - Health & Wellness Coverage: HMO benefits to ensure your peace of mind, paired with quarterly medicine vouchers for use on our website.
 - Paid Time Off: Paid leaves to rest, recharge, and attend to personal priorities.
Application Process
Our application process typically takes one to three weeks, depending on your availability and progress:
Step 1: Submit your application form and complete the online assessment within seven days. Afterwards, results are shared in one to three business days.
Step 2: Qualified candidates attend a full-day onsite evaluation. Progression depends on performance at each stage. HR will notify you if your evaluation concludes early. Please arrive at the venue between 8:00 AM and 9:00 AM. The detailed schedule is as follows:
Initial Assessment
 - 8:00 AM - 10:00 AM: Onsite Assessment in 30-minute Batches
 - 10:30 AM – 12:00 PM: HR Panel Interview
Supplementary Assessment (as needed)
 - 12:00 PM – 1:00 PM: Lunch Break
 - 1:00 PM – 4:00 PM: One-on-One Interviews
 - 4:00 PM – 5:30 PM: CEO Forum
Step 3: Final review and background checks occur within three business days. Additional interviews may be requested.
Step 4: Receive final results within five to seven business days.","- Bachelor’s degree in Business, Health Sciences, or a related field.
 - 3-5 years of experience in account management, strategic partnerships, or B2B client relations.
 - Proven track record of managing enterprise-level accounts and leading complex project implementations.
 - Demonstrated experience in people management, with a focus on coaching and developing professional talent.
 - Must be able to work onsite in Makati City.",,2026-01-15T08:01:55.773913+00:00,2026-08-28T02:53:59.916513+00:00,2026-10-04T16:00:00+00:00,2026-09-10T05:40:54.894586+00:00,True,False,False,public,2026-09-11T11:22:37+00:00
263111,Student Records Assistant for Document Processing,student-records-assistant-for-document-processing-2,https://www.kalibrr.com/c/ateneo-de-manila-university-1/jobs/263111/student-records-assistant-for-document-processing-2,Ateneo de Manila University,ateneo-de-manila-university-1,Higher Education / Academia,http://www.ateneo.edu/,True,Education and Training,Full time,1,200,0,550,False,False,False,Quezon City,Metro Manila,Philippines,"Katipunan Ave, Loyola Heights, Quezon City, Metro Manila, Philippines",14.67297,121.04949,True,,,,,"Summary of Work Activities and Responsibilities:
The Student Records Assistant for Document Processing III reports to the Assistant Registrar for Document Services.
A key deliverable of the Registrar’s Office is the generation of documents. These documents attest to the academic performance of the student. Therefore, it is essential that a competent full-time employee be hired to facilitate the processing, correctness, and promptness of the documents prepared by the Registrar’s Office.
Main Duties and Responsibilities:
I. Frontline Support
 - Attends to inquiries, requests for documents, verification of records for various types of documents such as Transcript of Records, Certifications, Diploma, etc. at the counter and through email
 - Logs requests received from students made over the counter or via email, and monitors online payments for document requests on a daily basis
 - Assists in the processing and checking of documents requests for both undergraduate and graduate students and in timely release of such documents
 - Coordinates with the Document Officers and ARDS for all mailing requests and ensures that all documents are mailed via courier accurately and on time. Assists in sending out requests for verification of academic records in coordination with the Records and Document Officers
 - Provides input in developing an effective and systematic process for receiving, preparing, and retrieving scholastic documents and files in line with office standards of relevance, efficiency, and service
 - Ensures proper records keeping and disposal of files, and maintains proper upkeep of the reception area
II. Documents and Records Management Support
 - Coordinates with Documents and Records personnel in determining students’ eligibility for issuance of official documents (Transcript of records, diploma, Transfer Credentials and certifications) by checking their clearance, hold orders from different departments, and other similar pre-requisite records
 - Partners with Document Officers regarding email replies to verification requests
 - Serves as frontliner maintaining a general knowledge of the functions of other sections of the Registrar’s Office which in turn develops capacity to assist when the need arises
 - Distributes Transcripts of Records, verification forms/letters through the official courier
 - Prepares and monitors documents to be mailed and coordinates with the official courier to schedule daily pick-up of documents and payment of mailing fees
 - Receives and logs complete admission documents of new students received from the Office of the Associate Dean for Graduate Programs
 - Assists in handling requests for Certification, Authentication, and Verification (CAV) by preparing documents such as transcripts of records, diplomas and certifications to be transmitted to the Commission on Higher Education (CHED) and Department of Foreign Affairs (DFA)
III. Performs other work-related tasks as may be required by the immediate supervisor and any authorized representative","Knowledge, Skills, and Abilities:
 - Communication: Ability to express thoughts and ideas effectively for both oral and written communication; proficient in English
 - Technological Savvy: Ability to utilize information technology and computer and internet systems to accomplish tasks; Proficiency in MS Office and Google Applications (Word, Excel, PowerPoint, etc.)
 - Coordination: Adjusts actions in relation to others’ actions; Ability to coordinate with various stakeholders
 - Initiative: Pro-active, self-starter, and willing to learn new skills
 - Independent: Can work with minimum supervision
Education and Experience Requirements:
 - Graduate of any Bachelor’s Degree",,2026-01-22T01:23:09.636495+00:00,2026-08-15T02:27:14.420645+00:00,2026-10-30T16:00:00+00:00,2026-09-10T10:07:16.894988+00:00,True,False,False,public,2026-09-11T11:20:38+00:00
263216,Software Engineer Fullstack Java Springboot,software-engineer-fullstack-java-springboot,https://www.kalibrr.com/c/ncs-philippines/jobs/263216/software-engineer-fullstack-java-springboot,NCS Philippines Inc. ,ncs-philippines,Information Technology / IT,https://www.ncs.co,True,IT and Software,Full time,10,400,0,550,False,True,False,Taguig,Metro Manila,Philippines,"7th Floor, Fort Bonifacio, Taguig, Metro Manila, Philippines",14.51259,121.05872,True,,,,,"- Converts technical component design into a working back-end code and/or front-end code.
 - Deliver projects on time and budget consistently.
 - Applies generally accepted programming standards and techniques to assure efficient program logic and data manipulation consistently.
 - Creates and maintains Unit tests before endorsing the application for QA Test.
 - Diagnose and resolve software problems quickly and efficiently.
 - Participates in reviewing project requirements.
 - Manages the deployment of the application to different staging environments.
 - Maintains and handles project source code repositories.
 - Provides an accurate project status report to the Project Manager.
 - Keep abreast of technology trends with relation to system or software development trends as much as possible.
 - Other job-related activities that may be assigned from time to time.","- At least graduate with a Bachelor’s Degree in IT, Computer Science, Engineering or any related course.
 - With working experience in developing websites, web applications, web services, or mobile applications.
 - At least 2-3 yrs and above experience in Java (Required)
 - With Springboot or Hibernate experience (Required)
 - In-depth understanding of Software Development Life Cycle (SDLC) and Object-Oriented Programming.
 - In-depth experience in Object-Oriented design and programming skills.
 - In-depth experience in HTML5, CSS3, and Javascript frameworks.
 - In-depth experience in MySQL, MongoDB, or similar database management systems.
 - In-depth experience in web service integration (SOAP, REST, JSON, XML).
 - In-depth knowledge in any integration protocols like SMPP, UCP, and HTTP, and others.
 - Using version control (e.g. SVN, Git).
 - Debugging and optimization skills.
 - Server-side setup (Linux/Windows).
 - Web to mobile integration.
 - Java, Python, AWS, and .Net is a plus",,2026-01-26T12:20:28.343866+00:00,2026-01-26T12:21:39.516224+00:00,2026-12-30T16:00:00+00:00,2026-09-11T06:26:14.206295+00:00,True,False,False,public,2026-09-11T11:18:43+00:00
263217,Machine Learning Operations Specialist {Data Engineer} With background on Cloud,machine-learning-operations-specialist-data-engineer-with-background-on-cloud,https://www.kalibrr.com/c/ncs-philippines/jobs/263217/machine-learning-operations-specialist-data-engineer-with-background-on-cloud,NCS Philippines Inc. ,ncs-philippines,Information Technology / IT,https://www.ncs.co,True,IT and Software,Full time,5,400,0,550,False,False,False,Taguig,Metro Manila,Philippines,"7th Floor, Fort Bonifacio, Taguig, Metro Manila, Philippines",14.51259,121.05872,True,,,,,"- Execute performance tuning activities for model serving infrastructure to maintain optimal latency and throughput.
 - Conduct post-deployment validation checks to ensure model prediction stability, API responsiveness, and overall service quality.
 - Support the enhancement of operational pipelines, including CI/CD workflows, configuration templates, and automated monitoring scripts.
 - Participate in service reliability reviews to improve platform uptime, incident response processes, and operational readiness.
 - Coordinate closely with DevOps and Platform Engineering to address infrastructure-level concerns related to model hosting and deployment.
 - Assist in the rollout of platform-level improvements, including model registry enhancements, container optimization, and new monitoring tools.","Key Requirements: (Must have)
-Machine Learning
-Data Engineering
-With Cloud background- AWS, GCP, Azure, Alibaba etc)
Additional Job Qualifications
Related Work Experience:
-Minimum of 2+ years hands-on experience in a production environment covering MLOps, Data Engineering, or Software Engineering.
-Demonstrated ability to meet and exceed strict Service Level Agreements (SLAs), especially those related to system uptime, stability, incident response, and resolution.
-Experience supporting cloud-hosted ML systems in distributed, high-availability environments.
Knowledge:
-Strong understanding of model deployment workflows, including model versioning, serving, rollout strategies, and post-deployment validation.
-Knowledge of cloud platforms (e.g., AWS Cloud) and their native ML services used for hosting, monitoring, and managing model endpoints.
-Familiarity with containerization (Docker) and orchestration (Kubernetes) for scalable ML serving infrastructure.
-Understanding of performance monitoring concepts, including latency tracking, model health indicators, and drift signals.
-Knowledge of CI/CD processes, configuration templates, and automated operational workflows specific to ML systems.
Skills:
-Proven expertise in MLOps, specifically managing model deployment, proactive monitoring, incident resolution, and performance tuning.
-Ability to write and maintain automation scripts, validation utilities, and operational workflows to support ML pipelines.
-Ability to collaborate effectively with DevOps, Data Science, and Platform Engineering teams to improve model reliability and system stability.
-Skilled in applying structured software development methodologies (e.g., Agile/Scrum) to support platform enhancements and iterative delivery.
-Strong analytical, troubleshooting, and root-cause diagnosis skills in production environments.",,2026-01-26T12:25:28.198628+00:00,2026-01-26T12:25:52.750823+00:00,2026-12-30T16:00:00+00:00,2026-09-07T08:47:36.553700+00:00,True,False,False,public,2026-09-11T11:21:24+00:00
263258,IT Director | Makati,it-director-makati,https://www.kalibrr.com/c/medgrocer/jobs/263258/it-director-makati,MedGrocer,medgrocer,Hospital / Health Care,http://www.medgrocer.com,True,IT and Software,Full time,1,200,0,550,False,False,False,Makati,Metro Manila,Philippines,"24, 408A, Sen. Gil Puyat Ave., Makati, Metro Manila, Philippines",14.55491,121.03512,True,100000,150000,PHP,month,"MedGrocer's digitally-enabled medicine programs, telehealth services, and corporate clinic medical staff work with hundreds of employers and pharma companies to improve the physical and mental health of over one million Filipinos every year.
The IT Director is the visionary for MedGrocer’s technological ecosystem. You are responsible for the high-level architecture, data security governance, and digital transformation initiatives that ensure our platform remains the gold standard for patient care.
Why Join MedGrocer?
You will have high-level autonomy to define the company’s technical vision and lead large-scale digital transformations. Your leadership ensures the integrity and reliability of the platform that provides life-saving interventions for patients.
Key Responsibilities
 - Define the long-term technical vision and architecture to ensure the scalability and resilience of our digitally-enabled healthcare platform.
 - Architect and govern an enterprise-wide cybersecurity and data privacy framework to safeguard sensitive patient information.
 - Lead the evaluation and integration of emerging technologies (AI, automation, advanced analytics) to optimize service delivery.
 - Direct IT governance and budgeting, ensuring that technology investments provide maximum ROI and operational efficiency.
 - Oversee the engineering leadership to establish high standards for software development lifecycles (SDLC) and systems reliability.
Perks and Benefits
 - Health Coverage: HMO benefits to ensure your health and peace of mind.
 - Medicine Subsidies: Quarterly medicine vouchers for use on our website.
 - Paid Time Off: Paid leaves to rest, recharge, and attend to personal priorities.
 - Performance Incentives: Recognition through promotion opportunities and performance-based bonuses.
 - Growth and Impact: A clear path for professional development and the opportunity to make a tangible impact on patient health.
Application Process
Our application process typically takes one to three weeks, depending on your availability and progress:
Step 1: Submit your application form and complete the online assessment within seven days. Afterwards, results are shared in one to three business days.
Step 2: Qualified candidates attend a full-day onsite evaluation. Progression depends on performance at each stage. HR will notify you if your evaluation concludes early. Please arrive at the venue between 8:00 AM and 9:00 AM. The detailed schedule is as follows:
Initial Assessment
 - 8:00 AM - 10:00 AM: Onsite Assessment in 30-minute Batches
 - 10:30 AM – 12:00 PM: HR Panel Interview
Supplementary Assessment (as needed)
 - 12:00 PM – 1:00 PM: Lunch Break
 - 1:00 PM – 4:00 PM: One-on-One Interviews
 - 4:00 PM – 5:30 PM: CEO Forum
Step 3: Final review and background checks occur within three business days. Additional interviews may be requested.
Step 4: Receive final results within five to seven business days.","- Bachelor's degree in Computer Science, Information Technology, or a related field.
 - 6-12 years of experience in IT leadership, software architecture, or systems engineering.
 - Expertise in cloud infrastructure, data security standards, and enterprise digital transformation.
 - Strong leadership skills with experience managing high-performing technical teams.
 - Must work onsite in Makati City.",,2026-01-27T07:15:11.275706+00:00,2026-08-28T02:02:38.914786+00:00,2026-10-04T16:00:00+00:00,2026-09-10T19:39:25.550421+00:00,True,False,False,public,2026-09-11T11:14:11+00:00
263553,Jr. Network and Computer System Associate,jr-network-and-computer-system-associate,https://www.kalibrr.com/c/multisys-technologies-corporation/jobs/263553/jr-network-and-computer-system-associate,Multisys Technologies Corporation,multisys-technologies-corporation,Information Technology / IT,https://www.multisyscorp.com/,True,IT and Software,Full time,1,200,0,550,False,True,False,Parañaque,Metro Manila,Philippines,"#14, Mt. of Olives St, Moonwalk, Parañaque, Metro Manila, Philippines",14.47121,121.02198,True,,,,,"Job Summary:
The Jr. Network and Computer System Associate is responsible for providing support and maintenance for the organization's network and computer systems. This includes managing the network infrastructure, maintaining servers and workstations, and troubleshooting technical issues. Moreover, this role is also responsible for providing technical support to employees, troubleshooting technical issues, application installation, computer and laptop set up, and managing user accounts.","Qualifications:
 - Bachelor's degree in computer science or related field.
 - 1-2 years of experience in network and system administration.
 - Strong understanding of networking and systems concepts.
 - Ability to troubleshoot and resolve technical issues.
 - Strong understanding of operating systems, including Windows, Linux, and macOS.
 - Ability to configure and manage network devices such as routers, switches, and firewalls.
 - Excellent communication and interpersonal skills.
 - Ability to work independently and as part of a team.",,2026-02-04T09:11:58.362384+00:00,2026-09-01T08:15:12.706651+00:00,2026-10-01T06:31:39.249616+00:00,2026-09-11T08:38:52.704368+00:00,True,False,False,public,2026-09-11T11:13:47+00:00
263941,Community Associate | Receptionist,community-associate-receptionist,https://www.kalibrr.com/c/hire-manila/jobs/263941/community-associate-receptionist,Hire Manila,hire-manila,Staffing / Recruiting,https://hiremanila.com/ ,True,Customer Service,Full time,15,200,0,550,False,False,False,Muntinlupa,Metro Manila,Philippines,"2nd, 8767, Paseo de Roxas, Bel-Air, Muntinlupa, Metro Manila, Philippines",14.41172,121.04118,True,,,,,"We are looking for a Community Associate to be the front-of-house ambassador of Prosmash. This role is responsible for delivering a warm, energetic, and professional first impression while ensuring smooth daily operations at the reception area.
You will handle member check-ins, bookings, inquiries, and basic sales support, while helping create a welcoming community environment where members feel recognized, supported, and excited to return.
This role is ideal for someone who is friendly, organized, service-oriented, and enjoys working in an active, people-focused environment.
Front Desk & Member Experience
 - Greet all members and guests warmly and professionally
 - Handle member check-ins, court bookings, and walk-in inquiries
 - Manage daily attendance logs and booking schedules
 - Assist new members with onboarding and basic facility orientation
 - Respond to basic questions about programs, schedules, and promotions
 - Ensure reception area is clean, organized, and presentable at all times
Sales & Booking Support
 - Assist in promoting club programs, classes, events, and memberships
 - Upsell packages, merchandise, and coaching sessions when applicable
 - Handle payment collection and issue official receipts
 - Support promotions, referral programs, and event registrations
Administrative & Operations Support
 - Maintain accurate records of bookings, payments, and member information
 - Coordinate with coaches and operations staff regarding schedules
 - Report incidents, member feedback, and facility concerns to management
 - Assist with inventory tracking for merchandise and supplies
 - Support basic reporting (daily sales, attendance, incident logs)
Community & Events Support
 - Help facilitate tournaments, leagues, and social events
 - Assist with event registrations and crowd flow during busy periods
 - Encourage positive community interactions among members
 - Support social media content capture when needed (photos, short videos)","- College level or graduate of any business, hospitality, sports, or related course preferred
 - With at least 1 year experience in reception, customer service, hospitality, gym, or club environment (fresh grads with strong people skills may be considered)
 - Excellent communication and interpersonal skills
 - Friendly, confident, and professional demeanor
 - Organized and detail-oriented
 - Comfortable using basic computer systems, POS, and booking software
 - Willing to work flexible shifts, weekends, and holidays
 - Good-to-haves
 - Interest in sports, fitness, or wellness
 - Experience in gym, sports club, hotel, or coworking front desk
 - Sales-oriented mindset and comfortable offering promotions
 - Social media savvy for basic content support",,2026-02-16T02:09:09.290128+00:00,2026-07-17T06:16:26.763367+00:00,2027-07-17T06:16:26.763367+00:00,2026-09-10T04:45:20.232316+00:00,True,False,False,public,2026-09-11T11:20:39+00:00
264224,HR Business Partner,hr-business-partner-3,https://www.kalibrr.com/c/ateneo-de-manila-university-1/jobs/264224/hr-business-partner-3,Ateneo de Manila University,ateneo-de-manila-university-1,Higher Education / Academia,http://www.ateneo.edu/,True,Human Resources,Full time,1,200,0,550,False,False,False,Quezon City,Metro Manila,Philippines,"Katipunan Ave, Loyola Heights, Quezon City, Metro Manila, Philippines",14.67297,121.04949,True,,,,,"Summary of Work Activities and Responsibilities:
The HR/OD Client Partner Officer III assists the organization operate at its optimum by ensuring that client concerns are properly attended to, queueing process is managed, trends are analyzed, and recommendations to improve current ways of proceeding are coordinated with the different HR offices and pertinent stakeholders. The position shall serve as a liaison between the HR and the assigned client unit.
Main Duties and Responsibilities:
I. Client Partnership Engagement
 - Keeps abreast with trends and changes happening in and outside the University and determines how it affects the HR Cluster, and contributes to the overall employee engagement and experience.
 - Works towards improving HR/OD systems in support of the academic and the administrative clusters’ realities and plans, and how it translates to the experience of the employees and leaders working in the University.
 - Partners with leaders and employees, coaching and supporting them on issues related to team dynamics, working conditions, change management, and performance effectiveness.
 - Serves as a conduit between the unit’s leadership team, the employees and the University management in relation to HR/OD matters.
 - Liaises with clients for their HR/OD-related concerns and requirements and recommends new systems and technologies for possible improvements in the efficiency and accuracy of work processes.
 - Monitors the cluster and the school calendars, including administrative appointments, and ensures that HR Cluster programs and services align with the client’s schedule and workloads.
 - Monitors HR/OD policies and programs that affect employment conditions and employee well-being, and recommends updates and/or development of new initiatives.
 - Reviews programs to check on our working conditions as it affects how employees connect with the University, the work they perform, and the interactions they have with their colleagues.
 - Initiates conversations and collaborates with affected offices and administrators on how to address brewing or presenting employee concerns.
 - Collaborates with the different HR offices to bring relevant and up to date information.
 - Attends the concerns of the units and proposes preventive mechanisms and/or risk mitigations.
 - Coaches and supports leaders and colleagues with issues related to work challenges, change management efforts, and managing performance effectiveness with the goal of improving work relationships, building morale, and increasing productivity and boosting employee retention.
 - Assists in handling and managing arising concerns and conflict situations within the Office and with clients.
II. Section Support
 - Monitors metrics and quality measures with the assigned cluster/school leadership team to determine the academic cluster’s HR/OD initiatives’ progress by regularly checking, monitoring, and evaluating the progress and achievement of agreed deliverables and timelines.
 - Assists in conducting studies and audits policies, systems, processes, and programs with employee engagement and experience in mind.
 - Monitors the implementation of programmatic and systemic review of systems, programs, and processes.
 - Assists in the assessment, evaluation and analysis of Office systems, design, programs, procedures vis-à-vis benchmarked trends, practices, and standards to ensure continuous improvement, maintenance of and adjustment in service delivery.
 - Recommends HR/OD policies and strategies necessary to improve Office systems in support of the academic and the administrative clusters, and the University.
III. Performs other office-related tasks as may be assigned by immediate supervisor or authorized representative.","Knowledge, Skills, and Abilities 
 - Systems Thinking: Ability to see interconnections and relationships of systems and processes and requirements.
 - Needs Assessment: Ability to conduct needs assessment, which includes data gathering, data analysis, and assessments to determine best course of action.
 - Networking and Relationship Management: Ability to establish, develop and maintain productive relationship with partners and other stakeholders over time. Ability to innovate and partner with stakeholders on changes brought about by the innovations; able to collaborate and deal with different levels of stakeholders.
 - Data Management: Knowledge of data gathering methods, data mapping, data and statistical analysis; ability to communicate data that is relatable and in such a way that can inspire action.
 - Technical Acumen: Knowledge of labor laws, statistics, qualitative and quantitative methodologies
 - Technological Savvy: Ability to utilize information technology and computer and internet systems to accomplish tasks.
 - Records Management: Ability to systematically organize, store, update, and protect records throughout their life cycle – from the time of creation or receipt to their eventual disposition/turnover.
 - Service Orientation: Actively looking for ways to help people; Ability to relate with client well-pleasing, warm, patient and respectful in dealing with people.
 - Critical Thinking: Ability to collect and consolidate information, and make sound
 - decisions & solve problems by weighing possible benefits, risks, and other implications; with a legal sense or familiarity with legal laws or regulations.
 - Interpersonal Skills: Ability to effectively relate, collaborate, and negotiate with different job levels in different circumstances, taking into consideration their needs, feelings, and context.
 - Communication Skills: Ability to disseminate information/message in various modalities for different stakeholders; this includes preparing reports and infographics
Education and Experience Requirements: 
 - Bachelor’s Degree in Psychology/Management or related course
 - Master’s Degree in Psychology or Business is an advantage
 - At least three (3) years of experience facilitating groups and proposing interventions
 - At least three (3) years of experience in managing clients and HR client partnering
 - Experience or knowledge on several work process improvement, organizational design, people analytics, and data mapping
 - Experience in an academic setting is an advantage",,2026-02-24T08:00:38.982630+00:00,2026-09-08T07:49:14.286397+00:00,2026-10-31T16:00:00+00:00,2026-09-08T12:17:25.140226+00:00,True,False,False,public,2026-09-11T11:22:04+00:00
264238,Data Analyst | Emerging Technologies,data-analyst-emerging-technologies,https://www.kalibrr.com/c/questronix-corporation/jobs/264238/data-analyst-emerging-technologies,Questronix Corporation,questronix-corporation,Information Technology / IT,https://questronix.com.ph/,True,IT and Software,Full time,2,400,0,550,False,True,False,Makati,Metro Manila,Philippines,"178 Yakal St. Brgy. San Antonio, Makati, Metro Manila, Philippines",14.55491,121.03508,True,,,,,"- 
 - Collect, clean, and preprocess data from various sources to ensure accuracy and consistency.
 - Perform exploratory data analysis to identify trends, patterns, and correlations.
 - Develop and maintain dashboards, reports, and visualizations to communicate key insights to stakeholders.
 - Collaborate with stakeholders to define business requirements and develop analytical solutions to address their needs.
 - Conduct statistical analysis and predictive modeling to support decision-making processes.
 - Stay up-to-date with industry trends, best practices, and emerging technologies in data analysis and visualization.
 -","- 
 - Bachelor's degree in Computer Science, Statistics, Mathematics, Economics, or related field.
 - At least 2 years of experience in data analysis, dashboard and reports creation, database manipulation and statistical analysis or related role.
 - Proficiency in SQL, Python, R, or other programming languages for data analysis.
 - Strong analytical skills with the ability to interpret complex datasets and generate actionable insights.
 - Experience with data visualization tools such as Tableau, Power BI, or matplotlib.
 - Excellent communication and presentation skills, with the ability to effectively communicate technical concepts to non-technical stakeholders.
 - Detail-oriented with a commitment to accuracy and quality.
 -",,2026-02-25T00:27:57.047357+00:00,2026-07-08T01:36:56.553559+00:00,2027-02-24T16:00:00+00:00,2026-09-09T15:41:39.275057+00:00,True,False,False,public,2026-09-11T11:16:35+00:00
264593,Machine Learning Specialist {LLM},machine-learning-specialist-llm,https://www.kalibrr.com/c/ncs-philippines/jobs/264593/machine-learning-specialist-llm,NCS Philippines Inc. ,ncs-philippines,Information Technology / IT,https://www.ncs.co,True,IT and Software,Full time,5,400,0,550,False,False,False,Taguig,Metro Manila,Philippines,"7th Floor, Fort Bonifacio, Taguig, Metro Manila, Philippines",14.51259,121.05872,True,,,,,"- Execute performance tuning activities for model serving infrastructure to maintain optimal latency and throughput.
 - Conduct post-deployment validation checks to ensure model prediction stability, API responsiveness, and overall service quality.
 - Support the enhancement of operational pipelines, including CI/CD workflows, configuration templates, and automated monitoring scripts.
 - Participate in service reliability reviews to improve platform uptime, incident response processes, and operational readiness.
 - Coordinate closely with DevOps and Platform Engineering to address infrastructure-level concerns related to model hosting and deployment.
 - Assist in the rollout of platform-level improvements, including model registry enhancements, container optimization, and new monitoring tools.","Key Requirements: (Must have)
-Machine Learning Operations (MLOPS)
-With Cloud background- AWS, GCP, Azure, Alibaba etc)
-Understanding SQL (Data Pipelines)/ Data Engineering
-Containerization (Docker and Kubernetes)
Other Qualifications:
-Minimum of 2+ years hands-on experience in a production environment covering MLOps, Data Engineering, or Software Engineering.
-Demonstrated ability to meet and exceed strict Service Level Agreements (SLAs), especially those related to system uptime, stability, incident response, and resolution.
-Experience supporting cloud-hosted ML systems in distributed, high-availability environments.
Knowledge:
-Strong understanding of model deployment workflows, including model versioning, serving, rollout strategies, and post-deployment validation.
-Knowledge of cloud platforms (e.g., AWS Cloud) and their native ML services used for hosting, monitoring, and managing model endpoints.
-Familiarity with containerization (Docker) and orchestration (Kubernetes) for scalable ML serving infrastructure.
-Understanding of performance monitoring concepts, including latency tracking, model health indicators, and drift signals.
-Knowledge of CI/CD processes, configuration templates, and automated operational workflows specific to ML systems.
Skills:
-Proven expertise in MLOps, specifically managing model deployment, proactive monitoring, incident resolution, and performance tuning.
-Ability to write and maintain automation scripts, validation utilities, and operational workflows to support ML pipelines.
-Ability to collaborate effectively with DevOps, Data Science, and Platform Engineering teams to improve model reliability and system stability.
-Skilled in applying structured software development methodologies (e.g., Agile/Scrum) to support platform enhancements and iterative delivery.
-Strong analytical, troubleshooting, and root-cause diagnosis skills in production environments.",,2026-03-05T03:04:20.407948+00:00,2026-03-05T03:04:55.286344+00:00,2026-12-30T16:00:00+00:00,2026-08-31T09:05:33.944987+00:00,True,False,False,public,2026-09-11T11:21:33+00:00
264640,IT Network Business Analyst,it-network-business-analyst,https://www.kalibrr.com/c/ncs-philippines/jobs/264640/it-network-business-analyst,NCS Philippines Inc. ,ncs-philippines,Information Technology / IT,https://www.ncs.co,True,IT and Software,Full time,3,200,0,550,False,True,False,Taguig,Metro Manila,Philippines,"7th Floor, Fort Bonifacio, Taguig, Metro Manila, Philippines",14.51259,121.05872,True,,,,,"General Responsibilities:
The Business Analyst is responsible as the liaison between the business/client and the project team. The Business Analyst is responsible for data gathering, validation, analysis of requirements, understanding the current situation, and aligning the solutions with the client’s business processes and needs.
Duties and Responsibilities:
 - Liaise with stakeholders to understand business processes, system features, needs and objectives, and challenges and pain-points effectively
 - Influence stakeholders for best solution implementation while removing blockers and suggesting best approach
 - Manage requirements with the use of effective application of change control processes and tools
 - Evaluate business processes, anticipate requirements, uncover areas for improvement, and develop and implement solutions
 - Implement organizational change management activities
 - Collaborates with subject matter experts to provide recommended IT solutions and process improvement plans to clients addressing their pain points.
 - Ensures general understanding of high and low-level information between all project stakeholders.
 - Reviews testing scenarios to ensure that they are aligned with requirements stated in software documentation.
 - Conducts user acceptance testing, providing post-implementation support to business stakeholders and end-users through user manual documentation and facilitation of user training.
 - Documents high-level and detailed user requirements that may span multiple business domains.
 - Documents current and to-be business processes and high-level product requirements specifications.
 - Documents detailed functional and non-functional requirements (i.e. Performance/Turnaround Time, Data Retention, Usability, Interoperability, etc.)in use-case format.
 - Creates a walkthrough deck in preparation for the UAT proper.
 - Documents user manuals and training decks for post-implementation support","- At least graduate with a Bachelor’s or Master's Degree in IT, Computer Science, Engineering, or any related course.
 - Experienced in software development lifecycle using Agile methodologies including Requirements Engineering, Process Definition and Mapping, Change Management.
 - Knowledgeable with diagramming techniques
 - With background on network
 - Amendable to work on a hybrid work set up",,2026-03-06T02:01:20.694631+00:00,2026-03-06T02:01:56.573222+00:00,2026-12-30T16:00:00+00:00,2026-09-11T06:36:07.075407+00:00,True,False,False,public,2026-09-11T11:17:45+00:00
264685,Remote Digital Marketing Operations Specialist II and HubSpot Expert,remote-digital-marketing-operations-specialist-ii-and-hubspot-expert,https://www.kalibrr.com/c/leapfroggr-inc/jobs/264685/remote-digital-marketing-operations-specialist-ii-and-hubspot-expert,LeapFroggr Inc.,leapfroggr-inc,careers@leapfroggr.com,https://seriousmd.com,True,Media and Creatives,Full time,5,400,0,550,False,False,True,Manila,Metro Manila,Philippines,"439, Escolta Street , Manila, Metro Manila, Philippines",14.60488,120.98626,True,40000,50000,PHP,month,"About Us
Company Confidential is a fast-growing, dynamic firm providing top-tier managed business services to clients worldwide. We’re passionate about building scalable systems, delivering exceptional service, and growing together as a team.
Position Overview
We are seeking a Digital Marketing Operations Specialist (HubSpot Expert) with 5+ years of experience to build marketing systems, execute high-impact campaigns, and support scalable marketing operations for both internal teams and clients.
You will serve as a go-to expert for HubSpot and marketing operations, driving automation, analytics, content development workflows, and cross-functional process optimization with both strategic and hands-on contributions.
The ideal candidate is a proactive selfstarter with a collaborative mindset and a strong desire to contribute to a positive, highperformance culture.
Position Overview
 - Own the configuration, optimization, and governance of HubSpot (workflows, automation, lists/segments, forms, CRM settings, tracking, dashboards, reporting).
 - Maintain and improve the MarTech stack; ensure system reliability, data cleanliness, documentation, and scalability.
 - Build, launch, and optimize multi-channel digital campaigns across social, search, and email.
 - Develop cost-efficient, high-ROI marketing engines for internal teams and external clients.
 - Create playbooks, QA processes, SLAs, and workflow standards to improve operational efficiency.
 - Gather, analyze, and report on KPIs (UTMs, attribution, funnel metrics, conversion rates).
 - Present insights and optimization recommendations to leadership and client stakeholders.
 - Coordinate briefs, assets, calendars, and deliverables with cross-functional teams.
 - Mentor junior contributors and support a collaborative, high-performance culture with a path toward supervisory/player-coach responsibilities.
How to Apply
Submit your resume, a brief cover letter, and any relevant certifications or work samples.","Required Qualifications
 - 5+ years in digital marketing and/or marketing operations with proven campaign execution.
 - Advanced HubSpot skills (automation, workflows, segmentation, lifecycle management, dashboards).
 - Strong analytical and optimization mindset; deep familiarity with attribution, UTMs, and funnel metrics.
 - Excellent English communication; high attention to detail and organization.
 - Ability to work independently and manage multiple priorities in a remote environment.
 - Flexibility to support international time zones. 
 - Own computer and reliable internet connection.
Preferred Qualifications
 - HubSpot certification (or equivalent advanced credentials).
 - Familiarity with other standard CRM/MarTech systems - a plus.
 - Background in scaling marketing teams in fast-growth environments.
 - Graphic design capability (Canva/Adobe) - a plus.
 - Experience with Teamwork or similar project management platforms (Asana, ClickUp, Monday) - a plus.
 - Experience supporting international or US-based clients.",,2026-03-08T12:40:29.426627+00:00,2026-03-08T12:44:15.371829+00:00,2027-03-07T16:00:00+00:00,2026-09-10T20:27:36.814634+00:00,True,False,False,public,2026-09-11T11:21:05+00:00
264898,Creative Manager,creative-manager-2,https://www.kalibrr.com/c/sg-interactive-inc/jobs/264898/creative-manager-2,"SG APAC, Inc.",sg-interactive-inc,Graphic Design / Web Design,https://www.slidegenius.ph/careers/,True,Media and Creatives,Full time,1,400,0,550,False,False,False,Bacolod City,Negros Occidental,Philippines,"Banago, Bacolod City, Negros Occidental, Philippines",10.69428,122.96033,True,,,,,"Creative Managers at SlideGenius are dedicated to fostering the growth of their direct reports and cultivating high-performing teams. They prioritize team leadership and training over hands-on design work, reflecting their growing passion for sharing knowledge and fostering the growth of the design team. They bring invaluable expertise in design and client management to mentor and empower others using their extensive experience, playing a crucial role in the team's development and success. Creative Managers report to the Director of Creative Development, who relies on Creative Managers to oversee the design team.
Duties/Responsibilities:
Design Team Training/Mentorship
 - Manage and train design team members to achieve department objectives.
 - Brainstorm, suggest, critique, and demonstrate design and layout concepts that are in accordance with SlideGenius design standards and client expectations.
 - Clearly communicate with client and internal feedback and edits.
 - Adhere to and educate others on client and/or internal branding guidelines.
 - Coordinate, enforce, and develop training programs, policies, and procedures.
 - Keep abreast of industry trends for continuous improvement within the team.
 - Cultivate a collaborative, inclusive team culture that fosters creativity and professional growth.
 - Assess organizational needs/trends for training opportunities.
Performance Management
 - Monitor performance metrics, identify trends, and determine coaching needs.
 - Conduct consistent and effective 1on1 meetings.
 - Develop personal growth opportunities for direct reports.
 - Communicate job expectations and appraise job results.
 - Coach, counsel, and provide feedback to employees.
 - Develop and implement performance plans and update supporting documentation.
Administrative
 - Contribute to meetings/events.
 - Review potential design team applicants, conduct interviews, and provide feedback.
 - Perform managerial duties over direct reports (timesheet/PTO approvals, performance evaluations, scheduling, updating personnel documentation, etc.).
 - Ensure a safe, secure, and legal work environment.","Required Skills/Abilities:
 - Extensive experience with Microsoft PowerPoint.
 - Proficiency in Adobe Creative Suite, particularly Illustrator and Photoshop.
 - Ability to learn new creative software.
 - Skilled at curating curriculum content based on subject matter expertise.
 - Has a consistent track record of successful mentorships.
 - Shows aptitude and desire to manage a team.
 - Excellent interpersonal, leadership, and decision-making skills.
 - Patient, positive team approach.
 - Detail-oriented, collaborative, and facilitative.
 - Strong written and verbal communication skills.
 - Organizational ability and multitasking skills.
Education and Experience:
 - 3+ years as a successful Manager, Art Director or equivalent role.
 - Bachelor’s Degree or equivalent related to Graphic Design.
 - 5+ years of graphic design experience.
 - Minimum of 3 years’ experience designing presentations in PowerPoint.
Physical/Other Requirements:
 - Prolonged periods of sitting at a desk and working on a computer.
 - Must be able to speak on the phone and/or in person.
 - Willing to work the graveyard shift.
 - Can work fully onsite at our Bacolod office.
This is not intended to be all-inclusive. Other responsibilities and/or qualifications may be assigned by management as appropriate.",,2026-03-12T06:44:58.607070+00:00,2026-03-12T06:47:13.827909+00:00,2026-12-09T16:00:00+00:00,2026-09-11T00:41:06.962761+00:00,True,False,False,public,2026-09-11T11:21:43+00:00
264922,Quality Engineer,quality-engineer,https://www.kalibrr.com/c/astro-technologies-indonesia/jobs/264922/quality-engineer,Astro Technologies Indonesia,astro-technologies-indonesia,E-Commerce,http://www.astronauts.id,True,IT and Software,Full time,1,300,0,550,False,False,True,West Jakarta,DKI Jakarta,Indonesia,"27, Jalan Tomang Raya, Tomang Kel., Grogol Petamburan, West Jakarta, DKI Jakarta, Indonesia",-6.17147,106.82649,True,,,,,"About Astro
ASTRO is Indonesia's quick commerce company that delivers groceries and essentials to your door within 15 minutes. Founded in 2021 by a group of seasoned e-commerce executives and is backed trusted international investors, it is our mission to make people's lives simpler and easier by saving them time, energy, and money.
Just like real Astronauts that take off into outer space, Astro embodies the values of being fast, bold, adventurous, and technologically advanced.
Interested in working for a company that pushes the boundaries and strives to be the best? Join us now to be a part of this ground-breaking mission!
About this Position
This role is responsible for ensuring product quality across web and mobile applications by designing and executing thorough manual testing throughout the development lifecycle. The Quality Engineer will review product requirements, create test cases, identify and document defects, and work closely with Product and Engineering teams to validate expected system behavior before release. The role also involves API testing, maintaining test documentation, and leveraging tools or AI to improve test planning and QA efficiency..
Responsibilities
 - Review Product Requirement Documents (PRD) to understand business logic, product behavior, and technical requirements before testing begins.
 - Design and create detailed, structured, and traceable test scenarios and test cases based on PRD and functional requirements.
 - Perform manual testing across web, mobile, and API platforms to ensure product functionality, usability, and reliability meet quality standards.
 - Conduct API testing using Postman to validate request/response behavior, data integrity, and service integration.
 - Identify, document, and track bugs or issues clearly through Jira, ensuring proper reproduction steps and impact analysis are captured.
 - Work closely with engineers and product managers to reproduce issues, clarify requirements, and validate expected system behavior.
 - Manage and maintain test cases using TestRail, ensuring test coverage remains accurate and up to date throughout development cycles.
 - Document testing results, findings, and release readiness reports in Confluence to maintain transparency and traceability across teams.
 - Support release validation through regression testing to ensure new changes do not negatively impact existing functionality.
 - Utilize AI tools to assist QA activities, such as breaking down PRDs, generating test scenarios, and improving test planning efficiency.
 - Demonstrate understanding of basic test automation concepts and collaborate with engineers when automation is involved (e.g., WebdriverIO for mobile testing and Playwright for web testing).","- Bachelor’s degree in Computer Science or related field, or equivalent practical experience.
 - 2–4 years of experience in Quality Assurance / Quality Engineering, testing web and mobile applications (iOS & Android).
 - Strong understanding of the end-to-end QA lifecycle, including PRD review, test case design, test execution, defect reporting, and release validation.
 - Hands-on experience with QA tools such as Jira (ticketing), TestRail (test case management), and Postman (API testing).
 - Familiarity with Git and debugging tools such as browser developer tools, console logs, or device logs for issue investigation.
 - Experience working in Agile/Scrum environments, collaborating with Product, Engineering, and QA teams.
 - Strong analytical thinking and attention to detail, able to design tests covering both functional and edge-case scenarios.
 - Familiarity with automation testing tools (Playwright, Webdriver io) is a strong advantage.
 - Exposure to debugging tools (Web Console Logs, Android Studio logs) and CI/CD or automation testing pipelines is a plus.",,2026-03-12T16:33:01.158807+00:00,2026-09-23T10:34:15.810863+00:00,2027-09-23T10:33:07.418000+00:00,2026-10-09T01:02:17.032484+00:00,True,False,False,public,2026-10-09T08:12:24+00:00
265013,Site Reliability Engineer,site-reliability-engineer,https://www.kalibrr.com/c/awsys-i/jobs/265013/site-reliability-engineer,"Advanced World Systems, Inc. / Advanced World Solutions, Inc. (AWS)",awsys-i,Information Technology / IT,http://www.awsys-i.com,True,IT and Software,Full time,2,300,0,550,False,False,False,Cebu City,Central Visayas,Philippines,"6F, Cebu City, Central Visayas, Philippines",10.40041,123.8547,False,40000,60000,PHP,month,"You will be working with our SRE team which consists of more than a dozen Linux experts. The team has:
 - A multinational culture with the aim of growing your knowledge and career with patience.
 - Small and big tickets/projects allow all team members to not focus on a specific task but rather to experiment with a lot of situations in parallel.
 - Ability to learn a lot about bigger infrastructures with all members helping each other constantly.
 - Harmonious and active atmosphere.
 - Good honest communication and leadership within the team.
 - Tech Stack: RedHat, CentOS, Ubuntu, Gitlab, Docker, FreeIPA, Bind, oVirt, OpenStack, Keepalived, HAProxy, Pacemaker, Prometheus, TICK Stack, Splunk, DRBD, Puppet, Nagios, Icinga,Ansible","- 
 Bachelor’s (or higher) degree in Computer Science, Computer Engineering or other related technical fields
 - 
 Business level English and Business Level Japanese is nice to have
 - 
 Minimum 5 years of experience supporting Linux systems
 - 
 Familiarity with infrastructure as code concepts
 - 
 A proactive approach to spotting problems, areas for improvement, and performance bottlenecks
 - 
 Experience and familiarity with Git, Ansible, and Puppet, or similar orchestration and version control tools.
 - 
 Competency or ability to quickly learn to support any of the Unix-like (Linux) systems
 - 
 Good foundation and knowledge of Linux Network Internals
 - 
 Experience working on Identity Management System (FreeIPA, Active Directory, etc.)
 - 
 Flexible with occasional 24x7 support including holiday/weekends/night onsite or remote support if required
 - 
 Experience with Bash, Python, or Ruby scripting or any other programming languages
 - 
 Have a desire to document all the things so you don't need to learn the same thing twice
 - 
 Experience container infrastructures (Eg. Docker)
 - 
 Operating OpenStack or any similar Private Cloud experiences is nice to have",,2026-03-16T06:23:25.788770+00:00,2026-08-25T02:44:53.050503+00:00,2026-10-14T16:00:00+00:00,2026-09-04T05:43:20.942037+00:00,True,False,False,public,2026-09-11T11:16:52+00:00
265016,Cloud Engineer,cloud-engineer,https://www.kalibrr.com/c/awsys-i/jobs/265016/cloud-engineer,"Advanced World Systems, Inc. / Advanced World Solutions, Inc. (AWS)",awsys-i,Information Technology / IT,http://www.awsys-i.com,True,IT and Software,Full time,1,300,0,550,False,False,False,Cebu City,Central Visayas,Philippines,"6F, Cebu City, Central Visayas, Philippines",10.40041,123.8547,False,70000,100000,PHP,month,"You will belong to the Cloud team, to which are responsible for:
 - Deploying and maintaining all of our OpenStack infrastructure and Cloud related technologies.
 - Regularly reviewing existing systems and making recommendations for improvements.
 - Stay well-informed of failures and complications related to our cloud platform
 - Responsible for debugging technical issues inside a complex stack involving virtualization, containers, etc.
 - Designing and implementing features for infrastructure software components or services, and own software changes from idea to production.
 - Managing cloud environments in accordance with company security guidelines.
 - Employing exceptional problem-solving skills, with the ability to see and solve issues before they snowball into problems.
 - Migrating complex, multi-tier applications on our Cloud platforms.","Required:
 - Bachelor’s (or higher) degree in Computer Science, Computer Engineering or other related technical fields.
 - Minimum 5 years of experience supporting Linux systems
 - Familiar with OpenStack, virtualization, KVM, and other Cloud technologies
 - Familiarity with any of leading Public Cloud Platform - Azure, GCP & AWS
 - Experience in configuring and managing Cisco ACI and related network infrastructure
 - Solid understanding of Linux and Networking is a must
 - A strong understanding of Storage and Raid levels is a must
 - Familiarity with infrastructure as code concepts
 - Have experience with or willingness to learn new technologies including Ubuntu Canonical tools and products (MaaS, Juju, Lxc, KVM, etc).
 - Experience in at least 2 programming languages like Bash, C, Python, GO, etc.
 - Interest in Cloud Engineering and its impact on greater business practices.
 - Willingness to learn and work with new and emerging technologies
 - Basic Level Japanese is good to have but not required
Nice to have:
 - Experienced in deploying Ceph is a plus
 - Experienced in deploying and supporting OpenStack
 - Experienced in deploying kubernetes in a production environment",,2026-03-16T06:54:29.037845+00:00,2026-06-15T02:21:43.044902+00:00,2027-06-15T02:21:43.044902+00:00,2026-09-04T23:01:23.225951+00:00,True,False,False,public,2026-09-11T11:17:20+00:00
265088,Software Developers,software-developers,https://www.kalibrr.com/c/awsys-i/jobs/265088/software-developers,"Advanced World Systems, Inc. / Advanced World Solutions, Inc. (AWS)",awsys-i,Information Technology / IT,http://www.awsys-i.com,True,IT and Software,Full time,3,300,0,550,False,True,False,Cebu City,Cebu,Philippines,"6th Floor i1 Bldg., Cebu City, Cebu, Philippines",10.40041,123.8547,True,,,,,"- Develop and maintain web applications for AI-related projects
 - Build front-end applications using JavaScript and React
 - Develop backend services using Node.js and Python
 - Integrate AI or data-driven features into web applications
 - Troubleshoot, debug, and improve system performance
Collaborate with cross-functional teams","Bachelor’s degree in Computer Science, IT, or related field
 - Has a minimum of 4 years related experience (mid to senior level)
 - Experience in web application development
 - Proficient in JavaScript, React, and Node.js
 - Strong experience in Python development
 - Familiar with APIs and system integration
 - Strong problem-solving skills",,2026-03-17T06:57:46.981229+00:00,2026-07-27T07:47:35.126633+00:00,2026-10-26T16:00:00+00:00,2026-09-09T22:22:57.750903+00:00,True,False,False,public,2026-09-11T11:14:38+00:00
265141,Payroll Officer,payroll-officer-3,https://www.kalibrr.com/c/multisys-technologies-corporation/jobs/265141/payroll-officer-3,Multisys Technologies Corporation,multisys-technologies-corporation,Information Technology / IT,https://www.multisyscorp.com/,True,Human Resources,Full time,1,200,0,550,False,False,False,Parañaque,Metro Manila,Philippines,"#14, Mt. of Olives St, Moonwalk, Parañaque, Metro Manila, Philippines",14.47121,121.02198,True,,,,,"A Payroll Officer maintains employee masterlists, reviews periodic time reports, and manages tickets. Additionally, facilitating the processing of company and government loans, and precisely computing contributions such as SSS, HDMF, PHIC, and employee withholding tax. Furthermore, he/she serves as a point person for all compensation and benefits-related concerns.","- Bachelor's degree in Human Resources Management, Psychology, Behavioral Science or similar field
 - With at least 3-year experience in compensation and benefits
 - Strong knowledge of the Labor Code if the Philippines
 - Fluent in English and Filipino",,2026-03-18T07:41:34.717619+00:00,2026-09-01T08:15:37.678192+00:00,2026-10-01T06:31:39.293261+00:00,2026-09-11T05:06:36.887196+00:00,True,False,False,public,2026-09-11T11:18:48+00:00
265202,Technical Designer,technical-designer,https://www.kalibrr.com/c/sprout/jobs/265202/technical-designer,Sprout Solutions,sprout,Information Technology / IT,http://sprout.ph/,True,Manufacturing and Production,Full time,1,400,0,550,False,False,False,Mandaluyong,Metro Manila,Philippines,"7th Floor, United St, Highway Hills, Mandaluyong, Metro Manila, Philippines",14.5789,121.04414,True,,,,,"- Prepare detailed cabinet shop drawings and technical plans. 
 - Convert concept designs into production-ready drawings. 
 - Produce 3D models, exploded views, and assembly drawings. 
 - Ensure accuracy in dimensions, materials, joinery, and hardware placement.
 - Design modular cabinet layouts for kitchens, wardrobes, vanities, and storage systems
 - Optimize cabinet configurations for space efficiency and functionality. 
 - Develop standard cabinet modules and components. 
 - Work with interior designers and architects to interpret design intent.
 - Coordinate with production teams and fabricators to ensure manufacturability. 
 - Provide technical support during fabrication and installation.
 - Specify materials, laminates, finishes, and hardware.
 - Ensure compatibility with manufacturing processes and supplier standards. 
 - Ensure cabinets integrate properly with walls, appliances, plumbing, and electrical systems.
 - Ensure drawings follow company standards and industry practices. 
 - Can understand how modular cabinets are structured and standardized.
 - Prepare bill of materials (BOM), cutting lists, and hardware schedules. 
 - Convert concept designs, sketches, or client layouts into accurate CAD drawings.
 - Review and revise drawings based on client feedback or site measurements.","- Bachelor’s degree in Industrial Design, Interior Design, Furniture Design and or Architecture courses. 
 - Minimum of two (2) years’ work experience in cabinetry, furniture, or interior fit-out technical designs good working and technical knowledge around fit-out, cabinet making and furniture.
 - Proficient in any of this software, AutoCAD, Sketchup, REVIT, Lumion, Cabinet Vision and other computer-aided design and drafting software used in Cabinetry. 
 - Knowledge in cabinet hardware mechanism and materials.
 - With background in Architecture, Interior Design or similar position.
 - Knowledgeable in making cutting list, cost estimates, bill of materials and similar tasks.
 - Must be willing to do fieldwork, site measurement or site inspection when needed. 
 - Can read, understand and interpret construction shop drawings. 
 - Knowledge of materials (plywood, MDF, laminates, solid wood, aluminum systems)
 - Good communication skills and ability to work as part of a team.",,2026-03-23T01:22:30.836461+00:00,2026-06-05T01:36:56.067423+00:00,2026-09-21T16:00:00+00:00,2026-09-11T04:11:02.206005+00:00,True,False,False,public,2026-09-11T11:20:57+00:00
265473,Healthcare Virtual Assistant that practices Excellence,healthcare-virtual-assistant-that-practices-excellence,https://www.kalibrr.com/c/achieve-wealth-technologies/jobs/265473/healthcare-virtual-assistant-that-practices-excellence,Achieve Wealth Technologies,achieve-wealth-technologies,Health / Fitness,https://www.achieveintegrativehealth.com/,True,Administration and Coordination,Full time,1,200,0,200,True,False,True,Cedar Park,Williamson,United States,"Cedar Park, Williamson, United States",30.50682,-97.82096,True,,,,,"Application Process:
1. Email us your resume with the following =
 - in PDF format only
 - Include ALL of the jobs you've worked at, with Month and Year. Do not leave any jobs out.
 - provide an explanation of any gaps in your work history
 - Include all compensation for every job, project, etc. Do not give us your hourly pay, only your annual compensation or total compensation for the project.
 - provide the reason why you are no longer with each company. Were you fired, did you quit, why?
 - if any of the above information is missing in your resume, you will automatically be disqualified.
2. Email us a 60-second video of yourself answering the following question:
 - What are the 3 most important things that the company you work for MUST do to show you that they care about you?
 - For example, if they don’t give me these 3 things then that means they don’t care about me.
 - The video Cannot Exceed 60 seconds, or you will automatically be disqualified.
3. Important: Please email the above two items to accounts(@)achieveih.com.
 - do not contact our company any other way.
 - Failure to follow all of the above instructions will result in automatic termination for further interview process.
- Note: we are not hiring to replace team members, we have very low turnover, we need new team members for a new branch of our company. Because we are highly selective you will see our job ad on this job board all the time.
Company: Achieve Wealth Technologies
Client: Achieve Integrative Health
Why Join Us
We Pursue Excellence — Always.
At our company, excellence is not optional; it’s our culture. Every team member is expected to give their best in attitude, discipline, and performance. When you join us, you’ll work with colleagues who are serious about growth, responsibility, and achieving world-class results.
Achieve Your Goals with Our Support.
We provide everything you need to succeed—training, resources, and mentorship—so you can achieve your professional, financial, and personal goals. All we ask is your commitment to achieving your own goals.
Peaceful and Joyful Team Environment.
We protect our culture of peace and joy through clear rules, discipline, and shared values. Our team members support each other, speak honestly, and always act with integrity. We do not tolerate gossip, entitlement, laziness, or negativity—only mutual respect, teamwork, and growth.
Benefits
 - Competitive Pay: $5–$12 USD/hour (graveyard shift only).
 - Growth Without Limits: Your growth depends only on your performance and results. Top performers can even become business partners.
 - Employee Benefits: Paid-time off, premium medical insurance, and Employee Savings Matching Program for qualified team members.
 - Work from Home: Eliminate long commutes and enjoy more time for family and personal life.
 - Wellness Support: Complimentary virtual health services for you and your family—because your well-being matters.
Job Responsibilities
 - Contact and qualify leads through calls, emails, and other communication channels.
 - Receive and handle incoming calls from potential patients, answer questions, and convert them into new patients.
 - Ensure every patient receives five-star service and feels valued.
 - Follow up with patients using our Care System to maintain satisfaction and loyalty.
 - Collect and share patient success stories during daily company meetings.
 - Manage patient check-in and check-out procedures accurately.
 - Verify insurance benefits and maintain detailed records.
 - Take on additional responsibilities based on your professional strengths.","Character Requirements & Qualifications
We only welcome team members who want to help people and perform with excellence. If you truly care about others and strive to do your best every day, you’ll fit perfectly into our team.
 - You must have a genuine heart to serve. We work to transform lives through better health. If your main focus is money, this is not the right team for you.
 - You must speak fluent English. Your communication must be clear and easily understood over the phone—no repetitions, no confusion.
 - You must be organized and efficient. Our environment is fast-paced. You’ll handle multiple tasks daily with accuracy and attention to detail. If you prefer to do very few tasks, this role won’t suit you.
 - You must follow instructions precisely. We value consistency and reliability. If you dislike reading procedures or following directions, we are not the right fit.
 - You must value results, not just effort. We reward performance, not activity. Your pay is tied directly to your results—your key performance indicators, metrics, and quotas—not how busy you appear to be.
 - You must be honest and have integrity. One act of dishonesty leads to immediate termination. We trust one another completely.
 - You must want to earn your rewards. We believe compensation should reflect results, not background or potential. If you want automatic pay raises without proven performance, this is not your place.
Workstation Requirements
 - You must have a separate quiet room to work in. You can not have your children or anybody else in the room that you work as your screen will be displaying confidential information, no exceptions.
 - There can not be any background noise in your room when you are making phone calls.
 - You will be required to provide photos of your workspace
 - We will also randomly ask you to show your workspace via your webcam, and if you are caught lying you will be fired immediately.
Computer and Internet Requirements:
 - Fast and reliable wired internet connection of not less than 100 Mbps
 - Secondary and Tertiary Back up Internet of not less than 10 Mbps
 - At least one Power Station Backup
 - Dual Monitor
 - Intel Core i3 or higher Operating System with at least 8gb ram
 - Excellent quality headset with microphone, and a working webcam
Work Schedule Options:
 - Full-time: U.S. Central Standard Time (Graveyard Shifts in Philippines/Indonesia) = roughly around 8am to 6pm cst. (2 hr lunch break)
 - Part-time: 13:00-18:30 CST mon-fri",,2026-03-30T16:17:49.565707+00:00,2026-08-14T15:16:49.111967+00:00,2026-10-31T05:00:00+00:00,2026-09-07T14:02:00.755850+00:00,True,False,False,public,2026-09-11T11:22:40+00:00
265586,Digital Rights Intern,digital-rights-intern,https://www.kalibrr.com/c/acromax-media/jobs/265586/digital-rights-intern,Acromax Media,acromax-media,Media Production,http://www.acromax-media.de/,True,Media and Creatives,Full time,3,200,0,550,True,False,False,Manila,Metro Manila,Philippines,"Manila, Metro Manila, Philippines",14.60488,120.98626,True,200,400,EUR,month,"- Learn to manage and publish content on the world's biggest platforms (YouTube, Spotify, Apple Music, TikTok, Facebook and more) under the guidance of our specialists
 - Complete hands-on training and pass supervised tests on YouTube content management — one of the most in-demand skills in digital media today
 - Take part in professional anti-piracy and digital rights protection training used by leading media companies worldwide
 - Build practical experience in Google Ads and music distribution through guided exercises and real workflows
 - Develop your skills step by step with daily mentoring and clear progress checkpoints throughout the internship","- English at B2 level or above (our training and team communication are in English)
 - Eager to learn and comfortable following structured processes
 - Basic computer skills (Excel, Google Sheets, browser tools)
 - No experience needed — we teach you everything from scratch
 Real chance of a permanent job offer at the end of the internship based on performance
 2-month paid internship
 Daily one-on-one mentoring from experienced digital media professionals",,2026-04-02T14:48:15.000459+00:00,2026-08-25T23:51:21.247238+00:00,2026-09-29T16:00:00+00:00,2026-09-11T06:32:26.726627+00:00,True,False,False,public,2026-09-11T11:20:24+00:00
265953,Fullstack Developer {Java and Spring Boot} [Hybrid] ®,fullstack-developer-java-and-spring-boot-hybrid,https://www.kalibrr.com/c/ncs-philippines/jobs/265953/fullstack-developer-java-and-spring-boot-hybrid,NCS Philippines Inc. ,ncs-philippines,Information Technology / IT,https://www.ncs.co,True,IT and Software,Full time,1,200,0,550,False,True,False,Taguig,Metro Manila,Philippines,"7th Floor, Fort Bonifacio, Taguig, Metro Manila, Philippines",14.51259,121.05872,True,,,,,"The Software Engineer is responsible for the design, architecture, and development of advanced software solutions. Adheres to the organization’s software solutions while following the best practices and standards set by the Software Development Group.","- Bachelor’s Degree in IT, Computer Science, Engineering, or any related degree.
 - At least 2 years of experience in Software Development
 - Extensive experience in Java
 - Extensive experience in Springboot
 - Experience in developing custom libraries
 - Capable of solving complex problems
 - Capable of integrating with multiple systems
 - Experience in overall systems design and architecture",,2026-04-14T03:46:05.530332+00:00,2026-04-14T03:47:35.276085+00:00,2027-04-13T16:00:00+00:00,2026-09-11T06:21:18.505566+00:00,True,False,False,public,2026-09-11T11:17:22+00:00
266064,SOC Analyst,soc-analyst,https://www.kalibrr.com/c/awsys-i/jobs/266064/soc-analyst,"Advanced World Systems, Inc. / Advanced World Solutions, Inc. (AWS)",awsys-i,Information Technology / IT,http://www.awsys-i.com,True,IT and Software,Full time,1,400,0,550,False,False,False,Cebu City,Cebu,Philippines,"Cebu City, Cebu, Philippines",10.40041,123.8547,True,,,,,"We are seeking an SOC Analyst with strong network security and server management experience, working in a role aligned with SRE (Site Reliability Engineering).
This role focuses on infrastructure management, network security, and real-time monitoring and incident detection to ensure system reliability and protection against cyber threats.
 - Manage and maintain servers, network infrastructure, and system deployments
 - Configure and administer network firewalls to secure systems and control traffic
 - Monitor system performance, availability, and security in real-time
 - Implement and maintain security controls (e.g., access control, whitelist management)
 - Detect and respond to potential threats, including intrusion attempts and vulnerabilities
 - Support server deployment, patching, and configuration management (SRE-aligned tasks)
 - Perform system troubleshooting, root cause analysis, and issue resolution
 - Implement and monitor DDoS protection and intrusion detection mechanisms
 - Collaborate with internal teams to improve system reliability and security posture
 - Maintain documentation for system configurations, security policies, and procedures","Qualifications
 - Bachelor’s degree in IT, Computer Science, or related field (or equivalent experience)
 - At least 10 years of experience in Systems Administration / Network / Infrastructure roles
 - Strong experience with network firewalls (e.g., Fortinet, Palo Alto, Cisco, MikroTik)
 - Experience in server deployment, configuration, and maintenance
 - Solid understanding of network protocols (TCP/IP, DNS, VPN, VLAN)
 - Experience in system monitoring, troubleshooting, and performance tuning",,2026-04-16T07:24:42.670890+00:00,2026-07-27T07:24:38.476978+00:00,2026-10-26T16:00:00+00:00,2026-09-05T11:15:17.099452+00:00,True,False,False,public,2026-09-11T11:15:15+00:00
266085,Data Architect  {Data Landscape & Lakehouse},data-architect-data-landscape-lakehouse,https://www.kalibrr.com/c/ncs-philippines/jobs/266085/data-architect-data-landscape-lakehouse,NCS Philippines Inc. ,ncs-philippines,Information Technology / IT,https://www.ncs.co,True,IT and Software,Full time,1,400,0,550,False,True,False,Taguig,Metro Manila,Philippines,"7th Floor, Fort Bonifacio, Taguig, Metro Manila, Philippines",14.51259,121.05872,True,,,,,"We are seeking a Senior Data Architect to design, govern, and evolve our enterprise data landscape with a strong focus on modern data lakehouse architecture. This role is responsible for building scalable, secure, and analytics-ready data platforms that support reporting, advanced analytics, and AI/ML initiatives. The ideal candidate combines strategic architectural thinking with deep hands-on experience in cloud-based data ecosystems.
Key ResponsibilitiesData Architecture & Platform Design
Define and own the enterprise data architecture and target-state data landscape
Design and implement data lakehouse architectures supporting structured and unstructured data
Lead modernization from legacy data warehouses to lakehouse-based platforms
Establish architecture standards, patterns, and best practices
Data Integration & Processing
Architect batch and real-time data ingestion pipelines
Design scalable data processing frameworks using distributed compute
Integrate data from transactional systems, APIs, and third-party sources
Ensure data reliability, performance, and cost efficiency
Governance, Quality & Security
Define and enforce data governance, quality, and lineage standards
Architect secure data access models including role-based access control
Ensure data privacy and regulatory compliance through design
Implement metadata management and auditing capabilities
Analytics Enablement
Enable BI, analytics, and AI/ML workloads through optimized data models
Support self-service analytics and standardized semantic layers
Partner with data engineers, analysts, and business stakeholders
Technical Leadership
Provide architectural guidance and design reviews
Mentor data engineers and technical teams
Translate business requirements into scalable data solutions","Required Skills & CapabilitiesCore Technical Skills
 - Data Lakehouse platforms (e.g., Databricks, Delta Lake, Apache Iceberg) - Any
 - Cloud platforms (AWS, Azure, or GCP)
 - Distributed data processing (Apache Spark)
 - Streaming & ingestion (Kafka or equivalent)
 - Advanced SQL and Python or Scala
Architecture & Design
 - Enterprise data architecture and reference modeling
 - Data modeling (dimensional and analytical models)
 - End-to-end data pipeline design
 - Performance optimization and cloud cost management
 - Governance & Security
Data governance and metadata management
 - Data quality frameworks
 - Security and access control design
 - Regulatory-aware data architecture
 Experience & Qualifications
 - Experience in data architecture or data engineering
 - 2+ years designing and implementing data lakehouse solutions
 - Proven experience managing complex enterprise data landscapes
 - Willing to do hybrid set up in BGC Taguig",,2026-04-16T14:07:35.778938+00:00,2026-04-16T14:08:44.847417+00:00,2026-12-30T16:00:00+00:00,2026-08-19T02:04:42.786592+00:00,True,False,False,public,2026-09-11T11:22:24+00:00
266184,IT Infrastructure & Systems Manager,it-infrastructure-systems-manager,https://www.kalibrr.com/c/il-coniglio-bianco-corporation-gingersnaps/jobs/266184/it-infrastructure-systems-manager,GINGERSNAPS Philippines,il-coniglio-bianco-corporation-gingersnaps,Apparel / Fashion,http://www.gingersnaps.com.ph,True,IT and Software,Full time,1,400,0,550,False,False,False,Pasig,Metro Manila,Philippines,"Unit 19 and 20, St. Paul Compound, San Miguel, Pasig, Metro Manila, Philippines",14.57936,121.08661,False,50000,80000,PHP,month,"We are seeking a seasoned IT Infrastructure and Systems Manager to lead our technical operations. Unlike a traditional development role, this position focuses on the robust administration of our network architecture, POS systems, and cybersecurity framework. You will be the backbone of our retail technology, ensuring seamless connectivity between our headquarters and our nationwide store network.
Core Responsibilities
Network & Infrastructure Administration
 - Directly manage and optimize the company's Networking infrastructure, ensuring 99.9% uptime.
 - Expert-level administration of Sophos Firewalls, ISP links, and secure wireless connectivity across all branches
 - Oversee NAS (Network Attached Storage) setup, configuration, and data redundancy.
Retail Systems Architecture
 - Act as the primary administrator for Retail Pro and Barter POS/BXI systems.
 - Lead the rollout of POS systems to new stores, managing both the hardware setup and the communication links (store-to-HQ and store-to-store).
Cybersecurity & Access Control
 - Enforce strict IT security protocols and user access controls.
 - Manage and secure the corporate domain email and overall system health.
Regulatory & Data Compliance 
 - ﻿﻿Ensure all POS systems are fully compliant with BIR permit applications and regulatory standards.
 - Manage ""Customer Master"" data and inventory groupings within the system.
Business Intelligence & Reporting
 - Develop and generate critical reports (Crystal Reports/QlikView) to support departmental decision-making.","- Bachelor's Degree in BSIT, BSCS, or Computer Engineering.
 - Minimum of 5 years of proven experience in Systems Administration or IT Management, preferably in a retail environment.
 - Deep experience in Network Security, Sophos Firewall configuration, and wide-area network (WAN) management.
 - ﻿﻿Proven track record in managing Barter POS and NAS configurations.
 - Ability to lead complex migrations and system implementations.
 - Demonstrated experience in people management and team development.",,2026-04-20T09:31:00.013348+00:00,2026-05-29T01:01:08.480759+00:00,2026-12-30T16:00:00+00:00,2026-09-10T03:56:07.150133+00:00,True,False,False,public,2026-09-11T11:19:52+00:00
266277,Digital Marketing Manager,digital-marketing-manager,https://www.kalibrr.com/c/unicapital-incorporated/jobs/266277/digital-marketing-manager,Unicapital Group,unicapital-incorporated,Financial Services,http://www.unicapital-inc.com,True,Sales and Marketing,Full time,1,400,0,550,False,False,False,Makati,Metro Manila,Philippines,"3F Majalco Building, Makati, Metro Manila, Philippines",14.55491,121.03512,True,,,,,"Main Responsibility:
Paid Advertising, Lead Generation Strategy, Performance Optimisation, Community Management
Job Responsibilities: 
1. Paid Social Media & Advertising 
• Execute Meta lead gen campaigns for UTrade & ULoan
• Manage (possible) Google Ads and LinkedIn campaigns
• Own monthly paid media budget allocation
• Test and explore new paid channels
2. Lead Quality & Sales Enablement 
• Work with sales on lead quality refinement
• Optimise lead capture forms
3. Video Content Production 
• Shoot and produce 1-2 weekly video reels featuring research analysts (UTrade)
• Edit market research reports into short-form video content (UTrade)
• Co-produce and shoot 2 monthly TikTok reels/Stories content (UTrade, ULoan)
• Create video templates and style guidelines
• Coordinate filming schedules with the Research Team
4. Campaign Strategy and Optimisation 
• Optimise for CPL and Leads Conversion
• Implement retargeting campaigns
5. Landing page & Conversion 
• Design and optimise landing pages
• Ensure seamless user journey
6. Analytics and Reporting 
• Recommend improvement on performance dashboards
• Track KPIs: leads, CPL, conversion rates
• Provide weekly and monthly reports
• Conduct competitive analysis to benchmark our digital application channels and digital presence
7. Community Management & Engagement 
• Monitor and respond to comments/messages across UTrade, ULoan, and Unicapital social media
• Develop engagement strategies to boost organic reach
• Track community sentiment and engagement metrics
• Use community insights to inform paid campaigns
• Build and manage Reddit presence for all brands
8. Cross - Team Support & Content Collaboration 
• Provide graphics support to other teams
• Support social media content needs across departments
• Assist with communications and branding materials
• Support PR initiatives
• Help manage corporate giveaways inventory
• Brief the consultant on campaign requirements
• Provide performance data for content strategy
• Develop ad copy and creative briefs
9. Events Support 
• Support major events as needed
And other tasks that may be assigned from time to time to support the Company's goals and objectives.","- Bachelor of Science in Marketing or a related field.
 - Proven experience in digital marketing and management. SEO and SEM, marketing databases, and email campaigns and social media and/or display advertising campaigns for at least 5 years
 - Proficiency in online marketing tools
 - Strong ability to analyze metrics and trends to inform data-driven decisions.
 - Excellent collaboration and project management skills to work with cross-functional teams.
 - Up to date with the latest trends and best practices in digital marketing
 - Leadership & Delegation, Good Communication, Creativity & Innovation, Empathy & Customer-Centricity, Collaboration & Interpersonal Skills, Problem-Solving & Decision Making, Time Management & Organization.",,2026-04-22T06:55:54.064676+00:00,2026-08-11T02:54:12.078017+00:00,2027-07-21T16:00:00+00:00,2026-09-09T17:10:29.429609+00:00,True,False,False,public,2026-09-11T11:19:37+00:00
266745,Cloud Backend Engineer,cloud-backend-engineer,https://www.kalibrr.com/c/ncs-philippines/jobs/266745/cloud-backend-engineer,NCS Philippines Inc. ,ncs-philippines,Information Technology / IT,https://www.ncs.co,True,IT and Software,Full time,2,400,0,550,False,True,False,Taguig,Metro Manila,Philippines,"7th Floor, Fort Bonifacio, Taguig, Metro Manila, Philippines",14.51259,121.05872,True,,,,,"NCS is a leading AI Tech Services company. With a 15,000-strong team across the Asia Pacific, NCS scales its platforms and capabilities to provide clients with greater agility and AI expertise across a range of industries. Embracing a strong ecosystem of global partners, NCS transforms technology services delivery combining AI with digital resilience to drive real business impact. NCS is a subsidiary of the Singtel Group.
Job Description:
General Responsibilities:
As a Cloud Engineer, you'll design, build, and manage secure and scalable cloud infrastructure across platforms (Azure/AWS/GCP/Alibaba) while optimizing applications for the cloud, ensuring seamless migration and ongoing performance. The role involves coding, handling deployments, configuring cloud infrastructure, staying updated on emerging technologies, and collaborating with clients and development teams to translate requirements into functional cloud solutions.
Duties and Responsibilities:
 - Design, Develop, and Manage Cloud Solutions
 - Design, build, and manage highly secure, scalable, and available architectures in the target cloud environments (Azure/AWS/GCP/Alibaba) for small scale projects in close coordination with development teams and project management.
 - Implement and execute well-defined Infrastructure as Code (IaC) templates and scripts for basic infrastructure provisioning and configuration tasks (cloud infrastructure components, including networking and security services.)
 - Support the conversion of technical component designs into functional back-end or front-end code.
 - Design operational processes for clients to ensure successful cloud adoption and management.
 - Apply security best practices and monitor cloud security posture.
 - Deliver Optimized Cloud Applications
 - Configure and deploy cloud applications to different staging environments for optimal performance.
 - Manage migration of on-premises applications and data to the cloud
 - Monitor cloud management and data storage services.
 - Diagnose and resolve technical issues efficiently related to cloud infrastructure and applications and participate in reviewing project requirements.
 - Deliver projects on time and within budget, applying generally accepted programming standards and techniques.
 - Utilize appropriate and standard monitoring and testing tools for cloud performance and resource utilization.
 - Create and maintain Unit Tests for applications before Quality Assurance (QA) testing to ensure the performance, scalability, and security of cloud resources provisioned.
 - Collaborate with the testing team to ensure seamless application integration with cloud services (Application interaction with cloud services like databases or storage).
 - Maintain and handle project source code repositories.
 - Reviews code for functionality, adherence to coding standards, and basic security principles.
 - Communication & Collaboration:
 - Collaborate effectively with clients to understand and meet their SDLC requirements, business needs, and cloud adoption goals.
 - Clearly communicate complex technical concepts to both technical and non-technical audiences.
 - Regularly report on cloud performance, resource utilization, and project progress.
 - Participates in training, design, documentation, and delivery efforts with the Project Manager.
 - Technology Evaluation:
 - Research and evaluate emerging technologies, frameworks, and tools to recommend optimal solutions.
 - Stay abreast of industry trends and best practices to drive innovation and continuous improvement.
 - Other job-related activities may be assigned from time to time.","- Education – At least graduate with a Bachelor’s Degree in IT, Computer Science, Engineering or any related course.
 - Related Work Experience – At least 3 years of working experience in developing websites, web applications, web services, or mobile applications. Prior experience in roles such as Software Engineer, System Administrator, Network Administrator, DevOps Engineer is valuable. Must at least have 1 Certification (Associate Level) in any of the cloud platform.
 - Developing a cloud architecture with various solutions addressing computing, storage solutions, security measures, networking, and automation capabilities.
 - Cloud Service providers (AWS, Azure, GCP, Alibaba)
 - Container orchestration technologies (Kubernetes, Docker Swarm)
 - Software Development Life Cycle (SDLC) and Object-Oriented Design and Programming
 - HTML5, CSS3, and Javascript frameworks
 - MySQL, MongoDB, or similar database management systems
 - Web service integration (SOAP, REST, JSON, XML)
 - Any integration protocols like SMPP, UCP, and HTTP, and others
 - Infrastructure as Code (IaC) tools such as Terraform or Ansible.
 - Strong proficiency in Git-related tooling and DevOps principles.
 - Using version control (e.g. SVN, Git)
 - Debugging and optimization skills
 - Server-side setup (Linux/Windows)
 - Web to mobile integration
 - Java, Python, AWS, and .Net is a plus
 - Okay to work on a hyrid work set up in BGC Taguig",,2026-05-04T13:42:25.772320+00:00,2026-05-04T13:42:52.718217+00:00,2026-12-30T16:00:00+00:00,2026-05-05T13:01:26.129997+00:00,True,False,False,public,2026-09-11T11:18:27+00:00
266758,UI/UX Designer,ui-ux-designer,https://www.kalibrr.com/c/propelrr/jobs/266758/ui-ux-designer,Propelrr,propelrr,Digital Marketing and Tech Innovation Services,https://www.propelrr.com/,True,IT and Software,Full time,1,200,0,550,True,True,False,Makati,Metro Manila,Philippines,"Makati, Metro Manila, 3F DMCI Homes Corporate Office, Philippines",14.55491,121.03512,True,,,,,"I. General Description of the Position
The UI/UX designer focuses on creating user-friendly and visually appealing digital products by designing both the user interface (UI) and the overall user experience (UX)
UI/UX Designer responsibilities include gathering user requirements, designing graphic elements and building navigation components. To be successful, he/she must have experience with design software and wireframe tools, both in web and mobile applications. Ultimately, he/she creates both functional and appealing features that address our clients’ needs and help us grow our customer base.
II. Summary of Responsibilities
As a Jr. UI/UX Designer, he/she is expected to perform the following duties;
 - Gathers and evaluates user requirements in collaboration with product managers and engineers
 - Illustrates design ideas using storyboards, process flows, and sitemaps
 - Develops user flows to map out the step-by-step journey users take within a product
 - Writes user stories that define user goals, needs, and pain points
 - Collaborates with product managers to align user flows with business objectives
 - Designs graphic user interface elements, like menus, tabs, and widgets
 - Builds page navigation buttons and search fields
 - Develops UI mockups and prototypes that clearly illustrate how sites function and look
 - Develops intuitive, usable, and engaging interactions and visual designs for mobile.
 - Creates original graphic designs (e.g., images, sketches, and tables)
 - Prepares and presents rough drafts to internal teams and key stakeholders
 - Identifies and troubleshoots UX problems (e.g., responsiveness)
 - Conducts layout adjustments based on user feedback
 - Adheres to style standards on typography, colors, and images
 - Collaborates with cross-functional teams throughout the design process
 - Participates in the development process from definition, through design, build, test, release, and maintenance.
 - Stay abreast of UX trends and look for creative ideas and inspiration in parallel, analogous worlds.
 - Researches and tracks advancements in web and mobile application design patterns.
 - Breaks any design problem down into viable, actionable chunks and solves them with clarity and precision.
 - Stays in the loop and on top of the latest standards, changes, and trends in the web and mobile design field.
 - Utilizes AI-powered design and productivity tools responsibly to improve workflow efficiency, ideation, research, content generation, wireframing, and design exploration
 - Reviews, validates, and refines AI-generated outputs to ensure originality, usability, brand alignment, and business relevance
 - Applies critical thinking when using AI-assisted workflows and avoids overreliance on generated solutions
 - Documents and communicates AI-assisted processes transparently when applicable
 - Continuously explores emerging AI tools, automation workflows, and best practices relevant to UI/UX design and product development
 - Reports to the Chief Innovations Officer and/or Business Unit Head.","Minimum Qualifications (Education and Experience)
 - Bachelor's degree graduate, preferably IT, Architecture, Graphic Design, Interaction Design, Human-Computer Interaction, or a related field (or equivalent experience).
 - Proven work experience as a UI/UX Designer or similar role
 - At least 1 or 2 years of working experience
 - Familiarity with Agile and Scrum development methodologies
Type of Skills and/or Licensing/Certification Required:
 - Strong graphic design skills, with a good understanding of typography, intuitive layouts, and palette development.
 - Strong ability to recognize and predict use-cases and user interaction, including happy path, edge, and corner cases, and incorporate them into designs.
 - Excellent understanding of user-experience design for mobile and the web, technology trends, demonstrable design skills, and ability to show relevant work.
 - Knowledge of wireframe tools (like Balsamiq, Sketch, Figma, Miro, Adobe XD)
 - Up-to-date knowledge of design software like Adobe Illustrator, Photoshop, Adobe XD, Sketch, Zeplin. Knowledge and/or experience with Figma is a plus.
 - Proven ability to deliver high-quality designs to customers.
 - Proven experience as a UI/UX Designer, Product Designer, or similar role with a strong portfolio showcasing one’s work.
 - Proficiency in design tools such as Sketch, Figma, Adobe XD, or similar.
 - Experience with prototyping tools (e.g., InVision, Axure, or Marvel).
 - Strong understanding of user-centered design principles, usability best practices, and responsive design.
 - Knowledge of HTML/CSS and the design implementation process is a plus.
 - Excellent communication and collaboration skills, with the ability to present and explain design concepts to non-design stakeholders.
 - Strong problem-solving skills and a keen attention to detail.
 - Deep understanding of Apple’s human interface design guidelines, Android design, and other mobile platform designs, including Google’s Material Design.
 - Portfolio of design projects
 - Strong analytical and planning skills;
 - Good communication and presentation skills;
 - Excellent problem-solving skills;",,2026-05-05T01:03:26.826822+00:00,2026-09-11T01:11:05.725156+00:00,2026-10-30T16:00:00+00:00,2026-09-11T06:30:40.266517+00:00,True,False,False,public,2026-09-11T11:22:01+00:00
266962,Systems Analyst with Banking banking background,systems-analyst-with-banking-banking-background,https://www.kalibrr.com/c/ncs-philippines/jobs/266962/systems-analyst-with-banking-banking-background,NCS Philippines Inc. ,ncs-philippines,Information Technology / IT,https://www.ncs.co,True,IT and Software,Full time,3,400,0,550,False,False,False,Makati,Metro Manila,Philippines,"7th Floor, Fort Bonifacio, Makati, Metro Manila, Philippines",14.55491,121.03512,True,,,,,"Company Overview
NCS is a leading AI Tech Services company. With a 15,000-strong team across the Asia Pacific, NCS scales its platforms and capabilities to provide clients with greater agility and AI expertise across a range of industries. Embracing a strong ecosystem of global partners, NCS transforms technology services delivery combining AI with digital resilience to drive real business impact. NCS is a subsidiary of the Singtel Group.
About the role:
We are seeking an experienced Systems Analyst with a banking background to join our team in Makati City, Metro Manila. This is a full-time position that plays a crucial role in bridging the gap between business requirements and technical solutions, particularly within the financial services sector. As a Systems Analyst, you will be responsible for analysing complex banking systems, identifying improvement opportunities, and collaborating with cross-functional teams to deliver robust solutions that enhance operational efficiency and security. Your expertise in banking systems combined with your analytical skills will be instrumental in driving digital transformation initiatives within our client base.
Key responsibilities:
Analyse complex banking systems and processes to identify inefficiencies, security vulnerabilities, and opportunities for improvement
Gather and document detailed business requirements from banking stakeholders and translate them into technical specifications
Collaborate with software developers, infrastructure teams, and business units to design and implement systems solutions tailored to banking operations
Conduct feasibility studies and impact assessments for proposed system enhancements and digital transformation projects
Develop system documentation, including process flows, data models, and technical specifications
Test and validate system implementations to ensure they meet banking compliance standards and client requirements
Provide ongoing support and recommendations for system optimisation and maintenance
Participate in project planning and estimation activities for banking technology initiatives
Maintain awareness of industry trends, regulatory requirements, and emerging technologies relevant to the financial services sector.","What we're looking for:
Minimum 3-4 years of professional experience as a Systems Analyst, with substantial experience in the banking or financial services sector
Strong understanding of banking systems, operations, and financial products (loans, deposits, payments, treasury systems, etc.)
Proven expertise in systems analysis methodologies, including requirements gathering, process mapping, and data analysis
Knowledge of banking compliance and regulatory requirements (BSP regulations, ISO standards, information security frameworks)
Proficiency with systems analysis tools and software (e.g., UML, visio, business process modelling tools)
Strong problem-solving abilities and attention to detail when working with complex technical and business requirements
Excellent communication skills with the ability to articulate technical concepts to both technical and non-technical stakeholders
Experience with project management methodologies and agile development environments
Familiarity with banking technology platforms and integration solutions
Bachelor's degree in Computer Science, Information Technology, Engineering, or related field is preferred
Must be amenable on a Full Onsite work set up
Location Makati",,2026-05-07T14:06:56.092283+00:00,2026-10-07T09:24:39.365901+00:00,2026-10-30T16:00:00+00:00,2026-10-08T14:12:28.785680+00:00,True,False,False,public,2026-10-09T08:10:43+00:00
267129,Scrum Master,scrum-master-2,https://www.kalibrr.com/c/multisys-technologies-corporation/jobs/267129/scrum-master-2,Multisys Technologies Corporation,multisys-technologies-corporation,Information Technology / IT,https://www.multisyscorp.com/,True,IT and Software,Full time,2,300,0,550,False,True,False,Parañaque,Metro Manila,Philippines,"#14, Mt. of Olives St, Moonwalk, Parañaque, Metro Manila, Philippines",14.47121,121.02198,False,25000,50000,PHP,month,"Job Summary:
A Scrum Master is responsible for ensuring that the team/organization embraces the agile values and principles. Assists and coaches the Scrum Team to deliver excellent and innovative software solutions, which contain complex yet intuitive functionalities to customers. Moreover, s/he plays an active role in enabling the rapid delivery of high quality products to meet customer experience and requirements.
Essential Duties and Responsibilities:
 - Coach the team
 - Facilitate scrum ceremonies
 - Assist the PO in grooming the backlog
 - Eliminate impediments
 - Shield the development team from interruptions
 - Conduct training sessions about agile practices, values, and principles
 - Facilitate resolution of obstacles and escalation of issues when necessary
 - Resolve conflicts
Ensure that on certain events, relevant documents are made available such as the following:
 - Planning Phase: Definition of Ready, Definition of Done
 - Sprint Phase: Impediment list
 - Inspection Phase: Retrospective Items","Qualifications:
 - Bachelor’s degree in Computer Science, Information Technology or similar field
 - With at least 3-year experience as Scrum Master
Sound knowledge on the following:
 - Software Development Life Cycle (SDLC) or production process
 - Knowledge in TPS (Toyota Production System preferred)
 - Good socratic questioning skill
 - Scrum Certified
 - Some knowledge in Extreme Programming (XP)
 - Proficient in collaboration tools (e.g Jira)
 - Insight to common problems encountered by teams",,2026-05-11T03:24:04.423748+00:00,2026-09-01T08:16:14.556002+00:00,2026-10-01T06:31:39.312211+00:00,2026-09-11T09:53:51.990457+00:00,True,False,False,public,2026-09-11T11:14:45+00:00
267314,Research and Library Assistant,research-and-library-assistant,https://www.kalibrr.com/c/avanteph-staffing-and-consultancy-inc/jobs/267314/research-and-library-assistant,AvantePH Staffing and Consultancy Inc,avanteph-staffing-and-consultancy-inc,Human Resources / HR,http://avanteph.com,True,Administration and Coordination,Contractual,1,200,0,550,True,False,False,Makati,Metro Manila,Philippines,"Makati, Metro Manila, Philippines",14.55491,121.03512,True,18000,20000,PHP,month,"The Research and Library Assistantis responsible for providing administrative, bookkeeping, and compliance support to ensure smooth day-to-day business operations. The role includes maintaining records, assisting with financial documentation, processing basic legal and government-related requirements, and coordinating with internal teams and external agencies when necessary. 
Key Responsibilities
Administrative Support
 - Perform general administrative and clerical duties.
 - Maintain organized filing systems for company records and documents.
 - Prepare reports, correspondence, and internal documentation.
 - Coordinate meetings, schedules, and office-related activities.
 - Handle office supplies, vendor coordination, and operational support tasks.
Bookkeeping & Financial Records
 - Assist in maintaining accurate bookkeeping records.
 - Record expenses, payments, invoices, and petty cash transactions.
 - Prepare basic financial reports and documentation.
 - Coordinate with accountants or external auditors when needed.
 - Ensure proper filing and safekeeping of financial records.
Legal & Documentation Support
 - Assist in the preparation and processing of basic legal documents and contracts.
 - Maintain corporate records, permits, licenses, and business registrations.
 - Coordinate notarization, document submission, and related administrative processes.
 - Monitor document expiration dates and renewal schedules.
Government Compliance Support
 - Assist with government compliance requirements and filings.
 - Coordinate submissions and processing with agencies such as: BIR, SEC, DTI, SSS, PhilHealth, Pag-IBIG, LGU offices
 - Help ensure timely renewal of permits, registrations, and statutory requirements.","Education
 - Bachelor’s Degree in Business Administration, Accountancy, Office Administration, Library and Information Science, or related field preferred.
Experience
 - Experience in administrative work, bookkeeping, or office operations is an advantage.
 - Familiarity with government compliance processes and documentation preferred.
Required Skills
 - Basic bookkeeping and recordkeeping skills
 - Knowledge of office administration procedures
 - Familiarity with government transactions and compliance processing
 - Strong organizational and multitasking skills
 - Attention to detail and confidentiality
 - Good written and verbal communication skills
 - Proficiency in Microsoft Office or Google Workspace",,2026-05-14T01:43:50.716225+00:00,2026-10-09T01:29:46.440712+00:00,2027-09-17T16:00:00+00:00,2026-10-09T01:29:46.370961+00:00,True,False,False,public,2026-10-09T08:11:45+00:00
267315,Data Center Operator,data-center-operator,https://www.kalibrr.com/c/first-datacorp-1/jobs/267315/data-center-operator,First Datacorp,first-datacorp-1,Information Technology / IT,http://www.first-datacorp.com/,True,IT and Software,Contractual,3,200,0,550,False,False,False,Makati,Metro Manila,Philippines,"Makati, Philippines, Metro Manila, 8741, Paseo de Roxas, Bel-Air",14.55491,121.03508,True,,,,,"This is a project-based role with a full onsite work set up in Makati City.
Perform Data Center Operations such as physical checking of all devices to check if there are unusual alerts (amber, red blinking), temperature, humidity, fire alarm, ups and other assets inside the Data Center and UPS room
Perform daily health checks of the following per defined schedules and produce status reports in the defined formats:
Data Center
Security
File Server
RPA Bot
Test Call
Network
Meraki Bandwith (Branches)
Apps/Web
Job Tracker
Windows Scheduled Tasks
Windows Services
System Utiliization
Monitor the performance and capacity of computer systems (including hardware, software, network and telephony connectivity, telco provider and environmental alerts or malfunctions) using a variety of tools to ensure efficient performance. This includes main (data center and other pertinent areas) and branch offices (data cabinet and other devices), disaster recovery facility, and cloud-hosted systems.
Monitor system availability and performance of local and regional core and digital applications, including the components such as but not limited to SQL jobs, task schedulers, APIs, alerts, windows services.
Monitor all data center assets and data cabinets in branches for tracking information.
Configure monitoring setup of computer systems and components, including addition and deletion of managed endpoints in monitoring systems.
Perform daily health checks as per defined schedules and produce status reports in the defined formats.
Perform issue analysis and troubleshooting of detected issues and alerts, following the standard operating procedures provided by the higher level of support (with possibility to shift left to ITOC).","- With bachelor's degree in IT or any related course
 - at least 1-2 years experience in Data Center Operations
 - can work in a 24/7 schedule
 - Easily adaptable and can work under pressure
 - Familiar with monitoring tools such as but not limited to SolarWinds
 - With Background or experience in using ITSM tools",,2026-05-14T02:50:59.496387+00:00,2026-09-10T03:54:16.555918+00:00,2027-09-07T07:13:58.638470+00:00,2026-09-10T04:00:12.203968+00:00,True,False,False,public,2026-09-11T11:18:14+00:00
267616,Program Director,program-director,https://www.kalibrr.com/c/ncs-philippines/jobs/267616/program-director,NCS Philippines Inc. ,ncs-philippines,Information Technology / IT,https://www.ncs.co,True,IT and Software,Full time,3,500,0,550,False,True,False,Taguig,Metro Manila,Philippines,"7th Floor, Fort Bonifacio, Taguig, Metro Manila, Philippines",14.51259,121.05872,True,,,,,"The Role
As a Program Director at NCS Philippines, you will be responsible for leading and managing complex, high-profile technology programs that deliver significant business impact. This is a strategic role that requires you to align programs with the overall organisational objectives, manage multi-disciplinary teams, and ensure the successful delivery of innovative solutions. Working in our dynamic, fast-paced environment, you will play a pivotal part in driving the company's technology transformation agenda.
 - Key Responsibilities
 - Provide leadership and oversight for the full program lifecycle, from initiation to closure
 - Develop comprehensive program plans, including scope, schedule, budget, and resource requirements
 - Establish and maintain effective governance structures to ensure programs are delivered on time, within budget, and to the expected quality standards
 - Manage program risks and issues, and implement appropriate mitigation strategies
 - Lead and motivate cross-functional teams, fostering collaboration and accountability
 - Communicate program status and performance to key stakeholders, including senior leadership
 - Identify and implement process improvements to enhance program delivery capabilities
 - Provide mentorship and guidance to more junior program management professionals","What We're Looking For
 - Extensive experience (10+ years) in leading large-scale, complex technology programs in a fast-paced, agile environment
 - Proven track record of delivering mission-critical programs that drive business value
 - Strong program management skills, including project planning, resource allocation, risk management, and stakeholder engagement
 - Excellent communication and interpersonal skills, with the ability to influence and collaborate with cross-functional teams
 - Familiarity with Agile and traditional project management methodologies
 - Degree in Computer Science, Engineering, or a related technical field
 - Relevant certifications (e.g., PMP, Prince2) are highly desirable",,2026-05-21T06:41:49.911984+00:00,2026-05-21T06:41:57.745059+00:00,2026-09-19T16:00:00+00:00,2026-09-09T06:12:23.419516+00:00,True,False,False,public,2026-09-11T11:17:16+00:00
267717,Data Warehouse (DW) Developer,data-warehouse-dw-developer,https://www.kalibrr.com/c/awsys-i/jobs/267717/data-warehouse-dw-developer,"Advanced World Systems, Inc. / Advanced World Solutions, Inc. (AWS)",awsys-i,Information Technology / IT,http://www.awsys-i.com,True,IT and Software,Full time,1,300,0,550,False,True,False,Cebu City,Cebu,Philippines,"6th Floor i1 Bldg., Cebu City, Cebu, Philippines",10.40041,123.8547,True,,,,,"Data Warehouse Developer
Job Summary
We are looking for a skilled and motivated Data Warehouse Developer to design, develop, and maintain data warehouse solutions and ETL pipelines. The ideal candidate should have experience with AWS data services, database management, BI reporting tools, and Python development. Leadership skills and the ability to collaborate with cross-functional teams are also essential for this role.
Responsibilities
 - Design, develop, and maintain scalable data warehouse solutions.
 - Build and manage ETL (Extract, Transform, Load) processes using AWS services such as AWS Glue, Lambda, and Snowflake.
 - Perform data transformation and modeling using DBT (Data Build Tool).
 - Develop and optimize SQL queries, stored procedures, and database structures.
 - Manage and support databases including PostgreSQL and Athena.
 - Create dashboards, reports, and data visualizations using Power BI and Tableau.
 - Develop automation scripts and data processing solutions using Python.
 - Monitor data pipelines and troubleshoot data-related issues to ensure data accuracy and integrity.
 - Collaborate with business users, analysts, and technical teams to gather requirements and deliver data solutions.
 - Lead technical initiatives, mentor team members, and provide guidance on best practices.
 - Ensure compliance with data governance, security, and performance standards.","Qualifications
 - Bachelor’s degree in Computer Science, Information Technology, or a related field.
 - Proven experience as a Data Warehouse Developer or similar role.
 - Strong experience with AWS services for ETL and data warehousing (AWS Glue, Lambda, Snowflake, etc.).
 - Experience in data transformation using DBT.
 - Proficient in PostgreSQL and Athena.
 - Skilled in Power BI and Tableau for reporting and dashboard development.
 - Strong Python programming and development skills.
 - Excellent SQL and data modeling skills.
 - Strong analytical and problem-solving abilities.
 - With leadership skills and experience handling or guiding a team is an advantage.
 - Good communication and interpersonal skills.
Preferred Qualifications
 - Experience with cloud-based data architecture and big data technologies.
 - Familiarity with CI/CD and DevOps practices for data engineering.
 - AWS or relevant cloud certifications are an advantage.",,2026-05-25T06:53:10.835259+00:00,2026-07-27T07:22:22.585447+00:00,2026-10-26T16:00:00+00:00,2026-09-09T22:21:35.426427+00:00,True,False,False,public,2026-09-11T11:16:46+00:00
267743,iOS Developer,ios-developer-15,https://www.kalibrr.com/c/hire-manila/jobs/267743/ios-developer-15,Hire Manila,hire-manila,Staffing / Recruiting,https://hiremanila.com/ ,True,IT and Software,Contractual,1,300,0,550,False,False,True,Makati,Metro Manila,Philippines,"8767, Paseo de Roxas, Bel-Air, Makati, Metro Manila, Philippines",14.55491,121.03512,False,50000,80000,PHP,month,"We are looking for an iOS developer responsible for the development and maintenance of applications aimed at a range of iOS devices including mobile phones and tablet computers. Your primary focus will be the development of iOS applications and their integration with back-end services. You will be working alongside other engineers and developers working on different layers of the infrastructure. Therefore, a commitment to collaborative problem solving, sophisticated design, and the creation of quality products are essential.
Job Responsibilities:
Design and build applications for the iOS platform
Ensure the performance, quality, and responsiveness of applications
Collaborate with a team to define, design, and ship new features
Identify and correct bottlenecks and fix bugs
Help maintain code quality, organization, and automatization
Integration of user-facing elements developed by front-end developers with server-side logic
Writing reusable, testable, and efficient code
Design and implementation of low-latency, high-availability, and performant applications
Able to attend all Team Meetings and facilitate if necessary","Job Requirements:
Candidate must possess a Bachelor’s/College Degree in Computer Science/Information Technology or equivalent
Knowledge of Agile Methodology
2-5 years of experience as an iOS developer
2-5 years of experience using: Git, GitLab/Bitbucket/Github
Experience with AWS or Serverless is highly desirable
A keen interest in sharing your knowledge and skills with junior developers
Key Competencies:
Proficient with Objective-C or Swift, and Cocoa Touch
Experience with iOS frameworks such as Core Data, Core Animation, etc.
Experience with offline storage, threading, and performance tuning
Familiarity with RESTful APIs to connect iOS applications to back-end services
Knowledge of other web technologies and UI/UX standards
Understanding of Apple’s design principles and interface guidelines
Knowledge of low-level C-based libraries is a plus
Experience with performance and memory tuning with tools
Familiarity with cloud message APIs and push notifications
Knack for benchmarking and optimization
Proficient understanding of code versioning tools {{such as Git, Mercurial or SVN}}
Familiarity with continuous integration
Comfortable working in a *nix terminal (BSD, GNU/Linux, and/or macOS) a plus
Familiarity with version control best practices and workflows, particularly git and bitbucket
Familiarity with Atlassian products such as Jira and Confluence
Familiarity with agile methodology",,2026-05-26T02:24:06.370274+00:00,2026-09-10T06:06:43.730172+00:00,2026-10-29T16:00:00+00:00,2026-09-11T05:18:53.012213+00:00,True,False,False,public,2026-09-11T11:17:03+00:00
267914,Quality Assurance Specialist,quality-assurance-specialist-5,https://www.kalibrr.com/c/monde-nissin-corporation/jobs/267914/quality-assurance-specialist-5,Monde Nissin Corporation,monde-nissin-corporation,Fast Moving Consumer Goods,http://www.mondenissin.com,True,Manufacturing and Production,Full time,8,200,0,550,True,False,False,Santa Rosa,Laguna,Philippines,"Santa Rosa, Laguna, Philippines",14.29606,121.10583,True,,,,,"Analyzes and evaluates the effectiveness of food safety and quality systems for supplier quality development and validation of in-process products and processes. Plans and directs the workflow of the group on a daily basis. Investigates quality problems and recommend correction, corrective or preventive solutions.","- Bachelor’s degree in Chemistry, Biochemistry, Agricultural Chemistry, Chemical Process Technology, Chemical Engineering, Food Technology, or other related fields
 - Fresh graduates are welcome, provided they hold a valid professional license relevant to their degree
 - Proficient in computer applications and comfortable working in a laboratory setting
 - Strong verbal and written communication skills
 - Flexible to work on weekends, holidays, and shifting schedules as required
 - Willing to work on-site in Sta. Rosa, Laguna",,2026-06-01T03:01:20.452645+00:00,2026-08-04T01:38:51.075635+00:00,2026-10-29T16:00:00+00:00,2026-09-10T14:21:28.746377+00:00,True,False,False,public,2026-09-11T11:20:11+00:00
267942,Android Developer,android-developer,https://www.kalibrr.com/c/hire-manila/jobs/267942/android-developer,Hire Manila,hire-manila,Staffing / Recruiting,https://hiremanila.com/ ,True,IT and Software,Contractual,1,300,0,550,False,False,True,Makati,Metro Manila,Philippines,"8767, Paseo de Roxas, Bel-Air, Makati, Metro Manila, Philippines",14.55491,121.03512,False,,,,,"We are seeking a motivated Android Developer with a backend mindset to design, build, and maintain Jetpack Compose-driven applications backed by Node.js services. The ideal candidate is comfortable owning features end-to-end — from crafting declarative interfaces to building and consuming the APIs that power them. You'll work closely with designers, product managers, and senior engineers to deliver polished, full-stack mobile experiences.
Key Responsibilities
Jetpack Compose Development & Feature Delivery
 • Build and maintain Android applications using Jetpack Compose as the primary UI framework.
 • Create reusable, composable UI components following MVVM architecture.
 • Leverage Kotlin Coroutines and Flow for reactive data flows and concurrency.
 • Implement navigation, state management, animations, and gesture handling using Compose idioms.
 • Translate Figma designs into pixel-accurate, responsive Compose layouts across device sizes and form factors.
Node.js Backend Development
 • Develop and maintain RESTful APIs using Node.js with Express or Fastify.
 • Design database schemas and perform CRUD operations with PostgreSQL or MySQL.
 • Implement authentication flows, middleware, and input validation on the server side.
 • Write clean, documented API endpoints that the Android layer consumes directly.
 • Support deployment and environment management using Docker, PM2, or cloud platforms.
Integration & Code Quality
 • Connect Compose UI to backend services using Retrofit, OkHttp, or Ktor Client.
 • Handle JSON serialization and deserialization with Kotlin Serialization or Gson.
 • Participate in code reviews, giving and receiving constructive feedback across both codebases.
 • Use Git for version control and follow consistent branching strategies.
Performance, Debugging & Monitoring
 • Profile and optimize Compose rendering performance using Android Studio Profiler.
 • Monitor and triage crashes using Firebase Crashlytics.
 • Log, monitor, and debug Node.js services using tools like Morgan or Datadog.
 • Ensure smooth performance across supported Android versions and device types.
Continuous Learning & Growth
 • Stay current with Jetpack library updates, new Android APIs, and Google I/O announcements.
 • Follow Node.js ecosystem developments including framework updates and security patches.
 • Share knowledge with the team through demos, documentation, or internal tech talks.
 • Explore emerging patterns such as Glance for widgets, Material 3, and server-driven UI.","Qualifications
 - Bachelor's degree in Computer Science, Information Technology, or a related field (or equivalent practical experience).
 - 1–3 years of Android development experience with at least one Jetpack Compose-based app shipped to the Google Play Store.
 - Proficiency in Kotlin and Jetpack Compose; understanding of the declarative UI paradigm.
 - Working knowledge of Node.js and experience building or maintaining REST APIs.
 - Familiarity with PostgreSQL or MySQL.
 - Understanding of MVVM architecture and clean separation of concerns.
 - Experience consuming and designing RESTful APIs with JSON.
 - Comfortable using Android Studio, terminal-based workflows, and Git.
 - Strong problem-solving skills and a willingness to learn across the stack.
Preferred Skills
 • Experience with Kotlin Coroutines, Flow, and StateFlow for reactive programming.
 • Familiarity with TypeScript on the backend.
 • Exposure to Next.js for server-side rendering, API routes, or full-stack web companion apps.
 • Experience with ORMs such as Prisma, Drizzle, or TypeORM for type-safe database access.
 • Familiarity with tRPC for end-to-end type-safe API layers.
 • Exposure to CI/CD pipelines using Fastlane, GitHub Actions, or Firebase App Distribution.
 • Experience with Docker for local development and deployment.
 • Knowledge of Firebase services (Auth, Firestore, Cloud Messaging).
 • Familiarity with Room for local persistence and data caching strategies.
 • Familiarity with WebSockets or real-time data patterns.
 • Understanding of accessibility best practices and localization in Compose.
 • Any exposure to GraphQL or serverless functions is a plus.
Tools & Technologies
 • Languages: Kotlin (primary), JavaScript/TypeScript (Node.js)
 • Android Frameworks: Jetpack Compose, Coroutines/Flow, Room, WorkManager
 • Backend: Node.js, Express/Fastify, PostgreSQL, MySQL
 • Backend (Plus): Next.js, tRPC, Prisma/Drizzle
 • IDE & Tooling: Android Studio, VS Code, Terminal
 • Design Handoff: Figma
 • Version Control: Git (GitHub or GitLab)
 • CI/CD: Fastlane, GitHub Actions, Firebase App Distribution
 • Monitoring: Firebase Crashlytics, Datadog
 • Project Management: Jira",,2026-06-02T01:58:33.469314+00:00,2026-09-10T06:04:38.198676+00:00,2026-10-30T16:00:00+00:00,2026-09-11T08:49:47.780612+00:00,True,False,False,public,2026-09-11T11:17:31+00:00
267953,Investment Banking Associate,investment-banking-associate-4,https://www.kalibrr.com/c/unicapital-incorporated/jobs/267953/investment-banking-associate-4,Unicapital Group,unicapital-incorporated,Financial Services,http://www.unicapital-inc.com,True,Sales and Marketing,Full time,1,300,0,550,False,False,False,Makati,Metro Manila,Philippines,"3F Majalco Building, Makati, Metro Manila, Philippines",14.55491,121.03508,True,,,,,"- Perform detailed financial analysis, financial modelling and valuation of subject companies and transactions; and present findings and recommendations.
 - Conduct industry, market, and company-specific research and analysis.
 - Prepare deal marketing documents, including pitch books, teasers, confidential information memorandums, and management and investor presentations.
 - Deliver clear and compelling presentations to clients, investors and internal stakeholders.
 - Participate in client/ investor meetings, due diligence and in the preparation, review and execution of transaction documents in coordination with clients, legal advisors, and other stakeholders.
 - Ensure deal compliance with regulatory requirements and internal policies.
 - Manage multiple projects simultaneously and meet tight deadlines.
 - Assist in the preparation of internal reports and presentations, and management of internal client/ transaction files.
 - Collaborate with other departments to support business development efforts.
 - Other tasks that may be assigned from time to time that will support organizational goals and objectives","- Bachelor of Science, Major in Finance, Management/ Business Administration, Economics or Accounting.
 - Minimum of 1 year of related work experience 
 - Excellent quantitative and analytical skills, and general financial knowledge;
 - Strong verbal and written communication skills;
 - Strong interpersonal skills, detail-oriented, organized, proactive, and demonstrates problem-solving skills;
 - Project and time management skills; 
 - Ability to collaborate effectively and be a contributing member of the team; 
 - Ability to work well under pressure and tight deadlines; and proficiency in Excel, PowerPoint and Word.
 - Integrity, Excellence, Customer Focus, Teamwork, Innovation",,2026-06-02T03:33:36.979510+00:00,2026-08-28T10:03:27.158231+00:00,2027-08-28T10:03:27.158231+00:00,2026-09-10T06:44:25.550013+00:00,True,False,False,public,2026-09-11T11:19:28+00:00
267992,Back End Software Engineer,back-end-software-engineer-3,https://www.kalibrr.com/c/multisys-technologies-corporation/jobs/267992/back-end-software-engineer-3,Multisys Technologies Corporation,multisys-technologies-corporation,Information Technology / IT,https://www.multisyscorp.com/,True,IT and Software,Contractual,1,300,0,550,False,True,False,Parañaque,Metro Manila,Philippines,"#14, Parañaque, Metro Manila, Philippines, Mt. of Olives St, Moonwalk",14.47121,121.02198,False,25000,50000,PHP,month,A Back-End Software Engineer is responsible for server-side web application logic and integration of the work done by front-end software engineers. He/She usually writes web services and APIs used by front-end developers and mobile application developers. He/She uses his or her understanding of programming languages and tools to analyze current codes and industry developments; formulate more processes that are efficient; solve problems; and create a more seamless experience for users.,"Qualifications:
 - Bachelor’s degree in Computer Science, Information Technology, or similar field.
 - With at least 3-year experience in API development or integration.
 - Strong knowledge of PHP and Laravel framework or Java and Spring Framework
 - Preferably with experience in NodeJS using Adonis framework
 - Demonstrable experience including OOP, Security, refactoring, application architecture and design patterns.
 - Knowledgeable with AWS services and alike
 - Able to design database structures and with knowledge on the ff. but not limited to:
 - MySQL
 - MS SQL
 - Oracle SQL
 - NoSQL
 - Experienced in the following:
 - REST or SOAP API integration
 - Agile product development environment
 - Test-Driven development",,2026-06-02T08:47:36.436397+00:00,2026-10-01T04:47:27.716928+00:00,2026-10-31T16:00:00+00:00,2026-10-09T00:54:12.591008+00:00,True,False,False,public,2026-10-09T08:10:27+00:00
268249,Sales Representative,sales-representative,https://www.kalibrr.com/c/talento-solutions-inc/jobs/268249/sales-representative,Talento Solutions Inc.,talento-solutions-inc,Human Resources / HR,https://www.talentosolutionsph.com,True,Sales and Marketing,Full time,1,200,0,550,False,False,False,San Juan,Metro Manila,Philippines,"4th floor , 158, J. Ruiz, Salapan, San Juan, Metro Manila, Philippines",14.5996,121.03678,True,,,,,"Key Responsibilities
 - Collaborate with the Sales Team to identify and understand customer requirements
 - Develop and recommend appropriate technical solutions based on client needs
 - Prepare technical proposals, presentations, quotations, and supporting documentation
 - Conduct product demonstrations and technical presentations to prospective clients
 - Provide technical consultation and support throughout the sales cycle
 - Coordinate with internal departments to ensure accurate project requirements and deliverables
 - Respond to technical inquiries and address customer concerns
 - Assist in preparing bid documents, project specifications, and cost estimates
 - Support the successful transition of awarded projects to the implementation team
 - Stay updated on industry trends, products, and competitive offerings","- Bachelor's Degree in Engineering (Electrical, Electronics, Mechanical, Industrial, Computer, or related field)
 - Minimum 3 years of experience in Pre-Sales, Technical Sales, Sales Engineering, or B2B Sales
 - Experience in preparing technical proposals, quotations, and solution presentations
 - Strong understanding of sales processes and customer relationship management
 - Excellent communication, presentation, and negotiation skills
 - Proficient in Microsoft Office applications
 - Ability to work independently and collaborate with cross-functional teams
 - Willing to work onsite in San Juan City
Competitive Basic Salary
 - 10% Commission based on Net Profit of Closed Deals
 - 2% Sales Incentive for achieving monthly and/or annual sales targets
 - Travel and Business Expenses Covered
 - Company-Sponsored Tour Packages for Top Performers
 - Gasoline Allowance
 - Toll Fee Reimbursement
 - 70% Vehicle Maintenance Subsidy for employees using their personal vehicle for business purposes
 - Free Parking
 - Government-Mandated Benefits (SSS, PhilHealth, Pag-IBIG)
 - Paid Leave Credits",,2026-06-08T06:06:49.517468+00:00,2026-08-13T07:14:24.317954+00:00,2027-06-23T07:47:39.536976+00:00,2026-09-10T07:59:59.149360+00:00,True,False,False,public,2026-09-11T11:21:13+00:00
268377,AI Intern,ai-intern,https://www.kalibrr.com/c/healthspan-global/jobs/268377/ai-intern,"Healthspan Global, Inc.",healthspan-global,Medical Equipment,https://www.healthspan.ph/,True,IT and Software,Full time,1,100,0,200,False,True,False,Makati,Metro Manila,Philippines,"5F, Makati, Metro Manila, Plaza Dr, Guadalupe Viejo, Philippines",14.55491,121.03512,True,,,,,"About the Role
We are looking for a proactive and enthusiastic AI Intern to join our team at Healthspan. Working closely with and reporting directly to our AI Engineer, this internship provides an excellent opportunity to gain hands-on experience in the exciting field of artificial intelligence, automation, and business process optimization.
You will help identify opportunities to leverage AI across our business processes, assist in building tools and scripts, and apply the latest AI advancements to enhance employee productivity and efficiency. We offer a supportive and collaborative work environment where you can grow your technical skills and make a real impact.
Key Responsibilities
1. AI Tools & Research
 - Stay Ahead of the Curve: Stay up-to-date with the latest developments in AI technologies, frameworks, and trends.
 - Evaluate Technologies: Conduct in-depth research to evaluate new AI tools for potential integration within the organization.
 - Tool Proficiency: Be an active and proficient user of leading AI tools (e.g., ChatGPT, Pod, Cursor) to maximize daily output and assist in evaluating new platforms.
2. Development & Implementation Support
 - Assist the AI Engineer: Support the development and implementation of AI-driven solutions, including basic software, tools, and scripts to automate tasks.
 - Technical Documentation: Help document processes and procedures related to AI implementation, maintenance, and troubleshooting.
3. Business Process Optimization
 - System Familiarization: Learn about core business processes within Remedy and other relevant systems used at Healthspan.
 - Identify Opportunities: Participate in brainstorming sessions and collaborate with cross-functional teams to identify areas where AI and automation can enhance processes, products, workflows, or services.
 - Translate Needs: Assist the AI Engineer in translating business needs into technical requirements for future AI solutions.","Minimum Requirements
 - Technical Foundation: Basic understanding of AI concepts, technologies, and automation principles.
 - Programming Skills: Basic programming skills in Python or a similar language are nice to have but not required 
 - Problem-Solving: Strong analytical and problem-solving skills with a continuous improvement mindset.
 - Adaptability: Ability to quickly learn and adapt to new technologies, systems, and methodologies.
 - Communication: Excellent written and verbal communication skills; ability to collaborate effectively with both technical and non-technical teams.
 - Enthusiasm: A genuine eagerness to learn about business processes, process improvement, and how AI can solve real-world problems.
Educational Requirements
 - Currently pursuing a degree in Computer Science, Data Science, Business Administration, or a related field.
 - Prior experience with AI projects, internships, or relevant academic coursework is highly preferred.",,2026-06-10T06:36:15.298631+00:00,2026-08-19T09:08:27.268153+00:00,2026-11-29T16:00:00+00:00,2026-09-11T08:07:15.455475+00:00,True,False,False,public,2026-09-11T11:16:11+00:00
268467,Senior IT Customer Support,senior-it-customer-support,https://www.kalibrr.com/c/care-technologies/jobs/268467/senior-it-customer-support,CARE Technologies,care-technologies,Information Technology / IT,http://www.care.co.id/,True,IT and Software,Full time,1,300,0,550,False,False,True,South Jakarta,DKI Jakarta,Indonesia,"South Jakarta, DKI Jakarta, Crown Palace A10—A9 Jl. Prof. Dr. Soepomo S.H. No. 231, Indonesia",-6.17147,106.82649,False,,,,,"IT Customer Support role is responsible for providing technical assistance and support to customers regarding software applications, systems, and IT-related issues. The role ensures that customer inquiries and technical problems are resolved efficiently while maintaining high levels of customer satisfaction.
Key Performance Indicators (KPI)
 - Ticket resolution time.
 - Customer satisfaction score.
 - SLA compliance rate.
 - Number of issues resolved.
 - Quality and accuracy of support documentation.
Customer Support
 - Respond to customer inquiries via phone, email, ticketing system, or chat.
 - Provide first-level technical support for software, hardware, and network-related issues.
 - Assist customers in troubleshooting and resolving system/application problems.
 - Guide users through step-by-step solutions and system usage procedures.
System and Application Support
 - Support users in operating company applications and systems.
 - Perform basic system configuration and user account management.
 - Assist with application testing and validation after issue resolution.
 - Provide user training and guidance when required.
Documentation and Reporting
 - Maintain accurate records of customer interactions and issue resolutions.
 - Create and update user guides, FAQs, and support documentation.
 - Prepare periodic reports on support activities and issue trends.
Service Quality Improvement
 - Identify recurring issues and recommend preventive solutions.
 - Collaborate with development and infrastructure teams to improve system performance.
 - Ensure compliance with Service Level Agreements (SLA).","- Bachelor's Degree in Information Technology, Computer Science, Information Systems, or a related field.
 - Experience in customer support or helpdesk is an advantage.
 - Understanding about Database Query, AI Driven
 - Professional proficiency in English (written and verbal)
 - Basic understanding of computer networks, operating systems, databases, and web applications.
 - Familiarity with ticketing systems and troubleshooting processes is preferred.
 - Strong analytical and problem-solving skills.
 - Good communication and interpersonal skills.
 - Proven experience in managing and supporting clients.
 - Experience in handling client inquiries, issues, and requirements
 - Strong experience in collaborating with cross-functional teams to support project implementation and ongoing maintenance activities.",,2026-06-12T03:22:59.743771+00:00,2026-08-24T06:58:26.160946+00:00,2026-09-29T17:00:00+00:00,2026-09-11T09:48:46.007490+00:00,True,False,False,public,2026-09-11T11:22:58+00:00
268530,Android Developer,android-developer-2,https://www.kalibrr.com/c/multisys-technologies-corporation/jobs/268530/android-developer-2,Multisys Technologies Corporation,multisys-technologies-corporation,Information Technology / IT,https://www.multisyscorp.com/,True,IT and Software,Full time,1,300,0,550,False,True,False,Parañaque,Metro Manila,Philippines,"#14, Mt. of Olives St, Moonwalk, Parañaque, Metro Manila, Philippines",14.47121,121.02198,False,30000,50000,PHP,month,"Job Summary:
The Android Developer will lead the development and maintenance of high-quality Android applications by playing a key role in the entire development lifecycle, from concept to delivery, and provide technical leadership to the development team. The role requires deep expertise in Android development, excellent problem-solving skills, and the ability to mentor and guide junior team members.
Duties and Responsibilities:
 - Collaborate with cross-functional teams to define, design, and ship new features.
 - Define the app’s architecture, including database structure, APIs, and backend services.
 - Design and build advanced applications for the Android platform.
 - Ensure the performance, quality, and responsiveness of applications.
 - Work on performance optimization for applications.
 - Identify and correct bottlenecks.
 - Work on bug fixing and improving application performance.
 - Collaborate with QA teams to develop comprehensive test plans.
 - Prepare for deployment by configuring local databases and necessary environments.
 - Publish the app to the Google Play Store and manage the release process.
 - Monitor the app’s performance, user feedback, and any potential issues.","- Bachelor’s degree in Computer Science, Information Technology, or a similar field
 - With at least 3+ years of professional experience in Android app development, with a strong portfolio of published apps.
 - Strong knowledge of the Android SDK, different versions of Android, and how to deal with and handle different screen sizes.
 - Familiarity with RESTful APIs to connect Android applications to back-end services.
 - Experience with offline storage, threading, and performance tuning.
 - Ability to design applications around natural user interfaces, such as “touch”.
 - Knowledge of the open-source Android ecosystem and the libraries available for common tasks.
 - Ability to understand business requirements and translate them into technical requirements.
 - Familiarity with cloud message APIs and push notifications.",,2026-06-15T05:09:17.854674+00:00,2026-09-01T08:17:43.245889+00:00,2026-10-01T06:31:39.500473+00:00,2026-09-11T02:58:55.247730+00:00,True,False,False,public,2026-09-11T11:15:58+00:00
268532,iOS Developer,ios-developer-2,https://www.kalibrr.com/c/multisys-technologies-corporation/jobs/268532/ios-developer-2,Multisys Technologies Corporation,multisys-technologies-corporation,Information Technology / IT,https://www.multisyscorp.com/,True,IT and Software,Full time,1,300,0,550,False,True,False,Parañaque,Metro Manila,Philippines,"#14, Mt. of Olives St, Moonwalk, Parañaque, Metro Manila, Philippines",14.47121,121.02198,False,30000,50000,PHP,month,"Job Summary:
The iOS Developer plays a key role in the design, development, and implementation of cutting-edge iOS applications. This position offers an exciting opportunity for individuals with a passion for mobile app development to contribute to high-impact projects and collaborate with cross-functional teams.
Duties and Responsibilities:
 - Brainstorms solutions and ideas for any given problem;
 - Collaborates with cross-functional teams to define, design, and ship new features.
 - Translates designs and wireframes into quality code;
 - Implements design and building applications, modules, and API (REST) for the iOS platform;
 - Designs, builds and maintains reusable and reliable code;
 - Continuously discovers, evaluates, and implements new technologies to maximize development efficiency;
 - Conducts unit test code for robustness, which includes but not limited to the following:
 - Edge cases;
 - Usability;
 - General reliability; and
 - Build and Upload to App Store
 - Provides support and conducts problem solving and bug fixing.","- Bachelor's degree in Computer Science, Software Engineering, or a related field.
 - With at least 3+ years of experience in iOS application development.
 - Adept at Swift and Objective-C
 - Strong knowledge of the software development life cycle",,2026-06-15T05:13:18.748224+00:00,2026-09-01T08:18:24.829519+00:00,2026-10-01T06:31:39.517609+00:00,2026-09-11T06:28:31.821543+00:00,True,False,False,public,2026-09-11T11:14:02+00:00
268692,Data Architect  [Data Lakehouse],data-architect-data-lakehouse,https://www.kalibrr.com/c/ncs-philippines/jobs/268692/data-architect-data-lakehouse,NCS Philippines Inc. ,ncs-philippines,Information Technology / IT,https://www.ncs.co,True,IT and Software,Full time,1,400,0,550,False,True,False,Taguig,Metro Manila,Philippines,"7th Floor, Fort Bonifacio, Taguig, Metro Manila, Philippines",14.51259,121.05872,True,,,,,"We are seeking a Data Architect to design, govern, and evolve our enterprise data landscape with a strong focus on modern data lakehouse architecture. This role is responsible for building scalable, secure, and analytics-ready data platforms that support reporting, advanced analytics, and AI/ML initiatives. The ideal candidate combines strategic architectural thinking with deep hands-on experience in cloud-based data ecosystems.
Key Responsibilities
Data Architecture & Platform Design
Define and own the enterprise data architecture and target-state data landscape
Design and implement data lakehouse architectures supporting structured and unstructured data
Lead modernization from legacy data warehouses to lakehouse-based platforms
Establish architecture standards, patterns, and best practices
Data Integration & Processing
Architect batch and real-time data ingestion pipelines
Design scalable data processing frameworks using distributed compute
Integrate data from transactional systems, APIs, and third-party sources
Ensure data reliability, performance, and cost efficiency
Governance, Quality & Security
Define and enforce data governance, quality, and lineage standards
Architect secure data access models including role-based access control
Ensure data privacy and regulatory compliance through design
Implement metadata management and auditing capabilities
Analytics Enablement
Enable BI, analytics, and AI/ML workloads through optimized data models
Support self-service analytics and standardized semantic layers
Partner with data engineers, analysts, and business stakeholders
Technical Leadership
Provide architectural guidance and design reviews
Mentor data engineers and technical teams
Translate business requirements into scalable data solutions","Required Skills & CapabilitiesCore Technical Skills
 - Data Lakehouse platforms (e.g., Databricks, Delta Lake, Apache Iceberg) - Any
 - Cloud platforms (AWS, Azure, or GCP)
 - Distributed data processing (Apache Spark)
 - Streaming & ingestion (Kafka or equivalent)
 - Advanced SQL and Python or Scala
Architecture & Design
 - Enterprise data architecture and reference modeling
 - Data modeling (dimensional and analytical models)
 - End-to-end data pipeline design
 - Performance optimization and cloud cost management
 - Governance & Security
Data governance and metadata management
 - Data quality frameworks
 - Security and access control design
 - Regulatory-aware data architecture
 Experience & Qualifications
 - Experience in data architecture or data engineering
 - 2+ years designing and implementing data lakehouse solutions
 - Proven experience managing complex enterprise data landscapes
 - Willing to do hybrid set up in BGC Taguig",,2026-06-18T10:42:51.367709+00:00,2026-06-18T10:44:07.128296+00:00,2026-12-30T16:00:00+00:00,2026-09-04T15:50:58.933882+00:00,True,False,False,public,2026-09-11T11:22:21+00:00
268695,Program Manager,program-manager,https://www.kalibrr.com/c/ncs-philippines/jobs/268695/program-manager,NCS Philippines Inc. ,ncs-philippines,Information Technology / IT,https://www.ncs.co,True,IT and Software,Full time,1,400,0,550,False,True,False,Taguig,Metro Manila,Philippines,"7th Floor, Fort Bonifacio, Taguig, Metro Manila, Philippines",14.51259,121.05872,True,,,,,"The Program Manager is responsible for planning and governance and for overseeing the successful delivery of the program’s output/product. The program manager must have practical experience of having been a project manager for large and complex initiatives.
Duties and Resposibilities
 - Leads the development and implementation of a broad, coordinated set of plans and programs to meet the goals and priorities of the department. 
 - Full project life cycle ownership: successful project delivery will include full implementation from initiation to deployment for one major or several minor initiatives simultaneously.
 - Develops and delivers progress reports, proposals, requirements documentation, and presentations to various audiences, including the project team and sponsors.
 - Monitors, tracks, and controls outcomes to resolve issues, conflicts, dependencies, and critical path deliverables.
 - Ensuring Customer Success Management processes are implemented
 - Manages Daily program management throughout the program life cycle
 - Defining the program governance (controls)
 - Defines and plan the overall program strategy and progress of projects
 - Managing the program’s budget and financial health
 - Managing risks and issues and taking corrective measurements
 - Mentors Project Managers","Job Specifications:
Education – At least graduate with a Bachelor’s or Master's Degree in IT, Computer Science, Engineering, or any related course.
Related Work Experience – 
 - At least 5 years of experience as an IT Professional, with 5+ years experience in Project Management.
 - 5+ years of experience with a full product lifecycle with an understanding of the development lifecycle and various technology methodologies that support that lifecycle.
 - Proven success in providing leadership for project teams by building and motivating team members to meet project goals, adhering to their responsibilities and project milestones.
 - Proven success in providing leadership for project teams 
 - Experience in providing roadmap to clients
 - Focus on Customer Success Management metrics and implementation
 - Experience in handling industry specific related programs and Operations
 - Experience in handling Program PnL
 - Certifications is a plus
 - Professional Scrum Master II 
 - Project Management Professional (PMP®) certification
Knowledge – 
 - Project Management
 - Resource Management
 - Stakeholder Relationship management
 - Financial Management
 - Contract Management
 - Governance
Skills:
 - Must have excellent time management and organizational skills and experience establishing guidelines in these areas for others.
 - Must have a strong sense of personal accountability regarding decision-making and supervising department teams.
 - Must have good leadership skills, risk management, client interfacing, and decision-making skills.
 - Must have strong interpersonal and organizational skills.
 - Ability to work independently with minimum supervision and with a cross-functional team.
 - Must have the decisiveness in resolving business problems, making decisions, and identifying priorities.
 - Must have a passion for new consumer technology and the emerging mobile landscape.
 - Excellent scoping and estimation skills.
 - Must have exceptional communication skills and presentation skills
 - Must have strong interpersonal and organizational skills
 - Proven ability to demonstrate a drive for results and accountability of business needs.
 - Proven ability to work in an ambiguous environment and collaborate across multiple areas to achieve a common business objective.",,2026-06-18T10:47:59.520718+00:00,2026-06-18T10:48:03.295564+00:00,2026-12-30T16:00:00+00:00,2026-09-09T05:07:34.343491+00:00,True,False,False,public,2026-09-11T11:18:31+00:00
268783,Customer Service Support Head,customer-service-support-head,https://www.kalibrr.com/c/siemens/jobs/268783/customer-service-support-head,Siemens,siemens,Industrial Automation,https://jobs.siemens.com/en_US/externaljobs,True,Customer Service,Full time,1,400,0,550,False,True,False,Makati,Metro Manila,Philippines,"Makati, Metro Manila, Philippines",14.55491,121.03512,True,,,,,"You'll make a difference by:
 - Lead End-to-end Project Delivery: Direct the end-to-end implementation of grid software solutions across the Philippines, including project planning, budgeting, scheduling, and resource optimization.
 - Drive Service Operations Excellence: Oversee the Technical Services Support Team to ensure reliable software performance, effective issue resolution, and adherence to Service Level Agreements and Key Performance Indicators.
 - Ensure Compliance and Quality Assurance: Govern delivery processes to meet regulatory, contractual, and cybersecurity standards, maintaining alignment with corporate itil service management frameworks.
 - Optimize Service Delivery Processes: Implement Agile methodologies and continuous improvement initiatives to enhance support efficiency, incident response, and customer engagement.
 - Cross-Collaboration Across Global and Regional Teams: Work closely with engineering, product management, and global support organizations to ensure consistent quality, best practice sharing, and operational alignment.
 - Strategize Grid Software Services: Act as the principal interface for clients, partners, and government stakeholders, providing technical insights and contributing to regional growth strategies.
You'll win us over by:
 - Qualifications: Bachelor’s degree in Computer Science, Information Technology, or Engineering (Master’s preferred).
 - Proven Project Leadership and Governance: Over 8 years of experience managing complex itand grid software projects, including at least 3 years in operational management, overseeing budgets, risks, and resources to ensure operational excellence and on-time delivery.
 - Strong Industrial Experience: Proficient in power grid software applications, digital substations, or energy management systems, and experience applying itil and Agile frameworks in service environments.
 - Technical Expertise: Certifications such as pmp, prince2, or itil v4 are highly valued. Additionally, skilled in using ms Project, Jira, ServiceNow, or Zendesk for project tracking, service analytics, and performance reporting.
 - Strong Communication and Stakeholder Management: Excellent ability to bridge technical and business perspectives, influence decision-making, and maintain high-impact client relationships.
What we offer 
 - Flexibility: Inclusive and flexible working environment with hybrid and remote options.
 - Welfare: Comprehensive welfare programs and health insurance extendable to your family; professional accident insurance.
 - Growth Opportunities: Continuous and individual learning journeys.
 - Inclusive Culture: A team culture where you can be yourself.
Recruitment Process: 
 - CV Screening
 - A session with our recruiter to understand your motivation & learning goals 
 - 1-2 Business Interviews
 - Offer Stage 
Come join us, and #TransformTheEveryday for everyone!
We value your unique identity and perspective and are fully committed to providing equitable opportunities and building a workplace that reflects the diversity of society. Come bring your authentic self and create a better tomorrow with us.
Public Notice: Recruitment Fraud
We wish to caution jobseekers that Siemens, as a policy, does not authorize external parties/agents to conduct employment drives or extend Offers of Employment on our behalf. We do not ask for bank details, payment of any kind nor personal financial information in return for assurance of employment. Please visit our job portal for all Siemens job openings, and apply via the portal.","- Strong analytical and planning skills;
 - Excellent problem-solving skills;
 - Strong Industrial Experience
 - skilled in using MS Project, Jira, ServiceNow, or Zendesk for project tracking, service analytics, and performance reporting.
 - Strong Communication and Stakeholder Management",,2026-06-22T05:49:50.889593+00:00,2026-06-22T05:53:06.468186+00:00,2027-06-21T16:00:00+00:00,2026-09-09T15:31:20.463936+00:00,True,False,False,public,2026-09-11T11:16:39+00:00
268787,Systems Application Engineer: 1 Year Contract,systems-application-engineer-1-year-contract,https://www.kalibrr.com/c/siemens/jobs/268787/systems-application-engineer-1-year-contract,Siemens,siemens,Industrial Automation,https://jobs.siemens.com/en_US/externaljobs,True,Architecture and Engineering,Full time,1,400,0,550,False,False,False,Makati,Metro Manila,Philippines,"Makati, Metro Manila, Philippines",14.55491,121.03512,True,,,,,"You'll make a difference by:
 - Providing Level 2 technical support for mission-critical applications, troubleshooting and resolving complex system issues during the maintenance and support phase in collaboration with internal technical teams and customers.
 - Testing and validating system updates, supporting pre- and post-release testing of application, software, and firmware updates to ensure stability and performance.
 - Investigating and resolving incidents and defects, conducting root cause analysis and implementing fixes to minimize operational disruption.
 - Communicating technical findings and progress clearly to customers, ensuring transparency on issue status, resolution timelines, and corrective actions.
 - Monitoring system health and performance, identifying risks proactively and supporting customers in maintaining system reliability.
 - Assessing and coordinating support ticket escalation, prioritizing and collaborating with internal teams to resolve issues based on business impact.
Your defining qualities:
 - Strong foundation in IT systems and infrastructure, with a degree in IT, Computer Science, Engineering, or equivalent hands-on experience.
 - 3–5 years of hands-on experience in Linux environments, including troubleshooting and system administration.
 - 3–5 years of experience working with SQL and databases, with the ability to support data analysis and issue resolution.
 - Familiarity with virtualization and infrastructure technologies, such as VMware, servers, storage, firewall, and networking environments.
 - Experience working in a structured technical support or service environment, managing tickets within defined service levels.
 - Customer-oriented and adaptable mindset, with strong communication skills and willingness to support after-hours or on-call when required.","- Strong analytical and planning skills;
 - Good communication and presentation skills;
 - Excellent problem-solving skills;
 - Strong foundation in IT systems and infrastructure
 - 3–5 years of hands-on experience in Linux environments
 - 3–5 years of experience working with SQL and databases
 - Familiarity with virtualization and infrastructure technologies
 - Experience working in a structured technical support or service environment
 - Customer-oriented and adaptable mindset",,2026-06-22T06:07:05.437428+00:00,2026-06-22T06:07:32.558541+00:00,2027-06-21T16:00:00+00:00,2026-09-08T07:33:25.529729+00:00,True,False,False,public,2026-09-11T11:14:18+00:00
268822,Senior WordPress Designer Work From Home,senior-wordpress-designer-work-from-home,https://www.kalibrr.com/c/thinkbit/jobs/268822/senior-wordpress-designer-work-from-home,ThinkBIT Solutions,thinkbit,Information Technology / IT,https://thinkbitsolutions.com/,True,IT and Software,Full time,1,400,0,550,False,True,False,Quezon City,Metro Manila,Philippines,"Quezon City, Metro Manila, Philippines",14.67297,121.04949,True,45000,60000,PHP,month,"Your responsibilities will include, but are not limited to:
 - Develop, customize, and maintain WordPress websites in accordance with industry best practices and ThinkBIT standards.
 - Design and customize responsive WordPress themes and user interfaces.
 - Ensure websites are optimized for performance, responsiveness, and usability.
 - Stay current with WordPress ecosystem updates, Gutenberg, and emerging UI/UX trends
 - Utilize version control systems and tools such as Git and SourceTree.
 - Participate in project planning, effort estimation, and technical discussions.
 - Deliver assigned projects and tasks within agreed timelines and quality standards.
 - Monitor and communicate project progress, risks, issues, and dependencies.
 - Assist the relevant managers in improving technical documentation and cross-functional processes.
 - Support the continuous improvement of developers through the maintenance and enhancement of learning paths.
 - Conduct performance management activities, including: KPI Reviews, Coaching Sessions, and Development Feedback Discussions
 - Provide technical guidance and support to developers through: Weekly project consultation meetings, Code reviews, and Technical mentoring
 - Contribute as a hands-on developer while supporting team members in project delivery.","- Must be willing to report to the office at least once a week. 
 - Bachelor’s Degree in Computer Science, Information Technology, or a related field.
 - At least five (5) years of professional experience in WordPress development and web design.
 - Knowledgeable in other CMS platforms such as Drupal, Shopify, and Elementor
 - Strong proficiency in: WordPress Development HTML5, CSS3, JavaScript, jQuery, JSON, as well as Git, SourceTree, and other version control tools.
 - Experience integrating RESTful APIs and third-party services.
 - Preferred Qualifications
 - Experience leading or mentoring development teams.
 - Experience with modern front-end frameworks and web performance optimization.
 - Familiarity with Agile or Scrum development methodologies.",,2026-06-22T10:27:31.525149+00:00,2026-09-02T05:24:46.701810+00:00,2026-11-29T16:00:00+00:00,2026-09-09T11:59:45.907873+00:00,True,False,False,public,2026-09-11T11:15:52+00:00
268964,Associate Brand Manager,associate-brand-manager,https://www.kalibrr.com/c/ardent-world-inc/jobs/268964/associate-brand-manager,Ardent World Inc.,ardent-world-inc,Consumer Goods,https://www.linkedin.com/company/ardent-world-inc/,True,Sales and Marketing,Full time,1,400,0,550,False,False,False,Makati,Metro Manila,Philippines,"2F Global Enterprise Bldg., 138, Makati, Metro Manila, Philippines, H.V. Dela Costa ",14.55491,121.03512,True,,,,,"Essential Job Functions: 
 - Drive the overall performance and growth of assigned brands through effective brand management and strategic planning.
 - Develop and recommend advertising strategies, marketing programs, and tactical solutions aligned with brand and business objectives.
 - Analyze consumer insights, market trends, and competitive activities to identify opportunities and support decision-making.
 - Lead the planning, implementation, and execution of marketing initiatives, campaigns, and brand-building activities.
 - Serve as the primary point of person for all brand-related initiatives and coordinate with internal and external stakeholders to ensure successful execution.
 - Conduct consumer and market research as needed to strengthen brand positioning and support business growth.
 - Ensure that all brand communications and marketing activities are consistent with the company's overall brand strategy and standards.","Join Our Talent Community
There’s a whole world of opportunities in front of you.
Our Purpose
We are Ardent World Inc., an FMCG, in the business of personal care and retail vanity products. AWI is the product of a passionate desire to bring quality, affordable skin care solutions to everyone. We combine passion with science and in-depth analytics to bring products to market that people can feel and see the difference.
A World of Opportunities
AWI Professionals in our talent community share the same passion for excellence and thrives well with these qualities:
 - Goal driven mindset;
 - Firm understanding of business and economics to develop strategies and grow the business;
 - Strong creative and problem-solving skills;
 - Strong management and leadership skills: able to get the best of people and inspire them to follow;
 - Excellent communication skills: can interact with different organizational levels;
 - Learning attitude: to keep up with the digital transformation of the organization.
What we’re looking for?
 - Passionate about building brands and creating meaningful connections with consumers.
 - Strategic and consumer-focused, with the ability to translate market insights into effective brand initiatives.
 - Adaptable and innovative, able to thrive in a fast-paced environment and respond effectively to changing market conditions.
 - Determined and results-oriented, with a strong drive to achieve brand and business objectives.
 - Organized and detail-oriented, capable of managing multiple projects while ensuring quality execution.
 - Collaborative and proactive, able to work effectively with cross-functional teams and stakeholders.
Professional Experience and Required Qualifications:
 - Bachelor's degree in marketing, Advertising, Communications, or any related field.
 - Preferably with at least 7 years of experience in brand management, marketing, brand planning, or product management within a consumer industry.
 - Strong understanding of consumer behavior, market research, brand development, and marketing strategy.
 - Highly analytical and creative, with the ability to develop effective marketing strategies and identify growth opportunities.
 - Excellent communication, presentation, and interpersonal skills.
 - Self-starter, resourceful, organized, and detail-oriented with strong business acumen.
 - Experience in FMCG, retail, beauty, or lifestyle brands is an advantage.",,2026-06-24T08:15:05.956397+00:00,2026-09-08T09:15:51.010844+00:00,2026-11-22T16:00:00+00:00,2026-09-10T00:10:25.616642+00:00,True,False,False,public,2026-09-11T11:21:53+00:00
269063,Operations Support Analyst,operations-support-analyst,https://www.kalibrr.com/c/stradcom-corporation-1/jobs/269063/operations-support-analyst,Stradcom Corporation,stradcom-corporation-1,Information Technology / IT,https://www.linkedin.com/company/stradcomph/mycompany/,True,IT and Software,Full time,1,400,0,550,False,False,False,Quezon City,Metro Manila,Philippines,"East Ave, Pinyahan, Quezon City, Metro Manila, Philippines",14.67297,121.04949,True,,,,,"Operations Support Analyst is mainly responsible for:
1. Data Warehouse & Analytics Operations
 - 
 Ensure scheduled Extract-Transform-Load jobs, data refreshes, and reporting processes run successfully and on time;
 - 
 Execute on-demand data extraction and loading jobs, as needed;
 - 
 Monitor daily operations of the data warehouse, data pipelines, and analytics platforms to ensure data availability and performance;
 - 
 Track and resolve data load failures, report issues, and system performance anomalies;
 - 
 Ensure compliance with SLAs for data refresh, reporting, and analytics delivery; and,
 - 
 Support release coordination and deployment of analytics and data warehouse changes. Also provide post-release monitoring and troubleshooting support.
2. Data Quality & Validation
 - 
 Perform data quality checks to validate accuracy, completeness, and consistency across data sources;
 - 
 Investigate data discrepancies and work with data engineering and analytics teams to implement fixes; and,
 - 
 Document data issues, root cause analysis, and preventive measures.
3. Reporting & Analytics Support
 - 
 Support BI tools, dashboards, and analytical reports used by business teams;
 - 
 Assist users with data access, report usage, and issue resolution; and,
 - 
 Validate analytical outputs to ensure alignment with business definitions and metrics
4. Stakeholder Collaboration
 - 
 Coordinate with data engineers, analytics teams, IT operations, and business users;
 - 
 Communicate data issues, operational status, and resolutions in a clear and timely manner;
 - 
 Support change management activities related to enhancements, releases, and platform upgrades;
 - 
 Provide application-related support and training to internal and external clients on how to use dashboards and reports;
 - 
 Coordinate with teams for infra-related support; and
 - 
 Perform other job-related tasks that may be assigned by his superiors from time to time.","- 
 Bachelor’s Degree in Computer Science, Computer Engineering, or any IT related course
 - 
 No certifications required.
 - 
 Must have at least 2+ years of related experience in support.
 - 
 Exposure to ETL/ELT tools (e.g. SSIS, Azure Data Factory, etc.)
 - 
 Knowledge in BI tools (Power BI, Tableau, Qlik, etc.)
 - 
 Strong SQL skills and experience with relational databases.
 - 
 Familiarity with cloud analytics platforms (Azure Synapse, AWS) is a plus (but not required.)
 - 
 Knowledge of IT service management processes (ITIL, incident/problem management)",,2026-06-26T02:15:33.896689+00:00,2026-08-26T08:38:54.134408+00:00,2026-10-24T16:00:00+00:00,2026-09-10T10:25:32.632715+00:00,True,False,False,public,2026-09-11T11:14:56+00:00
269073,Corporate Accountant,corporate-accountant-3,https://www.kalibrr.com/c/h-egh-lng-services-rohq/jobs/269073/corporate-accountant-3,Höegh Evi Services ROHQ,h-egh-lng-services-rohq,Business Process Outsourcing,http://www.hoeghlng.com,True,Accounting and Finance,Full time,1,300,0,550,False,True,False,Makati,Metro Manila,Philippines,"125 L.P. Leviste Street , Makati, Metro Manila, Philippines",14.55491,121.03512,True,,,,,"Job Description
The Corporate Accountant ensures statutory financial statements for assigned Höegh LNG entities are completed in accordance with IFRS, regulations, and internal procedures. The role maintains relationships with auditors and public filing entities, ensures compliance with internal controls, and supports consolidated reporting for the Group.
Main Tasks
Financial Close
 - Complete monthly, quarterly, and annual closes for consolidated and statutory reporting. Handle vendor/customer invoices, bank transactions, accruals, depreciation, amortization, reclassifications, currency revaluations, IFRS15 and IFRS9 entries. Prepare related-party invoices, intercompany interest, payments, reconciliations, and ensure proper classification in IFS. Work with Group Accounting on budgets, forecasts, and reporting routines.
Statutory Reporting
 - Prepare quarterly and annual financials in line with IFRS. Provide deviation analysis versus budget, cash-flow reporting, and rolling forecasts.
Bank, Cash, Loans 
 - Approve payments, perform reconciliations, manage loan facilities, ensure compliance with cash management procedures, report covenants, and prepare long-term forecasts.
Internal Controls & Audits 
 - Execute internal controls per GSM guidelines, support external auditors, ensure reporting accuracy, and maintain compliance with key controls.
Tax & Compliance
 - File tax returns, assist with VAT reporting, and ensure adherence to local requirements.
Project Cost Control 
 - Monitor project accounting data, POs, invoices, and cost allocations. Ensure correct routing and reporting of project costs. Track manhours, travel, and consultant expenses, liaise with Accounting for recharges, and maintain project codes.
Project Reporting 
 - Prepare internal/external project reports using IFS, Excel, and Power BI. Align CAPEX/EXP categories with Accounting, support reporting standardization, and manage reimbursement packages.
Project Close 
 - Follow monthly/quarterly close checklists, update forecasts, and ensure timely project sign-offs.","- Bachelor's degree in Accountancy or a related field
 - Certified Public Accountant (CPA) license is an advantage but not required
 - Minimum of 4–5 years of relevant accounting experience
 - Experience with handling monthly, quarterly or annual closing processes
 - Understanding and experience with IFRS/local GAAP 
 - Prior auditing experience with international clients is beneficial but not required
 - Knowledge of internal controls
 - Knowledge of financial reporting requirements
 - Solid computer skills including working with general ledger systems
 - Advanced excel expertise and interest in developing ad-hoc and management reporting tools to meet Management requirements
 - Excellent interpersonal and communication skills.
 - Demonstrates energy, initiative, and a strong drive for results.
 - Possesses a solution-oriented mindset and approach to problem-solving.
 - Able to work effectively both independently and as part of a team.
 - Delivers high-quality work efficiently and within agreed timelines.
 - Adaptable and able to work effectively in diverse environments and with stakeholders across different business cultures globally.
 - Identifies with Hoegh Evi’s values (and leadership principles when applicable)",,2026-06-26T05:08:13.965301+00:00,2026-06-26T05:10:33.229654+00:00,2026-09-24T16:00:00+00:00,2026-09-11T03:47:17.048174+00:00,True,False,False,public,2026-09-11T11:21:19+00:00
269535,System Analyst,system-analyst-3,https://www.kalibrr.com/c/multisys-technologies-corporation/jobs/269535/system-analyst-3,Multisys Technologies Corporation,multisys-technologies-corporation,Information Technology / IT,https://www.multisyscorp.com/,True,IT and Software,Contractual,2,200,0,550,True,True,False,Parañaque,Metro Manila,Philippines,"#14, Mt. of Olives St, Moonwalk, Parañaque, Metro Manila, Philippines",14.47121,121.02198,True,,,,,"A System Analyst (SA) analyzes user requirements, procedures, and problems to automate or improve existing systems and review computer system capabilities, workflow, and scheduling limitations. Further, an SA is responsible for maintaining and improving computer systems for an organization and its clients. SA is often required to work outside standard hours to oversee upgrades and fixes, ensuring there is minimal interruption to business as usual.","- Bachelor's degree in Computer Science, Information Technology, Business Administration or similar field.
 - With at leaast 1-year experience in system analysis
 - Proven experience in the following:
 - Jira
 - Draw. io
 - Microsoft programs
 - Google applications",,2026-07-08T01:46:28.228154+00:00,2026-10-01T01:01:58.640453+00:00,2026-10-31T16:00:00+00:00,2026-10-08T22:26:10.645529+00:00,True,False,False,public,2026-10-09T08:09:38+00:00
269562,Client Representative | IT Sales,client-representative-it-sales-2,https://www.kalibrr.com/c/questronix-corporation/jobs/269562/client-representative-it-sales-2,Questronix Corporation,questronix-corporation,Information Technology / IT,https://questronix.com.ph/,True,IT and Software,Full time,1,300,0,550,False,True,False,Makati,Metro Manila,Philippines,"Makati, Metro Manila, 178 Yakal St. Brgy. San Antonio, Philippines",14.55491,121.03512,True,,,,,"- Scheduling meetings and coordinating with the marketing team.
 - Serving as the primary liaison between the sol and clients.
 - Understanding client requirements and translating them into actionable tasks for the
 - Solutions Manager.
 - Providing updates on technical issues, projects, or service requests.
 - Explaining IT products, services, or solutions to clients.
 - Demonstrating and training clients on IT systems or software usage.
 - Building strong, trust-based relationships with clients through consistent support and
 - service.
 - Addressing concerns proactively to maintain satisfaction and loyalty.
 - Preparing performance reports to share insights and recommendations.
 - Partnering with account management teams for tailored solutions.","- Bachelor's degree in information technology, Computer Science, Business, or a related field (preferred).
 - Has at least 2 years of relevant experience as a Sales Representative.
 - Understanding of IT systems, software, and technical concepts to address client needs effectively.
 - Strong verbal and written skills for explaining technical solutions in non-technical terms.
 - Ability to understand and prioritize client satisfaction.
 - Efficiently managing timelines and tasks when dealing with client projects.
 - Demonstrates strong analytical and planning capabilities.",,2026-07-08T07:51:57.077585+00:00,2026-09-07T01:42:41.825275+00:00,2026-12-05T16:00:00+00:00,2026-09-10T11:17:34.180623+00:00,True,False,False,public,2026-09-11T11:14:42+00:00
269569,Legal Assistant Trainee,legal-assistant-trainee,https://www.kalibrr.com/c/mediatrix-manpower-and-management-services-inc/jobs/269569/legal-assistant-trainee,Mediatrix Manpower and Management Services Inc,mediatrix-manpower-and-management-services-inc,Human Resources / HR,https://www.facebook.com/Mediatrix1996,False,Legal,Full time,1,100,0,550,False,False,False,Mandaluyong,Metro Manila,Philippines,"Mandaluyong, Metro Manila, Philippines",14.5789,121.04414,True,,,,,"- Filing of legal documents 
 - Scanning of written legal documents.
 - Sorting and arranging of documents. 
 - Assists on collecting documents. 
 - Assists on distributing documents. 
 - Writting of legal documents to book. 
 - Support on cases/hearing.","- Computer Literate 
 - Basic knowledge on Scanning Machine 
 - Basic knowledge on document filing. 
 - Reliable
 - Open for On-the-Job Training 
 - With allowance 
 - High-School/On-The-Job Student
 - Willing to be train",,2026-07-08T08:10:13.124234+00:00,2026-09-30T01:38:17.065986+00:00,2027-09-30T01:38:17.065986+00:00,2026-09-30T01:38:16.961513+00:00,True,False,False,public,2026-10-09T08:11:30+00:00
269803,Senior SEO and GEO Manager,senior-seo-and-geo-manager,https://www.kalibrr.com/c/get-hooked-360-inc/jobs/269803/senior-seo-and-geo-manager,"Get Hooked 360, Inc.",get-hooked-360-inc,Marketing / Advertising / Sales,http://www.gethooked360.com/,True,Sales and Marketing,Full time,1,400,0,550,False,True,False,Quezon City,Metro Manila,Philippines,"58, Highland Dr, Blue Ridge A, Quezon City, Metro Manila, Philippines",14.67297,121.04949,True,,,,,"We are seeking a visionary and data-driven Senior SEO and GEO Manager to lead our organic visibility strategy into the next era of search. In this role, you won't just optimize for algorithms; you will optimize for user intent across traditional search engines (ex. Google) and AI-driven generative engines (OpenAI/ChatGPT, Gemini, and the like).
The ideal candidate understands that modern SEO is actually SXO (Search Experience Optimization) and GEO (Generative Engine Optimization). You will be responsible for ensuring our agency's clients are not only ranked but cited, recommended, and integrated into the conversational answers providing the framework for tomorrow's internet.
Summary
 - LLM Visibility & Citation Strategy: Optimize content architecture to ensure our brand is pulled into AI summaries and Google AI Overviews, Gemini, and other Large Language Model (LLM) platforms.
 - Brand Footprint Management: Monitor and improve the brand's sentiment and data presence across LLM training sets and Retrieval-Augmented Generation (RAG) sources.
 - Conversational Keyword Research: Shift keyword strategies from rigid short-tail queries to natural language, long-tail conversational prompts used in AI chats.
 - Entity & Schema Architecture: Implement advanced structured data and schema markup to help search engines and AI models map our content as verified ""entities.""
 - Technical Health: Oversee crawlability, indexability, site speed, and Core Web Vitals, ensuring a flawless foundation for both bots and users.
 - Programmatic & Scalable SEO: Identify opportunities for scalable content deployment without sacrificing editorial quality.
 - Marketing Strategy: Understand the overall strategy developed for the client, and clearly identify how SEO & GEO fit in this picture.
 - Information Gain Optimization: Move past generic content to focus on ""Information Gain"", creating original insights, proprietary data, and unique perspectives that AI engines prioritize for citations
 - E-E-A-T Enforcement: Drive strategies that solidify our team's Experience, Expertise, Authoritativeness, and Trustworthiness across the web.
 - Contextual Backlinking: Focus on high-authority, contextually relevant backlinks that serve as validation nodes for AI discovery engines.
 - Next-Gen Reporting: Establish KPIs that look beyond traditional rankings, tracking ""Share of Voice"" in AI overviews, LLM referral traffic, and conversational search visibility.
 - Data-Driven Pivots: Utilize standard tools (GA4, Search Console, Ahrefs/Semrush) alongside emerging GEO tracking platforms to measure ROI.
 - Client Strategy & Presentations: Present SEO, GEO, and AI search strategies, campaign performance, insights, and recommendations to clients and stakeholders through clear, data-driven presentations and strategic consultations.
 - Team Leadership & Mentorship: Provide coaching, mentoring, and technical guidance to junior SEO specialists and team members, supporting their professional development while promoting best practices, knowledge sharing, and continuous learning.
 - Quality Assurance: Review and provide constructive feedback on SEO deliverables, technical audits, content recommendations, and optimization plans prepared by junior team members to ensure quality and strategic alignment.
 - Cross-Functional Collaboration: Work closely with Account Management, Content, Creative, Web Development, Paid Media, and Analytics teams to deliver integrated digital marketing solutions.
 - Other related duties as required or assigned","Essential
 - Bachelor's degree in Marketing, Communications, Business, Information Technology, Computer Science, or a related field. Relevant certifications and equivalent professional experience will also be considered
 - 6+ years in SEO/Digital Marketing, with at least 3 years in a fast-paced digital agency environment managing mid-to-enterprise level clients
 - Strategic thinker with a deep commitment to creativity, quality, and operational excellence
 - Proven ability to lead, motivate, and mentor SEO team members, with a deep understanding of SEO & AI trends
 - Deep understanding of how Large Language Models (LLMs) source, parse, and display information
 - A proven track record of successfully navigating major search algorithm shifts (like Google's core updates and the integration of AI Overviews)
 - Ability to translate complex concepts into actionable and understandable strategies for content creators, developers, and internal & external stakeholders
 - Exceptional presentation skills. Ability to handle tough client questions, manage expectations, and retain accounts through algorithm volatility",,2026-07-13T15:46:56.505395+00:00,2026-08-11T09:06:17.517362+00:00,2026-09-29T16:00:00+00:00,2026-09-01T02:52:35.385609+00:00,True,False,False,public,2026-09-11T11:16:42+00:00
269826,Technical Designer for Cabinetry,technical-designer-for-cabinetry,https://www.kalibrr.com/c/sprout/jobs/269826/technical-designer-for-cabinetry,Sprout Solutions,sprout,Information Technology / IT,http://sprout.ph/,True,Architecture and Engineering,Full time,1,200,0,550,False,True,False,Pasig,Metro Manila,Philippines,"Maybunga, Pasig, Metro Manila, Philippines",14.57517,121.09267,True,,,,,"- Prepare detailed cabinet shop drawings and technical plans.
 - Convert concept designs into production-ready drawings.
 - Produce 3D models, exploded views, and assembly drawings.
 - Ensure accuracy in dimensions, materials, joinery, and hardware placement.
 - Design modular cabinet layouts for kitchens, wardrobes, vanities, and storage systems
 - Optimize cabinet configurations for space efficiency and functionality.
 - Develop standard cabinet modules and components.
 - Work with interior designers and architects to interpret design intent.
 - Coordinate with production teams and fabricators to ensure manufacturability.
 - Provide technical support during fabrication and installation.
 - Specify materials, laminates, finishes, and hardware.
 - Ensure compatibility with manufacturing processes and supplier standards.
 - Ensure cabinets integrate properly with walls, appliances, plumbing, and electrical systems.
 - Ensure drawings follow company standards and industry practices.
 - Can understand how modular cabinets are structured and standardized.
 - Prepare bill of materials (BOM), cutting lists, and hardware schedules.
 - Convert concept designs, sketches, or client layouts into accurate CAD drawings.
 - Review and revise drawings based on client feedback or site measurements.","- Bachelor’s degree in Industrial Design, Interior Design, Furniture Design and or Architecture courses.
 - Minimum of two (2) years’ work experience in cabinetry, furniture, or interior fit-out technical designs good working and technical knowledge around fit-out, cabinet making and furniture.
 - Proficient in any of this software, AutoCAD, Sketchup, REVIT, Lumion, Cabinet Vision and other computer-aided design and drafting software used in Cabinetry.
 - Knowledge in cabinet hardware mechanism and materials.
 - With background in Architecture, Interior Design or similar position.
 - Knowledgeable in making cutting list, cost estimates, bill of materials and similar tasks.
 - Must be willing to do fieldwork, site measurement or site inspection when needed.
 - Can read, understand and interpret construction shop drawings.
 - Knowledge of materials (plywood, MDF, laminates, solid wood, aluminum systems)
 - Good communication skills and ability to work as part of a team.",,2026-07-14T06:51:18.779758+00:00,2026-07-14T06:51:21.304744+00:00,2026-09-11T16:00:00+00:00,2026-09-11T05:02:11.238403+00:00,True,False,False,public,2026-09-11T11:21:09+00:00
269966,"Data Engineer {Python , SQL}",data-engineer-python-sql-6,https://www.kalibrr.com/c/ncs-philippines/jobs/269966/data-engineer-python-sql-6,NCS Philippines Inc. ,ncs-philippines,Information Technology / IT,https://www.ncs.co,True,IT and Software,Full time,1,400,0,550,False,True,False,Taguig,Metro Manila,Philippines,"7th Floor, Fort Bonifacio, Taguig, Metro Manila, Philippines",14.51259,121.05872,True,,,,,"Job Specifications
 - Education – At least graduate with a Bachelor’s or Master's Degree in IT, Computer Science, Engineering, or any related course.
 - Related Work Experience – at least 5 years of experience in data engineering, data analytics, or related fields.
 - Proficiency in Python and Java, with experience in other programming languages as a plus.
 - Hands-on experience with data manipulation tools (e.g., pandas, dplyr, or Spark).
 - Proficiency in Extract, Transform, and Load (ETL) processes for efficient data pipeline management.
 - Expertise in both SQL and NoSQL query languages for database interaction and management.
 - Experience with big data storage and processing solutions, such as MongoDB, Spark, Hive, Snowflake, Redshift, or similar technologies.
 - Experience with cloud-based or server-based data processing environments (e.g., AWS, Azure, GCP).
 - With experience in Apache Nifi (nice to have)
Knowledge – Knowledgeable in the following:
 - Comprehensive understanding of data manipulation tools such as pandas, dplyr, and Spark.
 - In-depth knowledge of big data frameworks and tools like Apache Spark and Hadoop.
 - Familiarity with data warehousing services like AWS Redshift, Snowflake, or similar solutions.
 - Proficiency in AWS Cloud Services, particularly AWS Glue and AWS Lake Formation.
 - Familiarity with business intelligence tools such as Tableau, Power BI, QuickSight, or Google Data Studio.
 - Awareness of data visualization libraries and packages like Dash, Plotly, Matplotlib, ggplot, and Folium.
 - Understanding of machine learning libraries and tools is a plus.
 - Knowledge of data governance, quality control, and security best practices.
 - Skills
 - Problem-Solving: Ability to address technical challenges and deliver efficient data solutions.
 - Communication: Clear and concise communication skills for collaborating with team members and stakeholders.
 - Collaboration: Ability to work effectively within a team environment to achieve shared goals.
 - Time Management: Capacity to manage tasks and meet deadlines in a structured and timely manner.
 - Attention to Detail: Careful and accurate handling of data to ensure quality and integrity.
 - Client-Focus: Ability to understand business needs and align data solutions to support decision-making and strategic objectives.
 - Adaptability: Flexible and open to learning new tools, technologies, and processes in a rapidly changing environment.","- Design, build, and maintain scalable, secure data pipelines and storage systems; ensure data quality through ETL processes and regular checks.
 - Implement policies and practices to control, optimize, and secure data assets, ensuring data integrity and accessibility.
 - Develop and maintain data models, structures, and databases to meet business needs; communicate data architecture effectively.
 - Develop, test, and maintain scripts and programs to automate data processing and pipelines, adhering to industry standards.
 - Create and operationalize data visualization solutions to simplify complex data for stakeholders and decision-making.
 - Work with cross-functional teams to gather data requirements, optimize existing processes, and deliver ad hoc reports and insight​​​​​​​",,2026-07-16T08:20:58.667084+00:00,2026-07-16T08:21:01.708574+00:00,2026-09-13T16:00:00+00:00,2026-09-11T04:20:59.293740+00:00,True,False,False,public,2026-09-11T11:14:31+00:00
269978,Solution Designer,solution-designer-3,https://www.kalibrr.com/c/ncs-philippines/jobs/269978/solution-designer-3,NCS Philippines Inc. ,ncs-philippines,Information Technology / IT,https://www.ncs.co,True,IT and Software,Full time,1,400,0,550,False,True,False,Taguig,Metro Manila,Philippines,"7th Floor, Fort Bonifacio, Taguig, Metro Manila, Philippines",14.51259,121.05872,True,,,,,"General summary:
 - The Solutions Designer serves as the overall technical lead for assigned projects. This role is responsible for translating high-level architectural designs into detailed technical solutions, leading the technical implementation, and ensuring end-to-end system integration and delivery that meets business and operational requirements.
 - Duties and Responsibilities
 - Leads the creation of the Solution Plan (SP) based on the High-Level Solution (HLS) provided by the Solution Architect.
 - Collaborates with the System Analyst to break down the HLS into actionable technical packages across applications and components.
 - Works closely with the Project Manager (PM) and Business Analyst (BA) to refine and validate business and technical requirements.
 - Reviews and validates the Detailed Functional Specification (DFS) with the System Analyst to ensure alignment with the planned solution.
 - Coordinates with Subject Matter Experts (SMEs), Network Engineers, and Security teams to ensure holistic and secure end-to-end system design.
 - Oversees the setup of testing and production environments in collaboration with System Administrators and Database Administrators through the System Analyst.
 - Supports the Systems Analyst during the production handover process.
 - Leads technical readiness activities, ensuring support teams are prepared to manage the system post-deployment.
 - Oversees cutover planning and execution for deploying system enhancements into production.
 - Provides technical leadership during the stabilization period after deployment, managing escalations and production issues.
 - Partners with the PM and Service Management team to monitor system performance and assist with project closeout and knowledge transfer.","- Education – Bachelor’s degree in Information Technology, Computer Science, Engineering, or a related discipline.
 - Minimum of 3–5 years of experience in telecommunications, IT, or Cloud services.
 - Prior experience as a technical lead in solution design or systems integration projects is highly preferred.
 - Experience in designing or supporting systems or core processes and functional areas relevant to the vertical or industry to which the role is assigned. This may include, but is not limited to, transaction processing, billing and settlement, order management, user experience platforms, service provisioning, system integration, payment systems, and infrastructure upgrades.
 - Knowledge: Must be knowledgeable and have basic knowledge in the following:
 - Strong understanding of the SDLC and Agile/DevOps methodologies
 - Working knowledge of Unix/Linux, shell scripting, Java, SQL, and cloud fundamentals
 - Familiarity with SOAP/REST APIs and enterprise integration patterns
 - Solid understanding of project delivery frameworks and governance
 - Skills: 
 - Strong communication, interpersonal, and stakeholder management skills
 - Sound judgment and problem-solving capabilities
 - Effective leadership of small technical teams or workstreams
 - Ability to work independently and within cross-functional teams
 - Comfortable working under pressure and meeting tight SLAs
​​​​​​​",,2026-07-16T10:45:02.593193+00:00,2026-07-16T10:45:05.951823+00:00,2026-09-13T16:00:00+00:00,2026-07-18T09:19:32.286526+00:00,True,False,False,public,2026-09-11T11:17:11+00:00
270006,Quality Assurance Specialist,quality-assurance-specialist-2,https://www.kalibrr.com/c/multisys-technologies-corporation/jobs/270006/quality-assurance-specialist-2,Multisys Technologies Corporation,multisys-technologies-corporation,Information Technology / IT,https://www.multisyscorp.com/,True,IT and Software,Contractual,3,400,0,550,False,True,False,Parañaque,Metro Manila,Philippines,"#14, Mt. of Olives St, Moonwalk, Parañaque, Metro Manila, Philippines",14.47121,121.02198,True,25000,50000,PHP,month,"Job Summary:
 - A Quality Assurance Specialist (Intermediate) is responsible for ensuring that all systems or platforms are working properly and upgraded when necessary. He/she identifies issues, understands its occurrence, and recommends solutions on how to address the issues and prevent it from happening again. S/he makes sure that the final products satisfy the client requirements and meet user expectations.
 - Essential Duties and Responsibilities:
 - Performs specified standards, methods, or procedures to determine product quality or release readiness;
 - Identifies program deviance from standards, and suggest modifications to ensure compliance;
 - Designs, analyzes and implements the following:
 - Test Plan
 - Test Cases
 - Test Result (Manual Execution and Automation)
 - Regression Test Result
 - Functional
 - Traceability Matrix
 - API Test Result, if required by the project
 - Participates in product design reviews to provide input on functional requirements, product designs, schedules, or potential problems;
 - Documents software defects, using a bug tracking system, and report defects to the project team;
 - Monitors bug resolution efforts and track successes;
 - Identifies, analyzes, and documents problems with program function, output, online screen, or content;
 - Investigates customer problems referred by the support team;
 - Performs initial testing and debugging procedures by reviewing/testing configuration files, logs, or code pieces to determine breakdown source;
 - Provides feedback and recommendations to developers on software usability and functionality;
 - Provides technical support during software installation or configuration;
 - Reviews software documentation to ensure technical accuracy, compliance, or completeness, or to mitigate risks;
 - Performs other related tasks that may be assigned; and
 - Participates in the company activities.","- Qualifications:
 - Bachelor’s degree in Computer Science, Information Technology, or similar field.
 - With at least 3-year experience in quality assurance engineering
 - Strong knowledge of the software testing life cycle
 - Skilled in the following:
 - Design and Execute test case under Testrail Tool
 - Log issues or bug using JIRA Tool
 - API Testing using Postman
 - ISTQB Certified (but not required)
 - Knowledge in Automation Testing using Robot Framework
 - Other Related Tool",,2026-07-17T05:26:47.092065+00:00,2026-07-17T05:27:01.859842+00:00,2026-09-14T16:00:00+00:00,2026-09-11T06:34:05.900319+00:00,True,False,False,public,2026-09-11T11:15:56+00:00
270059,Digital Marketing Assistant,digital-marketing-assistant,https://www.kalibrr.com/c/achieve-wealth-technologies/jobs/270059/digital-marketing-assistant,Achieve Wealth Technologies,achieve-wealth-technologies,Health / Fitness,https://www.achieveintegrativehealth.com/,True,Media and Creatives,Full time,1,200,0,200,True,False,True,Cedar Park,Williamson,United States,"Cedar Park, Williamson, United States",30.50682,-97.82096,True,520,1213,USD,month,"Company: Achieve Integrative Health
Why Join Us?
• Transform Lives: the work you do actually improves millions of people's health and their lives. You get real-time feedback from our patients and customers.
• Unbounded Growth: There is no limit to your growth with our company, as you have unlimited opportunities, because our CEO never stops growing and creating more opportunities for our team members.
• Empowerment Team Culture: We are known for our team culture because we make it our mission to help our team members achieve their professional, financial, and personal goals. 
What We Offer:
• Competitive total Compensation: Base salary + performance bonuses when you exceed your minimum Key Performance indicators, or quota. If you are looking for a guaranteed salary w/o being held accountable to meeting KPIs, this is not the team for you.
* A team and environment that is collaborative, accountable, caring, supportive, honest, transparent, as we remove all employees who talk behind peoples back and lack integrity
• Learning & Growth Opportunities: Access a wealth of resources to keep sharpening your mindset, communication, and customer service skills.
• Wellness Initiatives: Benefit from complimentary virtual health services, ensuring your well-being is always a priority.
• Work from Home: Be able to build a career working from home, no more 3-4 hour commutes to work.
• Other Benefits: Paid-Time off and medical insurance for qualified team members after successfully completing the 90-day training period.
Key Responsibilities:
* use Editing Apps that integrate AI (ie. CapCut, Canva, ChatGPT) to generate thumbnails, images, reels, guidebooks 
* use Editing the same AI powered Apps to edit our Long form videos (be able to edit four 15-20 min videos per week following our CMO's instructions & high standards)
* create Image Posts for our Social Media Channels following our CMO's instructions & high standards
* vitally important = be able to follow the CMO's instructions & meet his high standards
* and additional marketing tasks as needed
Computer/Laptop/Internet Requirements:
• Fast and reliable wired internet connection of not less than 10 Mbps
• Secondary and Tertiary Back up Internet
• Intel Core i5 or higher Operating System with at least 12gb RAM
• Excellent quality headset with microphone, and a working webcam
• Quiet, private home office free from noise background or distractions
Work Hours
* full-time = 40 hours per week, work schedule is based on your time zone and must be consistent work hours, you cannot work whenever you want. 
* You must attend our morning marketing huddle mon-fri 8:09am cst - 8:45am cst
Compensation & Benefits:
* be able to build a career working from home, no more 3-4 hour commutes to work
* monthly salary for full-time
* your compensation is based on your ability to execute your checklist on time with 100?curacy.
* during your 3 month probation period you will be paid $520/mo. The 3 months is an opportunity for you to show us the type of results you can produce, as that will determine your base salary after the 3 months.
* Bonuses are based on how much you exceed your quota, minimum KPIs. Bonuses are paid quarterly.
* Paid Time Off, Paid Holidays for qualified team members
* Medical Insurance for qualified team members
* We help our team members achieve their Personal, Professional and Financial Goals. When was the last time you joined a company that invested resources to help you achieve your professional, financial and personal goals? We could be your first. If you are someone who doesn't set goals for yourself or don't believe in setting goals, our team will not be a good fit for you.","We are looking for Team Members who pursue a life of excellence & integrity. 
Excellence definition = You don't wait for others to teach you how to improve your craft. You invest your own time and money to develop your skills instead of waiting for the company to do it for you.
Integrity definition = You are honest and transparent. You don't hide mistakes or talk behind your employer's back. You do what you say you're going to do—no exceptions.
Application Process:
1. Email us your resume with the following = 
> in PDF format only
> Include ALL of the jobs you've worked at, with Month and Year. Do not leave any jobs out. 
> provide an explanation of any gaps in your work history
> Include all compensation for every job, project, etc. Do not give us your hourly pay, only your annual compensation or total compensation for the project. 
> provide the reason why you are no longer with each company. Were you fired, did you quit, why? 
> provide a link to your portfolio of image edits, social media posts, video editing
> if any of the above information is missing in your resume, you will automatically be disqualified.
2. Email us a 60-second video of yourself answering the following question:
> What are the 3 most important things that the company you work for MUST do to show you that they care about you? 
> For example, if they don’t give me these 3 things then that means they don’t care about me. 
> The video Cannot Exceed 60 seconds, or you will automatically be disqualified. 
3. Important: Please email the above two items to accounts(@)achieveih.com. 
> do not contact our company any other way.
> Failure to follow all of the above instructions will result in automatic termination for further interview process.
- Note: we are not hiring to replace team members, we have very low turnover, we need new team members for a new branch of our company. Because we are highly selective you will see our job ad on this job board all the time.
We're Seeking Individuals Who Are Aligned with Our Core Values...
* Service Above Self: this is the same as being a caring person. To care for another person, you must sacrifice something.
* Commitment: you are committed to honoring your agreements with everybody, including yourself.
* Accountable: No excuses allowed. You are responsible for everything that happens to you and everything that doesn’t happen to you. You are responsible for everything that you have and everything that you don’t have. Nobody forced you to make the decisions in your life.
* Results Oriented: While we acknowledge your effort, you are only rewarded when producing results that are measured via the statistics for your positions and for the company.
* Transparency: You maintain and practice clear, honest, and direct communication about your thoughts and intentions with every team member and every patient. You are not a liar.
* Inspirational: You lead by example to inspire our patients to live a healthy lifestyle by living a healthy lifestyle yourself and you lead by example to inspire each team member by constantly striving to reach your own potential.
* We are not looking for someone who has a degree, certificates, and years of experience. We are looking for team members that can produce results for us.",,2026-07-18T19:32:16.815872+00:00,2026-07-20T05:55:24.579534+00:00,2026-09-16T05:00:00+00:00,2026-09-11T01:58:20.123138+00:00,True,False,False,public,2026-09-11T11:20:51+00:00
270118,Customer Service Officer,customer-service-officer-2,https://www.kalibrr.com/c/suitestudio-operations-inc/jobs/270118/customer-service-officer-2,Suitestudio Operations Inc.,suitestudio-operations-inc,Information Technology / IT,http://www.suitestudio.com/,True,Customer Service,Full time,2,200,0,550,True,False,False,Pasig,Metro Manila,Philippines,"Pasig, Metro Manila, Philippines",14.57937,121.0866,True,25000,28000,PHP,month,"Kitchen Warehouse is Australia's leading kitchenware retailer, and our Manila office is the offshore hub supporting our Australian stores and online business. As a Customer Service Representative, you are the first point of contact for our customers, helping them across email, live chat and calls. You will resolve enquiries, process returns, and coordinate with suppliers, stores and our despatch team to deliver a smooth, accurate and genuinely helpful experience for every customer.
What you will do
 - Assist customers with enquiries submitted through email, live chat and calls.
 - Process customer returns accurately and on time.
 - Communicate with suppliers regarding product queries and warranty claims.
 - Communicate with stores regarding customer orders and enquiries.
 - Review orders and advise customers of progress or action taken.
 - Communicate with Warehouse Despatch in regard to customer orders.
 - Liaise with and assist the Customer Service Support Officer.
 - Liaise with Australia Post regarding delayed or missing parcels.
 - Identify customer complaints and escalate to the Customer Service Team or Customer Service Manager as required.
 - Follow procedures, guidelines and policies accurately to complete assigned tasks.
 - Perform data entry across a number of platforms.
 - Work hours and days based on the requirements of the business (for example, Sunday to Thursday between 6am and 8pm).
 - Assist with other additional tasks as required.","What you will bring
 - Good written and spoken English communication skills.
 - Strong spelling and grammar, which is an essential attribute for this role.
 - Ability to interpret and act on written instructions.
 - At least 1 year of Customer Service experience, specifically in live chat and calls.
 - Ability to multi-task, prioritise and manage time effectively.
 - Attention to detail and strong problem-solving skills.
 - Proficient computer skills and the ability to learn new systems quickly.
 - A flexible, can-do attitude.
 - Availability for weekend shifts.
Working arrangements
This is an office-based role at our Manila office in Pasig, Metro Manila. Rostered hours are scheduled to meet the needs of the Australian business and include weekend shifts (for example, Sunday to Thursday between 6am and 8pm).",,2026-07-21T02:33:11.355809+00:00,2026-09-03T23:21:51.219624+00:00,2026-09-20T16:00:00+00:00,2026-09-11T07:23:33.077220+00:00,True,False,False,public,2026-09-11T11:21:02+00:00
270184,Community Relations Supervisor,community-relations-supervisor,https://www.kalibrr.com/c/first-gas-power-corporation/jobs/270184/community-relations-supervisor,First Gen Corporation,first-gas-power-corporation,Utilities,https://www.firstgen.com.ph/,True,Public Service and NGOs,Full time,1,300,0,550,False,False,False,Santo Tomas,Batangas,Philippines,"Maharlika Hwy, Santa Anastacia, Santo Tomas, Batangas, Philippines",14.13736,121.13509,True,,,,,"Key Responsibilities:
The Community Relations Supervisor (CRS) is responsible for engaging the company’s key stakeholders in government, the host communities, and the private sector to support the company’s business objectives and vision.
The CRO shall also help enhance FPIP's public image and reputation by promoting corporate social responsibility (CSR) initiatives and programs.","Qualification Requirements:
Graduate of any 4-year your course, preferably in Social Sciences, a Master's
Degree in similar fields is an advantage
With at least 3 years of work experience in government relations or community work",,2026-07-21T23:17:40.509357+00:00,2026-07-21T23:18:54.148431+00:00,2026-09-19T16:00:00+00:00,2026-09-11T04:33:59.833848+00:00,True,False,False,public,2026-09-11T11:22:06+00:00
270187,Health Program and Administrative Assistant,health-program-and-administrative-assistant,https://www.kalibrr.com/c/ateneo-de-manila-university-1/jobs/270187/health-program-and-administrative-assistant,Ateneo de Manila University,ateneo-de-manila-university-1,Higher Education / Academia,http://www.ateneo.edu/,True,Health and Medical,Full time,1,200,0,550,False,False,False,Quezon City,Metro Manila,Philippines,"Katipunan Ave, Loyola Heights, Quezon City, Metro Manila, Philippines",14.67297,121.04949,True,,,,,"Summary of Work Activities and Responsibilities:
The Health Program and Administrative Assistant assists in the implementation, documentation, and monitoring of health and well-being services and programs, including the Annual Physical Examination (APE), Mental Wellness Support, Random Drug Testing (RDT), and related initiatives.
Main Duties and Responsibilities:
 - Program Support
 - Supports the planning and implementation of health and wellness services and programs by contacting and following up participants, distributing consent forms, and coordinating with patients and concerned offices
 - Receives, acknowledges, and tracks formal expressions of intent from employees availing of health services and programs
 - Coordinates referrals for the health services and programs with accredited psychologists, psychiatrists, mental health counselors, and health practitioners in accordance with established guidelines
 - Assists employees in understanding program coverage by explaining the exclusions, reimbursement limits, and documentation requirements for the intended health services and/or program
 - Supports continuous improvement of program processes by identifying administrative gaps and recommending procedural enhancements
 - Serves as the primary liaison to accredited service providers, laboratories, and health practitioners
 - Coordinates logistical arrangements for program-related events, including venue, materials, and transportation as needed
 - Coordinates among different stakeholders for emergency or urgent cases involving employee/student well-being
 - Administrative Support
 - Attends to inquiries and requests from stakeholders regarding the different services and programs being offered
 - Prepares and sends official communications, reminders, and follow-ups related to service and program procedures and timelines
 - Provides support for meetings related to the health services and programs
 - Assists in scheduling activities by coordinating with the employees,students, laboratories, healthcare providers, and external service providers
 - Provides administrative support to the University Assessment Team (UAT)
 - Provides administrative support to the assigned clinic, whenever necessary
 - Data and Records Management Support
 - Maintains and updates databases, files, and records of correspondences, forms, and other program-related documents
 - Maintains complete, accurate, and confidential program documentation, patient records, tracking logs, and reports by following established documentation procedures, conducting regular record checks, and adhering to applicable laws and University policies
 - Prepares and consolidates program utilization summaries, tracking reports, and documentation for program monitoring and annual review
 - Performs other duties as may be assigned by the immediate supervisor, or any authorized representative","Education and Experience Requirements:
 - Graduate of a Bachelor's Degree in management or social science
 - At least three (3) to five (5) years' experience in administrative work and office management
 - At least one (1) to two (2) experience in a communications-related work
 - Familiarity with Ateneo processes and practices, an advantage",,2026-07-22T02:08:11.163317+00:00,2026-08-26T09:22:43.333823+00:00,2026-09-19T16:00:00+00:00,2026-09-10T04:22:50.834820+00:00,True,False,False,public,2026-09-11T11:19:17+00:00
270284,Data Analyst,data-analyst-4,https://www.kalibrr.com/c/peroptyx/jobs/270284/data-analyst-4,Peroptyx Limited,peroptyx,Information Technology / IT,https://www.peroptyx.com/en_GB/community/,True,IT and Software,Part time,25,200,0,200,True,False,True,Quezon,Quezon,Philippines,"Quezon, Quezon, Philippines",14.05428,122.12828,True,,,,,"For thousands of years, maps have provided humans with the knowledge they need to make decisions. As a Maps Evaluator, you will have the opportunity to provide ground truth for your town, city or country.
At Peroptyx, we are looking for Data Analysts who will review mapping data for digital mapping applications. Your research capabilities will validate and ensure that the navigation of certain routes are accurate and safe.
As part of this role, you will verify that business names and opening hours are correct. You will check that the distance from a starting point to an end destination is listed accurately, resulting in better user experiences.
With this job you can plan your days around this highly flexible working schedule, work weekends or late evenings, all from the comfort of your own office. The flexibility of our roles minimizes the impact on your daily routine. So, whether you are a student looking to earn as you learn, a retiree looking for a new challenge, a part-time/full time professional or a work from home parent, Peroptyx has the right role for you!
Benefits:
 - Work up to 20 hours per week.
 - Earn a competitive rate of pay.
 - Develop your research skills.
 - Avoid the long commute.
 - Work from the comfort of your home office.
 - Enjoy the flexibility of setting your own working hours!
Apply Online Today!
This is a freelance, independent contractor position.","The Ideal Candidate
 - Fluent in English
 - Excellent research skills.
 - Excellent local knowledge of your home country.
 - Good understanding and general knowledge of the geography and culture of the Philippines.
 - Analytical mindset.
Job Requirements
 - Must be living in the Philippines for a minimum of 5 consecutive years.
 - Must pass an online open-book exam that can verify your full understanding of the material and concepts.
 - Must be willing to work a minimum of 10 hours and up to 20 hours per week depending on task availability.
 - Good working knowledge of search engines, map applications and familiarity with social media platforms.
 - Strong ability to learn, understand and apply multiple sets of different instructions.
 - All work must be of an independent nature.
Technical requirements to perform the work:
Access to a laptop or computer which uses:
- A logon account unique to you
- Anti-virus solution that is kept up to date, with regular scans performed
- Only one member per household may apply
NB. All products should be provided at your own expense.",,2026-07-23T11:23:36.355874+00:00,2026-10-07T05:09:21.564471+00:00,2026-10-22T23:00:00+00:00,2026-10-09T03:58:53.305031+00:00,True,False,False,public,2026-10-09T08:12:13+00:00
270295,IT Project Manager,it-project-manager,https://www.kalibrr.com/c/converge-studios-inc/jobs/270295/it-project-manager,Converge Studios Inc.,converge-studios-inc,Information Technology / IT,https://convergestudios.ai/,True,IT and Software,Full time,1,400,0,550,False,True,False,Quezon City,Metro Manila,Philippines,"Quezon City, Metro Manila, Philippines",14.67297,121.04949,False,70000,80000,PHP,month,"- Lead and manage all aspects of cybersecurity projects, from initiation to closure, ensuring alignment with strategic objectives.
 - Develop and maintain detailed project plans, budgets, and timelines, tracking progress and proactively addressing potential roadblocks.
 - Negotiate contracts and manage relationships with vendors, subcontractors, and other stakeholders.
 - Identify, assess, and mitigate risks throughout the project lifecycle.
 - Collaborate with cross-functional teams, including technical experts, legal counsel, and government agencies.
 - Communicate project status and updates effectively to senior management and stakeholders.
 - Ensure compliance with all applicable regulations, policies, and security standards.","- Graduate of a bachelor’s degree course in Computer Science, Computer Engineering, Information Technology, Management Information Systems, or any other related field.
 - Advanced degrees are considered as an advantage.
 - Minimum of five (5) years of experience in managing cybersecurity projects.
 - Minimum of seven (7) years of experience in managing software development or similar projects.
 - Experience in handling SIEM and SOAR products. Experience with Chronicle SIEM and SOAR and/or Google SecOps is considered as an advantage.
 - A project management professional (PMP) certification is considered as an advantage.",,2026-07-24T02:01:01.330966+00:00,2026-07-24T02:02:02.847066+00:00,2026-09-29T16:00:00+00:00,2026-09-08T05:50:08.769066+00:00,True,False,False,public,2026-09-11T11:15:24+00:00
270474,Admissions and Administration Officer,admissions-and-administration-officer,https://www.kalibrr.com/c/ateneo-de-manila-university-1/jobs/270474/admissions-and-administration-officer,Ateneo de Manila University,ateneo-de-manila-university-1,Higher Education / Academia,http://www.ateneo.edu/,True,Administration and Coordination,Full time,1,200,0,550,False,False,False,Makati,Metro Manila,Philippines,"Rockwell Dr, Makati, Metro Manila, Philippines",14.56293,121.03672,True,,,,,"(Final JD is still under review)
I. Student Recruitment-related activities
 - Works with the Marketing Team in determining the annual targets for new students.
 - Monitors and prepares periodic report on conversion rates from the different acquisition activities of the Marketing Team
 - Coordinates with the Marketing Team on the schedule of student recruitment and acquisition events
 - Works with the IT in updating the online application form. Designs, layouts and updates other recruitment forms, including that for Scholarships (if applicable).
 - Records and prepares periodic reports on the number of applications received (online/onsite) and status of applications and turnaround time.
II. Admissions
 - Continuously reviews and implements an effective and systematic admissions process, in cooperation with the Registrar’s Office and Marketing Office, including recording and validating admission credentials in line with the office standards of relevance, efficiency, and service.
 - Works with the Liaison Officer of the Registrar’s Office in ensuring compliance of accepted applicants to regulatory requirements of government agencies
 - Facilitates processing of new MBA applications, including initial applicant evaluation, facilitation of all entrance exam-related tasks, preparation of the Admissions Report
 - Supervises the conduct of the MBA entrance exams and coordinates with the different Offices the logistical requirements for conducting onsite entrance exams
 - Prepares the summaries of all the applications using the spreadsheet developed for the purpose of the Admissions Committee;
 - Oversees the conduct of the meetings of the Admissions Committee as it reviews and decides on all applications;
 - Coordinates with the Registrars’ Office in communicating with all applicants on the status of their applications;
 - Prepares a report on applications, acceptance and rejections for submission to the Office of the Dean.
III. Satellite Operations
 - Coordinates with the Satellite Campus Directors in managing the operations of the Satellite Campuses
 - Coordinates the planning sessions with the Satellite Campus Directors and arrange the logistical requirements.
 - Works with the Satellite Campus Directors in securing approvals for proposals, including the coordination with other Units of the University (e.g. ULCO, CAO, etc) for their inputs and review of MOUs, Site proposals, etc.
IV. Student Affairs, Student Formation, Student Services
 - Coordinates with the Director and/or Coordinator for Student Affairs, Formation and Services on all activities related to these functions;
V. Administration
 - Assists the Associate Dean in convening meetings. Arranges for logistical requirements of these meetings, prepares minutes of these meetings
 - Serves as secretariat to the Associate Dean’s Council
 - Drafts correspondence and memos of the Associate Dean, as may be required","VI. Finance
 - Assists in the preparation, consolidation and monitorings of Department budgets of the Office of the Associate Dean
 - Assists the Associate Dean in managing the procurement process for academics, as needed
 - Assists in monitoring income and expenses.
 - Prepares petty cash requests, disbursements and timely liquidation of cash advances.
VII. Management of Special Projects and Special Academic Activities
 - Assists in organizing and overseeing events and activities under the Office of the Associate Dean
 - Assists in monitoring special projects of the Office of the Associate Dean
 - Assists in coordinating with the Director for Student Affairs and Formation and the AGSB Student Council regarding student-driven initiatives
VIII. Human resource management systems implementation, monitoring and evaluation
 - Assists in coordinating with the Office of the Associate Dean for Administrative and Student Services and other school units regarding existing policies, guidelines, protocols, faculty engagements to ensure HR standard practices
 - Assists in coordinating hiring of faculty and other faculty-related transactions with the Office of the Dean.
IX. Performs any other tasks as may be assigned by the Associate Dean for Academic Affairs.
Knowledge, Skills and Abilities:
 - Decision making, Critical Thinking, Strategic Thinking - Ability to analyze large amounts of data and information as input for formulating goals, monitoring progress, and calibrating programs
 - Change Management - Ability to manage resistance to change by involving and engaging key stakeholders in the process of change
 - Networking and Partnering - Ability to establish, develop and maintain productive partnerships
 - Interpersonal Skills - Ability to effectively relate, collaborate, and negotiate with different job levels in different circumstances, taking into consideration their needs, feelings, and context. Equally comfortable dealing with staff, faculty and administrators/management
 - Quality Perspective - Ability to assess the value, quality and importance of responsibilities, services, supplies and human resources; attending to details and standards while keeping in mind relevance and contribution to overall achievement of goals
 - Communications and Public Relations - Ability to communicate and disseminate information/message in various modalities for different stakeholders
 - People Management - Ability to coordinate and manage the efforts of the team to achieve team goals.
 - Organization and Prioritization of Work- Ability to effectively plan and coordinate the delivery of required outcomes, according to importance and urgency; keen to details
 - Data and Information Analysis - Ability to analyze data and information as input for the formulation of strategic plans, monitoring progress towards goals, and calibrating programs
 - Basic Financial Management - Knowledge of office budget and monitor multiple office finances
 - Technological Savvy - Ability to utilize information technology and computer and internet systems to accomplish tasks; proficient in MS Office Application
Education and Experience Requirements:
 - Bachelor’s degree in the field of Management or Psychology
 - 3-5 years of relevant work experience",,2026-07-29T01:12:40.283007+00:00,2026-07-29T01:12:47.826673+00:00,2026-09-26T16:00:00+00:00,2026-09-09T07:35:20.043474+00:00,True,False,False,public,2026-09-11T11:22:50+00:00
270493,Oracle EBS Developer,oracle-ebs-developer,https://www.kalibrr.com/c/emerson-electric-asia-limited/jobs/270493/oracle-ebs-developer,Emerson Electric (Asia) Limited,emerson-electric-asia-limited,Electrical / Electronic Manufacturing,http://www.emerson.com,True,IT and Software,Full time,1,400,0,550,False,True,False,Mandaluyong,Metro Manila,Philippines,"39th to 44th floor Mega Tower, Mandaluyong, Metro Manila, Philippines",14.5789,121.04414,True,,,,,"In This Role, Your Responsibilities Will Be:
Design, develop, and maintain Oracle EBS R12 customizations across financial modules (AP, AR, GL, INV, Fixed Assets) and service modules (Depot Repair, TeleService, Order Management, WIP, BOM, CRM Foundations).
Write robust, well-documented PL/SQL code, including packages, procedures, functions, triggers, bulk collect operations, and dynamic SQL, following Emerson coding standards and best practices.
Build and maintain Oracle Forms (6i/10g) and Oracle Reports to support business process requirements across multiple teams.
Register and manage Concurrent Programs, parameter sets, and request sets within the Concurrent Manager; debug failed concurrent requests and resolve scheduling conflicts.
Design and implement Oracle Workflow and AME (Approvals Management Engine) configurations for business process automation.
Support and extend EBS module integrations across Depot Repair, TeleService, Order Management, Education Services Administration, and other business-critical applications.
Expose EBS data to web applications through Oracle REST Data Services (ORDS) and REST APIs, enabling cross-team data sharing across Customer Service, Product Intelligence, and Learning Platform systems.
Debug production issues, tune SQL and PL/SQL performance using execution plan analysis and index optimization and continuously improve application scalability.
Manage competing priorities across teams as a shared resource, communicating proactively on delivery timelines, dependencies, and risks.
Conduct code reviews, participate in agile ceremonies, and contribute to technical design discussions.
Who You Are:
You ask the right questions to accurately analyze situations and uncover root causes to difficult problems. You act with a clear sense of ownership and take personal responsibility for decisions, actions, and failures. You partner with others to get work done and create teamwork that allows the organization to achieve shared objectives. You learn quickly when facing new situations and take on the challenge of unfamiliar tasks. You balance multiple demands from different stakeholders without losing focus or quality.
Our Culture & Commitment to You:
At Emerson, we prioritize a workplace where every employee is valued, respected, and empowered to grow. We foster an environment that encourages innovation, collaboration, and diverse perspectives—because we know that great ideas come from great teams. Our commitment to ongoing career development and growing an inclusive culture ensures you have the support to thrive. Whether through mentorship, training, or leadership opportunities, we invest in your success so you can make a lasting impact. We believe diverse teams, working together are key to driving growth and delivering business results.
We recognize the importance of employee wellbeing. We prioritize providing competitive benefits plans, a variety of medical insurance plans, Employee Assistance Program, employee resource groups, recognition, and much more. Our culture offers flexible time off plans, including paid parental leave (maternal and paternal), vacation, and holiday leave.","For This Role, You Will Need:
Bachelor's degree in Computer Science, Information Technology, or a related field.
8–12 years of hands-on experience in Oracle EBS R12 development, including active customization and development.
Expert-level PL/SQL development skills, including packages, procedures, functions, triggers, bulk collect, dynamic SQL, and exception handling.
Proven experience developing and maintaining Oracle Forms (6i/10g) and Oracle Reports in a live EBS R12 environment.
Experience in program registration, parameter set configuration, request set design, and debugging failed concurrent requests.
Strong experience across Oracle EBS financial modules, such as AP (Accounts Payable), AR (Accounts Receivable), GL (General Ledger), INV (Inventory), and Fixed Assets.
Experience with Oracle EBS service and operations modules, including Depot Repair, TeleService, Order Management, WIP, BOM, and/or CRM Foundations.
Experience configuring and extending Oracle Workflow and AME (Approvals Management Engine) for business process automation.
Solid SQL performance tuning skills and ability to work as a shared or cross-team technical resource, managing concurrent priorities across multiple products, owners, and release timelines simultaneously.
Excellent communication skills with the ability to document technical solutions clearly for both technical and non-technical audiences.
Preferred Qualifications that Set You Apart
Experience with Oracle REST Data Services (ORDS) for exposing EBS data to external web applications and integrations.
Familiarity with OAF (Oracle Application Framework) for page personalization and custom region extensions.
Knowledge of EBS open interface tables and standard Oracle APIs for data migration, bulk loading, and system integration.
Experience integrating Oracle EBS with middleware platforms (MuleSoft, REST APIs, or web services) as a data source.
Familiarity with EBS Depot Repair, TeleService, or Oracle Field Service integration patterns.
Basic knowledge of Agile methodology and experience participating in sprint-based delivery teams.
Exposure to Oracle ERP Cloud or Oracle Fusion as a point of comparison to on-premises EBS environments.",,2026-07-29T05:50:45.541395+00:00,2026-07-29T05:50:50.320301+00:00,2026-09-26T16:00:00+00:00,2026-08-01T13:16:17.265488+00:00,True,False,False,public,2026-09-11T11:17:40+00:00
270494,Oracle APEX Developer,oracle-apex-developer,https://www.kalibrr.com/c/emerson-electric-asia-limited/jobs/270494/oracle-apex-developer,Emerson Electric (Asia) Limited,emerson-electric-asia-limited,Electrical / Electronic Manufacturing,http://www.emerson.com,True,IT and Software,Full time,1,300,0,550,False,True,False,Mandaluyong,Metro Manila,Philippines,"39th to 44th floor Mega Tower, Mandaluyong, Metro Manila, Philippines",14.5789,121.04414,True,,,,,"In This Role, Your Responsibilities Will Be:
Build, and maintain Oracle APEX applications supporting Online Training Administration, SPOT, NITRM, Event Reports, and E-Learning API (Gatekeeping) platforms.
Develop and maintain Spring Boot REST APIs that integrate learning management platforms, training entitlement systems, and downstream data consumers.
Build and maintain React front-end components for learning platform features, ensuring responsive, accessible user experiences for training administrators and learners.
Write and optimize PL/SQL code, packages, procedures, functions, and queries for Oracle Database supporting training data management and reporting.
Apply the Software Development Life Cycle (SDLC) to design, develop, test, and deploy high-quality solutions across the learning platform portfolio.
Troubleshoot, debug, and resolve production issues across Oracle APEX, Java, and React layers while continuously improving application reliability and performance.
Collaborate with Product Owners, System Analysts, QA teams, and learning platform stakeholders to translate business requirements into technical solutions.
Create and maintain technical documentation, API specifications, and application runbooks for learning platform systems.
Participate in code reviews, agile ceremonies, and CI/CD pipeline practices using Azure DevOps.
Identify technical risks and opportunities and take independent action or escalate appropriately to ensure delivery timelines are met.
Who You Are:
You analyze multiple and diverse sources of information to define problems accurately before moving to solutions. You act with a clear sense of ownership and take personal responsibility for decisions, actions, and failures. You effectively communicate in various settings and provide timely, helpful information to individuals across the organization. You partner with others to get work done and create teamwork that allows the organization to achieve shared objectives. You step up to address difficult issues and are willing to champion ideas on their merits.","For This Role, You Will Need:
Bachelor's degree in Computer Science, Software Engineering, or a related field.
3+ years of software development experience with hands-on delivery across Oracle APEX, Java, and Oracle Database.
Proficiency in Java and Spring Boot
Solid React development skills for building and maintaining front-end components on learning platform applications.
Hands-on experience writing PL/SQL packages, procedures, functions, and complex queries for data management and reporting use cases.
Familiarity with Azure DevOps pipelines, branching strategies, and sprint-based delivery, with advanced English communication skills.",,2026-07-29T05:53:03.035638+00:00,2026-07-29T05:53:26.699853+00:00,2026-09-26T16:00:00+00:00,2026-08-05T05:07:38.216918+00:00,True,False,False,public,2026-09-11T11:16:01+00:00
270496,Salesforce Developer,salesforce-developer,https://www.kalibrr.com/c/emerson-electric-asia-limited/jobs/270496/salesforce-developer,Emerson Electric (Asia) Limited,emerson-electric-asia-limited,Electrical / Electronic Manufacturing,http://www.emerson.com,True,IT and Software,Full time,1,400,0,550,False,True,False,Mandaluyong,Metro Manila,Philippines,"39th to 44th floor Mega Tower, Mandaluyong, Metro Manila, Philippines",14.5789,121.04414,True,,,,,"In This Role, Your Responsibilities Will Be:
Design, build, and maintain Salesforce applications, including Visualforce pages, Apex classes and triggers, Salesforce Flows, and SOQL-driven data logic, supporting client entitlement, Code Redemption, Knowledge Article management, and Case Management workflows.
Develop and maintain REST API integrations between Salesforce and Oracle Database backends, ensuring reliable, performant data exchange across enterprise systems.
Write optimized SOQL and Oracle SQL/PL-SQL queries to support reporting, data migration, and integration use cases across the T1 platform portfolio.
Design and implement Knowledge Article structures and Case Management configurations to improve support workflows and self-service resolution rates.
Apply the Software Development Life Cycle (SDLC) to deliver high-quality solutions from requirements analysis and design through testing, deployment, and production support.
Troubleshoot and resolve production issues across Salesforce and Oracle DB layers, identify root causes, and implement durable fixes.
Collaborate with Product Owners, System Analysts, and QA to translate business requirements into well-designed Salesforce and database solutions.
Create and maintain technical documentation, including data models, integration maps, configuration guides for owned applications.
Participate in Agile ceremonies and CI/CD delivery practices using Azure DevOps.
Who You Are:
You analyze multiple and diverse sources of information to define problems accurately before moving to solutions. You act with a clear sense of ownership and take personal responsibility for decisions, actions, and failures. You effectively communicate in various settings and provide timely, helpful information to individuals across the organization. You partner with others to get work done and create teamwork that allows the organization to achieve shared objectives. You step up to address difficult issues and are willing to champion ideas on their merits.","For This Role, You Will Need:
Bachelor's degree in Computer Science, Software Engineering, or a related field.
8+ years of Salesforce development experience
Proficiency in Visualforce page development, Apex, declarative Flows, and SOQL.
Working knowledge of Oracle Database, SQL, and PL/SQL basics, including queries, stored procedures, and data integration patterns connecting Oracle DB to Salesforce or REST API layers.
Experience consuming and producing REST APIs, along with JavaScript for front-end logic within Salesforce pages and integrations.
Familiarity with Agile, CI/CD practices, Azure DevOps or similar pipelines, sprint-based delivery and version control, and strong English communication skills.",,2026-07-29T05:55:25.332970+00:00,2026-07-29T05:55:30.016740+00:00,2026-09-26T16:00:00+00:00,2026-08-01T13:15:52.471013+00:00,True,False,False,public,2026-09-11T11:16:19+00:00
270499,Application Developer,application-developer,https://www.kalibrr.com/c/emerson-electric-asia-limited/jobs/270499/application-developer,Emerson Electric (Asia) Limited,emerson-electric-asia-limited,Electrical / Electronic Manufacturing,http://www.emerson.com,True,IT and Software,Full time,1,300,0,550,False,True,False,Mandaluyong,Metro Manila,Philippines,"39th to 44th floor Mega Tower, Mandaluyong, Metro Manila, Philippines",14.5789,121.04414,True,,,,,"In This Role, Your Responsibilities Will Be:
Build and maintain full-stack web applications using React.js (frontend) and Node.js with Express.js or NestJS (backend), delivering mobile-friendly experiences for Emerson's custom enterprise tools.
Implement Progressive Web App (PWA) capabilities, including service workers, web app manifests, offline-first caching strategies, push notifications, and installability, ensuring reliable performance across devices and network conditions.
Build and maintain RESTful APIs in Node.js that serve both web and mobile-optimized clients, design endpoints with mobile payload efficiency and performance in mind.
Design and maintain MongoDB collections, schemas, and queries supporting custom application data models, while applying NoSQL data modeling best practices.
Build reusable React components with state management (Redux or Context API), responsive layouts, and touch-friendly interactions suited for mobile and tablet users.
Integrate frontend applications with REST APIs and third-party enterprise services, including API authentication, error states, and offline fallback.
Apply the full SDLC across the Mobile Apps Program area, including design, development, testing, deployment, and production support.
Debug and troubleshoot issues across Node.js, MongoDB, and React/PWA layers, identify root causes, and implement durable fixes.
Participate actively in code reviews and Agile ceremonies, and collaborate with Product Owners, System Analysts, and QA to deliver high-quality solutions on time.
Who You Are:
You readily take on new challenges and display a can-do attitude in good and difficult times. You act with a clear sense of ownership and take personal responsibility for decisions, actions, and failures. You effectively communicate in various settings and provide timely, helpful information to individuals across the organization. You partner with others to get work done and create teamwork that allows the organization to achieve shared objectives. You are curious and eager to learn, and you seek feedback, grow from it, and continuously improve your craft.","For This Role, You Will Need:
Bachelor's degree in Computer Science, Software Engineering, or a related field.
3+ years of experience in full-stack web development with Node.js and React.
Hands-on experience implementing PWA features
Experience designing and delivering web applications that perform on mobile and tablet
Working experience with MongoDB; building and consuming REST APIs, understanding of HTTP methods, JSON payloads, authentication patterns, and error handling.
Familiarity with Git, Azure DevOps or similar CI/CD tools, and sprint-based delivery, with strong English communication skills.",,2026-07-29T06:03:55.183657+00:00,2026-07-29T06:04:50.355455+00:00,2026-09-26T16:00:00+00:00,2026-07-29T14:12:06.994892+00:00,True,False,False,public,2026-09-11T11:15:46+00:00
270500,.NET Developer,net-developer,https://www.kalibrr.com/c/emerson-electric-asia-limited/jobs/270500/net-developer,Emerson Electric (Asia) Limited,emerson-electric-asia-limited,Electrical / Electronic Manufacturing,http://www.emerson.com,True,IT and Software,Full time,1,300,0,550,False,True,False,Mandaluyong,Metro Manila,Philippines,"39th to 44th floor Mega Tower, Mandaluyong, Metro Manila, Philippines",14.5789,121.04414,True,,,,,"In This Role, Your Responsibilities Will Be:
Build, and maintain .NET Core backend services and RESTful APIs, including controller design, middleware, dependency injection, authentication (JWT/OAuth2), and API versioning.
Build and maintain React.js front-end components, including state management (Redux or Context API), responsive UI design, and integration with .NET Core API backends.
Maintain MS SQL Server database schemas, stored procedures, views, and queries (SQL Server 2016 or above), while applying relational data modeling best practices for enterprise application workloads.
Lead technical design for complex features by translating business requirements into well-structured API contracts, data models, and front-end component architecture.
Integrate applications with internal enterprise systems and third-party REST APIs, defining integration patterns and handling authentication flows, data transformation, and error management.
Drive code quality within the team, conduct thorough code reviews, identify technical debt, and recommend improvements to engineering standards and patterns.
Apply the full SDLC across the application portfolio, including design, development, testing, deployment, and production support.
Debug and resolve production issues across .NET Core, MS SQL Server, and React layers, maintain technical documentation, and participate in Agile ceremonies and CI/CD delivery practices using Azure DevOps.","For This Role, You Will Need:
Bachelor's degree in Computer Science, Software Engineering, or a related field.
3+ years of experience in full-stack web development with .NET Core and React.
Strong hands-on experience with MS SQL Server, including complex T-SQL queries, stored procedures, views, indexes, schema design, and query performance tuning.
Demonstrated ability to lead feature design, conduct meaningful code reviews, and drive engineering best practices within a delivery team.
Solid familiarity with Git branching strategies, Azure DevOps or similar CI/CD tools, and sprint-based delivery with strong English communication skills.",,2026-07-29T06:12:19.051651+00:00,2026-07-29T06:12:51.858856+00:00,2026-09-26T16:00:00+00:00,2026-08-01T14:59:42.548018+00:00,True,False,False,public,2026-09-11T11:16:03+00:00
270502,Python Developer,python-developer,https://www.kalibrr.com/c/emerson-electric-asia-limited/jobs/270502/python-developer,Emerson Electric (Asia) Limited,emerson-electric-asia-limited,Electrical / Electronic Manufacturing,http://www.emerson.com,True,IT and Software,Full time,1,300,0,550,False,True,False,Mandaluyong,Metro Manila,Philippines,"39th to 44th floor Mega Tower, Mandaluyong, Metro Manila, Philippines",14.5789,121.04414,True,,,,,"In This Role, Your Responsibilities Will Be:
Build and maintain Python FastAPI backend services and REST APIs supporting MyAssets, FDDH, and product documentation platforms under the guidance of the Senior Developer.
Develop and maintain React.js front-end components, including state management, responsive UI, and integration with FastAPI backend services for product and asset management workflows.
Write and maintain PostgreSQL queries, support schema updates, and assist with data migrations for platform databases.
Assist with REST API integrations to third-party documentation platforms (Zoomin and similar) by consuming APIs, handling data transformation, and supporting publication workflows.
Apply SDLC practices throughout feature delivery and design, develop, test, and support production releases across the portfolio.
Debug and resolve issues across FastAPI, PostgreSQL, and React layers and escalate complex root causes to the Senior Developer with clear analysis.
Write clean, well-documented, and reusable code following team standards, participate actively in code reviews, and maintain technical documentation for owned features, including API endpoint notes, data flow descriptions, and test cases.
Collaborate with Product Owners, QA, and System Analysts to understand requirements and deliver quality solutions on time.
Participate in Agile ceremonies and CI/CD delivery practices using Azure DevOps.","For This Role, You Will Need:
Bachelor's degree in Computer Science, Software Engineering, or a related field.
3+ years of software development experience with hands-on delivery in Python and React
Proficiency in building REST API services using FastAPI, including endpoint definition, Pydantic models, request/response handling, and basic async patterns.
Working knowledge of PostgreSQL or MySQL
Familiarity with Git version control, Azure DevOps, or similar CI/CD tools, and sprint-based delivery and strong English communication skills.",,2026-07-29T06:16:18.670528+00:00,2026-07-29T06:16:27.618451+00:00,2026-09-26T16:00:00+00:00,2026-07-31T22:09:54.234703+00:00,True,False,False,public,2026-09-11T11:15:39+00:00
270504,IT Security Engineer,it-security-engineer,https://www.kalibrr.com/c/monde-nissin-corporation/jobs/270504/it-security-engineer,Monde Nissin Corporation,monde-nissin-corporation,Fast Moving Consumer Goods,http://www.mondenissin.com,True,IT and Software,Full time,1,300,0,550,False,True,False,Pasig,Metro Manila,Philippines,"Pasig, Metro Manila, Philippines",14.57936,121.08661,True,,,,,"- Bachelor’s or Associate Degree in Computer Science, Technical, Education, Engineering, Information Security, Business, Information Technology, or related fields.
 - Preferred relevant certifications such as CISSP, NRA, FLS, ITIL, SANS, BLS, CCNA, PSP, CPP, CISA, CISM, IAM, IAT, ISO.
 - Strong understanding of network security principles.
 - Familiarity with AI security considerations.
 - Ability to develop and enforce policies is a plus
 - Experience with risk assessment and mitigation
 - Knowledge of virus and malware protection strategies
 - Familiarity with VAPT processes","As an IT Security Engineer, you will support in the design and implementation of comprehensive security strategies to protect the organization’s digital infrastructure. You’ll collaborate with internal teams and external SOC providers to manage risks, enforce BYOD policies, monitor threats, and lead incident response efforts across network, infrastructure, and AI-related domains",,2026-07-29T06:23:37.997902+00:00,2026-07-29T06:24:22.243806+00:00,2026-09-26T16:00:00+00:00,2026-09-11T07:41:58.336877+00:00,True,False,False,public,2026-09-11T11:13:52+00:00
270537,Scrum Master,scrum-master-3,https://www.kalibrr.com/c/multisys-technologies-corporation/jobs/270537/scrum-master-3,Multisys Technologies Corporation,multisys-technologies-corporation,Information Technology / IT,https://www.multisyscorp.com/,True,IT and Software,Full time,2,300,0,550,False,True,False,Parañaque,Metro Manila,Philippines,"#14, Mt. of Olives St, Moonwalk, Parañaque, Metro Manila, Philippines",14.47121,121.02198,False,25000,50000,PHP,month,"Job Summary:
A Scrum Master is responsible for ensuring that the team/organization embraces the agile values and principles. Assists and coaches the Scrum Team to deliver excellent and innovative software solutions, which contain complex yet intuitive functionalities to customers. Moreover, s/he plays an active role in enabling the rapid delivery of high quality products to meet customer experience and requirements.
Essential Duties and Responsibilities:
 - Coach the team
 - Facilitate scrum ceremonies
 - Assist the PO in grooming the backlog
 - Eliminate impediments
 - Shield the development team from interruptions
 - Conduct training sessions about agile practices, values, and principles
 - Facilitate resolution of obstacles and escalation of issues when necessary
 - Resolve conflicts
Ensure that on certain events, relevant documents are made available such as the following:
 - Planning Phase: Definition of Ready, Definition of Done
 - Sprint Phase: Impediment list
 - Inspection Phase: Retrospective Items","Qualifications:
 - Bachelor’s degree in Computer Science, Information Technology or similar field
 - With at least 3-year experience as Scrum Master
Sound knowledge on the following:
 - Software Development Life Cycle (SDLC) or production process
 - Knowledge in TPS (Toyota Production System preferred)
 - Good socratic questioning skill
 - Scrum Certified
 - Some knowledge in Extreme Programming (XP)
 - Proficient in collaboration tools (e.g Jira)
 - Insight to common problems encountered by teams",,2026-07-30T00:28:16.208510+00:00,2026-09-01T07:46:29.173369+00:00,2026-10-01T06:31:39.651851+00:00,2026-09-03T06:33:00.917370+00:00,True,False,False,public,2026-09-11T11:14:49+00:00
270671,Scrum Master | Project Management,scrum-master-project-management-7,https://www.kalibrr.com/c/ncs-philippines/jobs/270671/scrum-master-project-management-7,NCS Philippines Inc. ,ncs-philippines,Information Technology / IT,https://www.ncs.co,True,IT and Software,Full time,10,400,0,550,False,True,False,Taguig,Metro Manila,Philippines,"7th Floor, Fort Bonifacio, Taguig, Metro Manila, Philippines",14.51258,121.05878,True,,,,,"Responsible for supporting various clients and projects across our customer base by facilitating retrospective meetings at the end of each sprint/project to ensure the highest priority retrospective points are met to the customer's satisfaction. The primary job duties may include coaching scrum teams in all areas (including sprint reviews and planning), milestone tracking, holding daily stand-up meetings, and collaborating with engineering, product management, and quality control departments to ensure the project is completed according to specifications. Ensures that the team is following the scrum methodology and keeps the team on track, productive, and growing in ability.
Facilitates daily scrum, sprint planning, sprint demo, and retrospective meetings.
 - Manages the project releases, sprints, and possible impediments.
 - Assist in creating a release plan and help maintain the prioritized project/product backlog.
 - Tracks and communicates team velocity and sprint progress to all stakeholders and management.","Job Specifications:
Education – At least graduate with a Bachelor’s or Master's Degree in IT, Computer Science, Engineering, or any related course.
Related Work Experience:
 - At least 2 years of experience as a Scrum Master.
 - Experience in handling software development lifecycle using Agile methodologies (Scrum Framework).
 - Experience in handling web and mobile applications.
Certifications is a plus - Professional Scrum Master or Certified Scrum Master certification
Knowledge:
 - Project Management
 - Resource Management
 - Stakeholder Relationship management
 - Financial Management
 - Contract Management
 - Governance",,2026-08-03T03:00:16.115962+00:00,2026-08-03T03:02:20.083941+00:00,2026-12-30T16:00:00+00:00,2026-09-11T06:37:27.939542+00:00,True,False,False,public,2026-09-11T11:16:08+00:00
270700,Customer Support Representative,customer-support-representative,https://www.kalibrr.com/c/unicapital-incorporated/jobs/270700/customer-support-representative,Unicapital Group,unicapital-incorporated,Financial Services,http://www.unicapital-inc.com,True,Sales and Marketing,Full time,1,300,0,550,False,False,False,Makati,Metro Manila,Philippines,"3F Majalco Building, Makati, Metro Manila, Philippines",14.55491,121.03512,True,,,,,"The Customer Service Representative attracts potential customers by answering product and service questions and suggesting information about other products and services. Prepares correspondence and fulfils customer needs to ensure customer satisfaction and escalates complaints across a number of communication channels. Serves as the direct link between a company and its existing and potential customers.
Duties and Responsibilities: 
 - Open and maintain customer accounts by recording account information.
 - Provide specific information regarding the services, products or materials offered by a company.
 - Resolve product or service problems by clarifying the customer's complaint; determining the cause of the problem; selecting and explaining the best solution to solve the problem; expediting correction or adjustment; following up to ensure resolution.
 - Maintain financial accounts by processing customer adjustments.
 - Working with a sales team to create better methods to address customer complaints.
 - Reviewing customer accounts and transactions while resolving issues.
 - Communicating with customers in-person, through email or chat, over the phone or on social media.
 - Managing large amounts of incoming calls by providing troubleshooting information, reporting and analysing customers' information and needs, issuing billing details and opening and closing customer accounts.
 - Generating sales leads
 - Build sustainable relationships of trust through open and interactive communication.
 - Compile reports on overall customer satisfaction.
 - Contribute to team effort by accomplishing related results as needed.
 - Any other tasks may be assigned from time to time which are geared towards generating revenue growth for the group.","- Bachelor/College Degree in any Business Course
 - With two years of relevant work experience in a brokerage house; In-depth understanding of the company’s products or services
 - Excellent English written and verbal communication skills; clear communication skills.
 - Working knowledge of computers.
 - Good customer service and problem-solving skills.
 - Familiar with CRM systems and practices.
 - Analytical, Patience, Attentiveness, Time Management Skills, Ability to use positive language, Empathy, Persuasion skills. Problem-solving and Professionalism
 - Integrity, Diligence, Customer Focus, Teamwork, Innovation and Selflessness",,2026-08-03T08:37:40.733048+00:00,2026-08-03T08:37:44.056991+00:00,2026-10-01T16:00:00+00:00,2026-09-10T00:50:06.527523+00:00,True,False,False,public,2026-09-11T11:22:52+00:00
270811,Accounting Assistant,accounting-assistant-4,https://www.kalibrr.com/c/ateneo-de-manila-university-1/jobs/270811/accounting-assistant-4,Ateneo de Manila University,ateneo-de-manila-university-1,Higher Education / Academia,http://www.ateneo.edu/,True,Accounting and Finance,Full time,1,200,0,550,False,False,False,Quezon City,Metro Manila,Philippines,"Katipunan Ave, Loyola Heights, Quezon City, Metro Manila, Philippines",14.67297,121.04949,True,,,,,"Summary of Work Activities and Responsibilities:
The Accounting Assistant III is responsible for maintaining and organizing the inventory of the University’s fixed assets. The position will also assist during student enrollment and in reconciliation of accounts.
Main Duties and Responsibilities:
I. Asset Management Support
 - Maintains inventory of the University’s fixed assets
 - Prepares and affixes barcodes to fixed assets, in coordination with the outsourced service provider
 - Coordinates with various Ateneo units for updating of inventory list 
 - Coordinates with government units and international funding agencies on tagging of assets acquired by the University from externally funded projects
 - Encodes newly acquired fixtures and equipment into the Microsoft Great Plains module
 - Updates the Ateneo Movable Assets Management System to reflect the assignees and movements of assets (e.g., acquisition, transfer, sale, donation, etc.)
 - Generates list of fixed assets and equipment for reports
 - Prepares memos containing list of acquisitions for insurance coverage purposes
 - Recommends retirement of assets across the University, in accordance with established University policies
 - Prepares monthly depreciation reports of the University’s Buildings and Land Improvement, for review of Accounting Supervisor and approval of the Head
II. Section Support
 - Collates various data and reports to assist in month end close activities including reconciliation of accounts to properly support various accounting report requirements
 - Liaises in and out of the University to transact accounting documents
III. Performs other duties as may be assigned by the immediate supervisor, or any authorized representative","Knowledge, Skills, and Abilities:
 - Technological Savvy: Ability to utilize information technology and computer and internet systems to accomplish tasks
 - Administrative Support: Knowledge of administrative and office procedures and systems such as word processing, managing files and records, designing forms, and workplace terminology
 - Customer Service Skills: Ability to understand client perspectives and respond to their needs with urgency and serious attention
 - Service Orientation: Actively looking for ways to help people; Ability to relate with client well-pleasing, warm, patient and respectful in dealing with people
 - Time Management: Managing one's own time and the time of others 
 - Coordination: Adjusting actions in relation to others' actions
Education and Experience Requirements:
 - Bachelor’s degree Accounting, Finance, or any related course
 - At least six (6) months to one (1) year of work experience in clerical accounting",,2026-08-05T06:14:29.457824+00:00,2026-09-08T07:48:18.809453+00:00,2026-11-03T16:00:00+00:00,2026-09-11T09:06:55.940745+00:00,True,False,False,public,2026-09-11T11:20:59+00:00
270932,Business Analyst,business-analyst-9,https://www.kalibrr.com/c/ncs-philippines/jobs/270932/business-analyst-9,NCS Philippines Inc. ,ncs-philippines,Information Technology / IT,https://www.ncs.co,True,IT and Software,Full time,5,200,0,550,False,True,False,Taguig,Metro Manila,Philippines,"7th Floor, Fort Bonifacio, Taguig, Metro Manila, Philippines",14.51258,121.05878,True,,,,,"Job Summary
The Junior Business Analyst supports the analysis, documentation, and improvement of business processes and system requirements. Working closely with senior business analysts, project managers, developers, QA engineers, and stakeholders, the role assists in gathering requirements, documenting functional specifications, and ensuring business needs are translated into effective technology solutions.
Key Responsibilities
 - Assist in gathering, documenting, and validating business and functional requirements.
 - Conduct stakeholder interviews, workshops, and requirements elicitation sessions.
 - Create Business Requirement Documents (BRD), Functional Requirement Documents (FRD), user stories, process flows, and use cases.
 - Analyze existing business processes and recommend process improvements.
 - Collaborate with development and QA teams to clarify business requirements.
 - Participate in Agile ceremonies including sprint planning, daily stand-ups, backlog grooming, and sprint reviews.
 - Support User Acceptance Testing (UAT) by preparing test scenarios and coordinating with business users.
 - Maintain project documentation and ensure requirements traceability.
 - Assist in change request analysis and impact assessment.
 - Support project implementation activities including training and post-go-live support.","Qualifications
 - Bachelor's degree in Information Technology, Computer Science, Information Systems, Business Administration, Industrial Engineering, or related field.
 - 1- 2 years of Business Analysis or related experience.
Preferred Skills
 - Basic knowledge of Software Development Life Cycle (SDLC).
 - Understanding of Agile and Scrum methodologies.
 - Familiarity with process mapping tools such as Visio, Lucidchart, or Draw. io.
 - Basic knowledge of SQL is an advantage.
 - Experience using Jira, Confluence, Azure DevOps, or similar project management tools is a plus.
 - Strong analytical and problem-solving skills.
 - Excellent written and verbal communication skills.
 - Good documentation and presentation skills.
 - Ability to work collaboratively in a cross-functional environment.",,2026-08-07T07:37:54.253714+00:00,2026-08-07T07:38:02.527575+00:00,2026-12-05T16:00:00+00:00,2026-09-11T07:37:30.170657+00:00,True,False,False,public,2026-09-11T11:16:25+00:00
270933,UI UX,ui-ux,https://www.kalibrr.com/c/ncs-philippines/jobs/270933/ui-ux,NCS Philippines Inc. ,ncs-philippines,Information Technology / IT,https://www.ncs.co,True,IT and Software,Full time,5,200,0,550,False,False,False,Taguig,Metro Manila,Philippines,"7th Floor, Fort Bonifacio, Taguig, Metro Manila, Philippines",14.51258,121.05878,True,,,,,"- Assist in creating user flows, journey maps, wireframes, mockups, and interactive prototypes.
 - Collaborate with Business Analysts and Product Owners to understand user requirements.
 - Conduct basic user research, competitor analysis, and usability testing.
 - Translate business requirements into user-friendly interface designs.
 - Design responsive layouts for web and mobile platforms.
 - Create UI assets, icons, illustrations, and design components following established design systems.
 - Support the maintenance and enhancement of the organization's design system.
 - Work closely with developers during implementation to ensure design accuracy.
 - Participate in design reviews and continuously improve the user experience based on feedback.
 - Stay updated with the latest UI/UX trends, accessibility standards, and design best practices.","Qualifications
 - Bachelor's degree in Multimedia Arts, Graphic Design, Human-Computer Interaction, Computer Science, Information Technology, or related field.
 - 1-2 years of UI/UX or Product Design experience.
Preferred Skills
 - Proficiency in Figma (preferred), Adobe XD, Sketch, or similar design tools.
 - Basic understanding of UX principles, interaction design, and information architecture.
 - Knowledge of responsive web and mobile design.
 - Basic understanding of HTML, CSS, and front-end development concepts is an advantage.
 - Familiarity with design systems and component libraries.
 - Ability to create wireframes, mockups, and clickable prototypes.
 - Strong visual design skills, including typography, layout, spacing, and color theory.
 - Excellent communication and collaboration skills.
 - Creative thinking with strong attention to detail.",,2026-08-07T07:39:23.453907+00:00,2026-08-07T07:39:37.147841+00:00,2026-12-05T16:00:00+00:00,2026-09-11T08:40:43.419340+00:00,True,False,False,public,2026-09-11T11:16:06+00:00
270952,"QA Automation Engineer, Hybrid",qa-automation-engineer-hybrid-2,https://www.kalibrr.com/c/propelrr/jobs/270952/qa-automation-engineer-hybrid-2,Propelrr,propelrr,Digital Marketing and Tech Innovation Services,https://www.propelrr.com/,True,IT and Software,Full time,1,300,0,550,False,True,False,Makati,Metro Manila,Philippines,"3F DMCI Homes Corporate Office, Makati, Metro Manila, Philippines",14.55491,121.03512,True,,,,,"Job Responsibilities
As a QA Automation Engineer (Mobile & Frontend), the candidate is expected to perform the following duties:
Core Development Tasks:
Write clean, testable, and well-documented Mobile Automation Tasks; Design, execute, and maintain automated test scripts for iOS and Android platforms using modern mobile testing tools, effectively managing device-specific gestures, OS nuances, and viewport sizes.
Frontend Web Testing:
Build robust end-to-end (E2E) and functional UI test suites for modern, component-driven web frameworks (e.g., Next.js, React) to ensure cross-browser compatibility and seamless state management.
CI/CD Pipeline Integration:
Embed automated test suites into continuous integration and delivery pipelines, executing tests efficiently across containerized staging and pre-production environments.
Defect Isolation and Diagnostics:
Identify, document, and track software defects with precision. Collaborate directly with software engineers to isolate visual regressions, state errors, and mobile performance bottlenecks to verify hotfixes.
Documentation and Quality Standards:
Create and maintain technical documentation for automated testing frameworks, test plans, and coverage reports, ensuring all testing processes are transparent and maintainable across teams.","Educational Background:
Bachelor’s degree in Computer Science, Information Technology, Computer Engineering, or a related technical field. Equivalent practical experience, certifications, or a strong portfolio demonstrating test automation frameworks will also be considered.
Quality Assurance Experience:
3 to 5 years of hands-on software quality assurance experience, with a proven focus on automated mobile and web UI testing.
Mobile Testing Tools:
Practical experience with mobile automation frameworks such as Appium, Detox, or Maestro.
Web Automation Frameworks:
Strong proficiency with modern web automation tools such as Playwright, Cypress, or Selenium.
Programming and Scripting:
Solid scripting and development proficiency in JavaScript/TypeScript for building clean, maintainable test scripts and custom runner configurations.
Version Control and Mobile Distribution:
Experience with Git workflows and mobile app distribution platforms (e.g., Apple TestFlight, Google Play Internal Testing tracks).
Soft Skills:
 - Acute attention to detail with a methodical, root-cause-driven approach to problem-solving.
 - Excellent written and verbal communication skills to clearly articulate technical issues to development teams.
 - Strong self-motivation and eagerness to continuously adopt and adapt to modern testing frameworks.
 - Ability to work independently as a dedicated QA authority while collaborating effectively within an Agile team.
 - Strong analytical, planning, and problem-solving skills;
Architecture Exposure:
Experience testing decoupled/headless web architectures (e.g., Next.js frontends connected to API backends).
Performance Profiling:
Familiarity with mobile app performance profiling, including resource usage (CPU, memory, battery) and network latency under simulated loads.
Containerization Exposure:
Basic experience with Docker and local containerized staging environments.
Metrics and Scorecards:
Familiarity with tracking key performance indicators, test coverage ratios, or contributing data to engineering scorecards",,2026-08-07T10:46:48.457735+00:00,2026-08-07T10:46:52.908825+00:00,2026-09-29T16:00:00+00:00,2026-09-10T10:35:06.246432+00:00,True,False,False,public,2026-09-11T11:17:26+00:00
270957,IT Planning Professional,it-planning-professional,https://www.kalibrr.com/c/toyota-motors-philippines-corporation/jobs/270957/it-planning-professional,Toyota Motor Philippines Corporation,toyota-motors-philippines-corporation,Automotive - Manufacturing,http://www.toyota.com.ph,True,IT and Software,Full time,1,200,0,550,True,False,False,Santa Rosa,Laguna,Philippines,"Sta. Rosa-Tagaytay National Hwy, Pulong Santa Cruz, Santa Rosa, Laguna, Philippines",14.29606,121.10583,True,,,,,"Toyota Motor Philippines (TMP) is looking for IT Planning Professional to join our Information System Department based in Santa Rosa City, Laguna, Philippines.
The IT Planning Professional is a member of the Infra Innovation and IT Management Section that is responsible in overseeing IT governance, compliance, and operational coordination by aligning local IT initiatives with regional and global requirements while managing policies, audits, budgets, procurement, resources, assets, and key cross-functional IT activities.
In this role, you'll play a crucial part in shaping IT governance, compliance, and strategic coordination framework. You are expected to be a domain expert in planning, reporting, data consolidation, and project or task tracking.
Your role and responsibilities:
 - Serve as the primary liaison between Toyota Motor Philippines, Asia Pacific IT, and Japan Headquarter to ensure alignment with regional and global IT standards, requirements, and deliverables.
 - Coordinate and consolidate IT requirements, reports, compliance submissions, and planning outputs for local, regional, and global stakeholders.
 - Support the implementation, maintenance, and continuous improvement of IT governance frameworks, policies, procedures, and standards.
 - Facilitate IT audit activities by preparing documentation, monitoring audit findings, and coordinating the closure of action items.
 - Support IT strategic planning and project portfolio management through project pipeline monitoring, requirements consolidation, and progress tracking.
 - Manage IT administrative functions, including OPEX budget monitoring, procurement coordination from purchase request to payment, and vendor-related activities.
 - Oversee IT asset and inventory lifecycle management to ensure accurate tracking, utilization, and compliance.
 - Maintain comprehensive documentation and records of IT plans, reports, governance documents, and compliance deliverables.
 - Collaborate with cross-functional teams to support IT operational initiatives, governance activities, and continuous process improvements.
Skills Required:
 - Proficient in Microsoft 365 tools (Excel, Power BI, Teams, SharePoint) for coordination and reporting
 - Basic knowledge of project or task tracking
 - Understanding of IT governance and compliance processes
Advantages:
 - Familiarity with IT policies, procedures, and documentation
 - Experience in IT planning, project pipeline management & IT roadmap development
 - Familiar with Microsoft Power Apps and Power Automate
 - Basic understanding of Microsoft Power BI for simple reports
Fresh graduates with relevant internship experience are welcome to apply!","Our perfect match:
 - Graduate of BS Information Technology, Information Systems, Computer Science
 - At least 1–2 years of experience in IT, preferably in governance, planning, or coordination-related roles
 - Exposure to IT documentation, reporting, or compliance activities is an advantage
 - Familiarity with IT processes such as reporting, monitoring, or basic audit support
 - Experience in IT budget management and procurement processes
 - Excellent analytical and problem-solving skills
 - Detail-oriented with a high level of accuracy
 - Strong communication and interpersonal skills",,2026-08-08T00:48:19.836073+00:00,2026-08-08T01:16:03.924331+00:00,2026-10-06T16:00:00+00:00,2026-09-11T08:02:37.883965+00:00,True,False,False,public,2026-09-11T11:15:32+00:00
270959,Infra Operations Engineer,infra-operations-engineer,https://www.kalibrr.com/c/toyota-motors-philippines-corporation/jobs/270959/infra-operations-engineer,Toyota Motor Philippines Corporation,toyota-motors-philippines-corporation,Automotive - Manufacturing,http://www.toyota.com.ph,True,IT and Software,Full time,1,200,0,550,True,False,False,Santa Rosa,Laguna,Philippines,"Sta. Rosa-Tagaytay National Hwy, Pulong Santa Cruz, Santa Rosa, Laguna, Philippines",14.29606,121.10583,True,,,,,"Toyota Motor Philippines (TMP) is looking for Infra Operations Engineer to join our Information System Department based in Santa Rosa City, Laguna, Philippines.
The Infra Operations Engineer is a member of the Infra Operations Section that is responsible in managing and supporting the company's IT infrastructure, networks, systems, and Microsoft services to ensure reliable, secure, and efficient operations.
In this role, you'll play a crucial part in shaping our network infrastructure reliability, connectivity, and operational excellence
You are expected to be a domain expert in management, system monitoring, and preventive maintenance.
Your role Roles and Responsibilities:
 - Perform network maintenance activities to ensure stable, secure, and reliable network operations.
 - Manage and support network and telecommunications infrastructure, including connectivity and communication services.
 - Monitor network utilization, performance, and capacity to identify and address potential issues proactively.
 - Conduct preventive maintenance of network devices to minimize downtime and maintain optimal system performance.
 - Review and analyze network logs on a daily basis to detect abnormalities, troubleshoot issues, and support incident resolution.
 - Administer and support Cisco-based network infrastructure, including switches, routers, and related network devices.
 - Monitor and support virtualized environments and server infrastructure, including VMware platforms and IBM hosts.
 - Coordinate with internal teams and vendors to resolve network-related incidents, escalations, and service disruptions.
 - Maintain accurate documentation of network configurations, maintenance activities, and operational procedures.
 - Recommend and implement improvements to enhance network availability, security, and overall infrastructure performance.
Skills Required:
 - IT Networking (LAN/WAN, TCP/IP, DNS, DHCP)
 - Knowledgeable in Cisco Devices (Routing, Switching)
 - Firewall Configuration (Palo Alto, Cisco ASA)
 - Wireless Network Management (Access Points, Controllers)
 - Windows Server Administration (AD, DNS, DHCP, GPO)
 - Microsoft 365 / Entra ID (User & Access Management)
Advantages:
 - Network Security (VPN, Access Control, Network Segmentation)
 - Familiar with Microsoft Power Apps and Power Automate
 - Basic Scripting (PowerShell, Bash)
Fresh graduates with relevant internship experience are welcome to apply!","Our perfect match:
 - Graduate of BS Information Technology, Computer Science, and Computer Engineering Major in Network and Security
 - Has Hands-on experience with Cisco routers, switches, and firewalls
 - Has experience in network troubleshooting and incident resolution
 - Experience with monitoring tools and performance tuning
 - You can assimilate and apply new job- related information
 - You maintain effectiveness when experiencing major changes in work tasks or the work environment; adjust to work within new work structures, processes, requirements, or cultures.
 - You can actively identify new areas for learning; regularly create and take advantage of learning opportunities; use newly-gained knowledge and skill on the job and learn through their application.
 - You effectively manage your time and resources to ensure that work is completed efficiently.
 - You are capable of setting up ongoing procedures to collect and review information needed to manage an organization or ongoing activities within it.",,2026-08-08T01:30:47.474176+00:00,2026-08-08T01:30:50.718682+00:00,2026-10-06T16:00:00+00:00,2026-08-11T06:49:32.478885+00:00,True,False,False,public,2026-09-11T11:16:29+00:00
271000,"Community Associate | Guest Relations, Receptionist",community-associate-guest-relations-receptionist,https://www.kalibrr.com/c/hire-manila/jobs/271000/community-associate-guest-relations-receptionist,Hire Manila,hire-manila,Staffing / Recruiting,https://hiremanila.com/ ,True,Hospitality and Tourism,Full time,1,200,0,550,False,False,False,Muntinlupa,Metro Manila,Philippines,"8767, Paseo de Roxas, Bel-Air, Muntinlupa, Metro Manila, Philippines",14.41172,121.04116,True,,,,,"We are looking for a Community Associate to be the front-of-house ambassador of Prosmash. This role is responsible for delivering a warm, energetic, and professional first impression while ensuring smooth daily operations at the reception area.
You will handle member check-ins, bookings, inquiries, and basic sales support, while helping create a welcoming community environment where members feel recognized, supported, and excited to return.
This role is ideal for someone who is friendly, organized, service-oriented, and enjoys working in an active, people-focused environment.
Front Desk & Member Experience
 - Greet all members and guests warmly and professionally
 - Handle member check-ins, court bookings, and walk-in inquiries
 - Manage daily attendance logs and booking schedules
 - Assist new members with onboarding and basic facility orientation
 - Respond to basic questions about programs, schedules, and promotions
 - Ensure reception area is clean, organized, and presentable at all times
Sales & Booking Support
 - Assist in promoting club programs, classes, events, and memberships
 - Upsell packages, merchandise, and coaching sessions when applicable
 - Handle payment collection and issue official receipts
 - Support promotions, referral programs, and event registrations
Administrative & Operations Support
 - Maintain accurate records of bookings, payments, and member information
 - Coordinate with coaches and operations staff regarding schedules
 - Report incidents, member feedback, and facility concerns to management
 - Assist with inventory tracking for merchandise and supplies
 - Support basic reporting (daily sales, attendance, incident logs)
Community & Events Support
 - Help facilitate tournaments, leagues, and social events
 - Assist with event registrations and crowd flow during busy periods
 - Encourage positive community interactions among members
 - Support social media content capture when needed (photos, short videos)","- College level or graduate of any business, hospitality, sports, or related course preferred
 - With at least 1 year experience in reception, customer service, hospitality, gym, or club environment (fresh grads with strong people skills may be considered)
 - Excellent communication and interpersonal skills
 - Friendly, confident, and professional demeanor
 - Organized and detail-oriented
 - Comfortable using basic computer systems, POS, and booking software
 - Willing to work flexible shifts, weekends, and holidays
 - Good-to-haves
 - Interest in sports, fitness, or wellness
 - Experience in gym, sports club, hotel, or coworking front desk
 - Sales-oriented mindset and comfortable offering promotions
 - Social media savvy for basic content support",,2026-08-10T07:55:03.606494+00:00,2026-08-14T01:06:26.515353+00:00,2026-10-08T16:00:00+00:00,2026-09-10T05:55:18.646784+00:00,True,False,False,public,2026-09-11T11:20:30+00:00
271024,AI Application Developer,ai-application-developer-2,https://www.kalibrr.com/c/questronix-corporation/jobs/271024/ai-application-developer-2,Questronix Corporation,questronix-corporation,Information Technology / IT,https://questronix.com.ph/,True,IT and Software,Full time,1,200,0,550,False,False,False,Makati,Metro Manila,Philippines,"178 Yakal St. Brgy. San Antonio, Makati, Metro Manila, Philippines",14.55491,121.03512,True,,,,,"Job Description:
 - Develop and support AI-driven applications focused on knowledge base ingestion, including extracting, processing, and storing structured and unstructured data (e.g., Excel files, PDFs, images, and database records).
 - Build and maintain data pipelines for machine learning models, ensuring data quality, consistency, and efficient processing.
 - Implement document parsing, text preprocessing, and chunking strategies to prepare data for retrieval-augmented generation (RAG) systems.
 - Design and support workflows for retrieving relevant data and injecting context into prompts for AI applications.
 - Assist in developing and integrating backend services using Python frameworks such as Django.
 - Collaborate with cross-functional teams to test, deploy, and improve AI models and pipelines.
 - Support containerized deployments and environments using Docker and Kubernetes.
 - Contribute to continuous improvement of AI systems, including reducing hallucinations and improving response accuracy.","Qualifications:
 - Bachelor’s degree in Computer Science, Information Technology, Data Science, or any related field.
 - years of experience in AI/ML, data engineering, or backend development with exposure to production-level AI systems.
 - Strong understanding of AI/ML concepts, including embeddings, vector databases, and RAG architecture design.
 - Proficient in Python and relevant libraries such as pandas, numpy, openpyxl, requests, and PyPDF.
 - Hands-on experience in building and optimizing data pipelines for structured and unstructured data.
 - Strong experience in data preprocessing, document parsing, chunking strategies, and normalization techniques.
 - Experience working with vector databases and similarity search mechanisms.
 - Familiar with Docker and Kubernetes for containerized deployment and scaling.
 - Experience with Dify platform or similar AI workflow/orchestration tools is an advantage.
 - Strong understanding of prompt engineering, context injection, and techniques to minimize hallucinations in AI systems.
 - Experience with API development and system integration using frameworks such as Django or FastAPI.
 - Familiar with CI/CD pipelines, version control (Git), and Agile methodologies.
 - Strong problem-solving, analytical, and communication skills, with the ability to work across cross-functional teams.",,2026-08-11T02:01:14.017048+00:00,2026-08-11T02:01:44.381168+00:00,2026-10-09T16:00:00+00:00,2026-09-04T03:12:37.544726+00:00,True,False,False,public,2026-09-11T11:16:56+00:00
271025,Jr. Network and Computer System Associate,jr-network-and-computer-system-associate-3,https://www.kalibrr.com/c/multisys-technologies-corporation/jobs/271025/jr-network-and-computer-system-associate-3,Multisys Technologies Corporation,multisys-technologies-corporation,Information Technology / IT,https://www.multisyscorp.com/,True,IT and Software,Full time,1,200,0,550,False,True,False,Parañaque,Metro Manila,Philippines,"#14, Mt. of Olives St, Moonwalk, Parañaque, Metro Manila, Philippines",14.47121,121.02198,True,,,,,"Job Summary:
The Jr. Network and Computer System Associate is responsible for providing support and maintenance for the organization's network and computer systems. This includes managing the network infrastructure, maintaining servers and workstations, and troubleshooting technical issues. Moreover, this role is also responsible for providing technical support to employees, troubleshooting technical issues, application installation, computer and laptop set up, and managing user accounts.","Qualifications:
 - Bachelor's degree in computer science or related field.
 - 1-2 years of experience in network and system administration.
 - Strong understanding of networking and systems concepts.
 - Ability to troubleshoot and resolve technical issues.
 - Strong understanding of operating systems, including Windows, Linux, and macOS.
 - Ability to configure and manage network devices such as routers, switches, and firewalls.
 - Excellent communication and interpersonal skills.
 - Ability to work independently and as part of a team.",,2026-08-11T02:19:47.106996+00:00,2026-08-11T02:20:54.791848+00:00,2026-09-29T16:00:00+00:00,2026-09-10T09:38:25.263001+00:00,True,False,False,public,2026-09-11T11:13:49+00:00
271026,Department Secretary,department-secretary-3,https://www.kalibrr.com/c/ateneo-de-manila-university-1/jobs/271026/department-secretary-3,Ateneo de Manila University,ateneo-de-manila-university-1,Higher Education / Academia,http://www.ateneo.edu/,True,Administration and Coordination,Full time,1,200,0,550,False,False,False,Quezon City,Metro Manila,Philippines,"Katipunan Ave, Loyola Heights, Quezon City, Metro Manila, Philippines",14.67297,121.04949,True,,,,,"The Department Secretary provides frontline, administrative, and office management support in the day-to-day operations of the Department of Information Systems and Computer Science in the School of Science and Engineering.
Main Duties and Responsibilities
I. Frontline and Secretarial Support
 - Attends to inquiries and requests from stakeholders and visitors regarding graduate programs, undergraduate and minor programs, and specializations offered by the Department from various communication channels (e.g., face-to-face, online, phone, office email) and coordinates the flow of information internally and with other offices concerned
 - Oversees and manages the calendar, meeting, and appointment schedules of the Chair
 - Monitors and manages the usage and reservations of the DISCS laboratories and facilities
 - Takes minutes of meetings to document significant and important points
II. Resource Management Support
 - Serves as the main custodian for all office equipment, resources, and supplies
 - Assists the Chair in preparing the budget proposal of the department for the fiscal year, and initially drafts the budget reports based on the Department’s financial trends and needs
 - Assists in overseeing the physical upkeep of the office, ensuring that supplies, fixtures, and equipment are replenished, properly stored, and in good condition
 - Oversees the proper receipt, storage, and distribution of supplies, ensuring that items are securely stored, easily accessible, and appropriately tracked
 - Prepares and submits the purchase requests to the Central Purchasing Office (CPO) and receives/checks items upon delivery
 - Maintains cleanliness and physical upkeep of the office
III. Academic and Program Support
 - Assists the Chair, Associate Chair, and Department Coordinators in handling student services and in ensuring the smooth flow of academic procedures according to the guidelines set by the University
 - Prepares faculty-related documents (e.g., Advance Approval for Employment, Advance Consolidated List for Full-time/Part-time, Third Summer Leave, Waiver Requests)
 - Provides administrative support for faculty application and onboarding processes
IV. Coordination and Logistical Support
 - Handles coordination and logistical support requirements for meetings and activities headed/organized by the Office
 - Prepares materials and coordinates venue reservations, transportation, meals, equipment, souvenirs, and guest arrangements (e.g., parking slots, entry, egress, etc.) for office visitors
V. Data and Records Management Support
 - Oversees the safekeeping and organization of all department documents and official records
 - Drafts department periodic reports for review of the Chair
 - Monitors departmental compliance with all the requirements from the Office of the University Registrar (OUR), Office of the Dean, and other University offices
 - Prepares, collates, and checks faculty requirements for endorsement to the appropriate offices
 - Gathers and prepares documentation for submission to accrediting agencies, government and private institutions, and related projects or committees
 - Maintains data and records of faculty and students (e.g., faculty personnel and teaching records/files, evaluations; student applications, grades, personal details; etc.), in accordance with the University’s Data Privacy policies and guidelines on confidentiality
VI. Performs other duties as may be assigned by the immediate supervisor, or any authorized representative","Knowledge, Skills, and Abilities:
 - Secretarial and Administrative Support: Knowledge of administrative and office procedures and systems such as word processing, managing files and records, designing forms, and workplace terminology
 - Bookkeeping Principles and Procedures: Demonstrates basic knowledge of simple bookkeeping tasks such as recording daily transactions, organizing financial documents, and following prescribed procedures for handling funds
 - Technological Savvy: Demonstrates proficiency in Microsoft Office applications and other Internet applications
 - Customer Service Skills: Ability to understand client perspectives and respond to their needs with urgency and serious attention
 - Communication Proficiency: Demonstrates excellent oral and written communication skills, effectively conveying information and ideas
 - Records Management Skills: Ability to manage files and records, take minutes and documentation, and keep matters confidential
 - Coordination Skills: Ability to proactively coordinate, mediate, and manage actions in relation to others
 - Time Management Skills: Ability to use one’s time and resources efficiently and effectively
Education and Experience Requirements:
 - Bachelor’s Degree
 - With at least three (3) years of relevant experience",,2026-08-11T02:31:29.983048+00:00,2026-08-20T03:45:34.120734+00:00,2026-10-09T16:00:00+00:00,2026-09-09T05:27:02.309679+00:00,True,False,False,public,2026-09-11T11:14:14+00:00
271066,Program Manager,program-manager-2,https://www.kalibrr.com/c/ncs-philippines/jobs/271066/program-manager-2,NCS Philippines Inc. ,ncs-philippines,Information Technology / IT,https://www.ncs.co,True,IT and Software,Full time,3,500,0,550,False,True,False,Taguig,Metro Manila,Philippines,"7th Floor, Fort Bonifacio, Taguig, Metro Manila, Philippines",14.51258,121.05878,True,,,,,"The Role
As a Program Manager at NCS Philippines, you will be responsible for leading and managing complex, high-profile technology programs that deliver significant business impact. This is a strategic role that requires you to align programs with the overall organisational objectives, manage multi-disciplinary teams, and ensure the successful delivery of innovative solutions. Working in our dynamic, fast-paced environment, you will play a pivotal part in driving the company's technology transformation agenda.
 - Key Responsibilities
 - Provide leadership and oversight for the full program lifecycle, from initiation to closure
 - Develop comprehensive program plans, including scope, schedule, budget, and resource requirements
 - Establish and maintain effective governance structures to ensure programs are delivered on time, within budget, and to the expected quality standards
 - Manage program risks and issues, and implement appropriate mitigation strategies
 - Lead and motivate cross-functional teams, fostering collaboration and accountability
 - Communicate program status and performance to key stakeholders, including senior leadership
 - Identify and implement process improvements to enhance program delivery capabilities
 - Provide mentorship and guidance to more junior program management professionals","What We're Looking For
 - Extensive experience (5+ years) in leading large-scale, complex technology programs in a fast-paced, agile environment
 - Proven track record of delivering mission-critical programs that drive business value
 - Strong program management skills, including project planning, resource allocation, risk management, and stakeholder engagement
 - Excellent communication and interpersonal skills, with the ability to influence and collaborate with cross-functional teams
 - Familiarity with Agile and traditional project management methodologies
 - Degree in Computer Science, Engineering, or a related technical field
 - Relevant certifications (e.g., PMP, Prince2) are highly desirable",,2026-08-11T08:21:14.180132+00:00,2026-08-11T08:23:11.158993+00:00,2026-09-19T16:00:00+00:00,2026-09-10T11:54:12.927817+00:00,True,False,False,public,2026-09-11T11:15:36+00:00
271106,System Analyst,system-analyst-4,https://www.kalibrr.com/c/multisys-technologies-corporation/jobs/271106/system-analyst-4,Multisys Technologies Corporation,multisys-technologies-corporation,Information Technology / IT,https://www.multisyscorp.com/,True,IT and Software,Contractual,2,300,0,550,False,True,False,Parañaque,Metro Manila,Philippines,"#14, Mt. of Olives St, Moonwalk, Parañaque, Metro Manila, Philippines",14.47121,121.02198,True,,,,,"A System Analyst (SA) analyzes user requirements, procedures, and problems to automate or improve existing systems and review computer system capabilities, workflow, and scheduling limitations. Further, an SA is responsible for maintaining and improving computer systems for an organization and its clients. SA is often required to work outside standard hours to oversee upgrades and fixes, ensuring there is minimal interruption to business as usual.","- Bachelor's degree in Computer Science, Information Technology, Business Administration or similar field.
 - With at leaast 1-year experience in system analysis
 - Proven experience in the following:
 - Jira
 - Draw. io
 - Microsoft programs
 - Google applications",,2026-08-12T02:56:38.308267+00:00,2026-09-02T02:50:01.983323+00:00,2026-09-30T16:00:00+00:00,2026-09-11T06:41:21.188371+00:00,True,False,False,public,2026-09-11T11:13:55+00:00
271110,Associate Product and Delivery Manager,associate-product-and-delivery-manager,https://www.kalibrr.com/c/elinnov-software-solutions/jobs/271110/associate-product-and-delivery-manager,"Elinnov Technologies, Inc.",elinnov-software-solutions,Information Technology / IT,http://www.elinnov.com,True,IT and Software,Full time,2,300,0,550,False,True,False,Taguig,Metro Manila,Philippines,"Taguig, 10-1, Philippines, Metro Manila, 25th St, Fort Bonifacio",14.51258,121.05878,True,30000,50000,PHP,month,"The Associate Product and Delivery Manager supports the end-to-end planning, execution, and delivery of digital products, software projects, and operational initiatives. You will work closely with clients, business stakeholders, developers, quality assurance engineers, technical leads, and other cross-functional teams. The role requires strong ownership, structured problem-solving, effective stakeholder communication, and the ability to identify and escalate delivery risks before they affect committed timelines or outcomes.
Key Responsibilities
1. Product and Business Analysis
 - Gather, analyze, clarify, and document business and product requirements from internal and external stakeholders.
 - Translate business requirements into structured user stories, acceptance criteria, process flows, and functional documentation.
 - Support backlog creation, refinement, prioritization, and maintenance in coordination with product, delivery, and technical teams.
 - Conduct basic product, process, user, and competitor research to support product decisions and recommendations.
 - Participate in solution discussions to ensure that proposed implementations address the intended business objectives.
 - Support the preparation and maintenance of product and delivery documentations.
2. Project Planning and Delivery Management
 - Independently manage assigned projects, workstreams, or major initiatives from planning through implementation and closure.
 - Develop and maintain delivery plans, timelines, milestones, action items, dependencies, and completion criteria.
 - Coordinate meetings, and Agile delivery activities.
 - Track deliverables and commitments across development, quality assurance, infrastructure, data, and business teams.
 - Support project closure by ensuring that required approvals, completion documents, and outstanding actions are properly addressed.
3. Stakeholder Communication and Coordination
 - Serve as a coordination point for assigned projects and initiatives.
 - Facilitate discussions between business stakeholders, clients, and internal teams.
 - Communicate project status, risks, blockers, dependencies, decisions, and changes in a clear and timely manner.
 - Manage stakeholder expectations by aligning scope, timelines, priorities, responsibilities, and delivery constraints.
 - Prepare meeting agendas, minutes, action trackers, project updates, executive summaries, and status reports.
 - Follow through on decisions and ensure that agreed actions are assigned, documented, and completed.
 - Handle disagreements and delivery conflicts professionally through clear communication, objective assessment, and structured resolution.
4. Risk, Issue, and Change Management
 - Maintain visibility over project risks, issues, assumptions, and dependencies.
 - Anticipate risks that may affect scope, schedule, quality, cost, or stakeholder expectations.
 - Develop and track appropriate mitigation and contingency actions.
 - Coordinate the resolution of project issues by identifying owners, deadlines, impacts, and next steps.
 - Support the assessment and documentation of change requests, including business justification, scope impact, delivery impact, risks, and dependencies.
5. Process Improvement and Operational Excellence
 - Identify opportunities to improve project governance, delivery workflows, reporting, documentation, and team coordination.
 - Use automation, artificial intelligence, and productivity tools where appropriate to improve quality, efficiency, consistency, and traceability.
 - Participate in retrospectives, knowledge-sharing activities, and continuous-improvement initiatives.","- Bachelor's degree in Information Technology, Computer Science, Engineering, Business Administration, Management, or a related field, or equivalent professional experience.
 - At least 1-3 years of relevant experience in project management or coordination, product management or product operations, business analysis, software delivery, technology consulting, quality assurance, or implementation coordination.
 - Experience supporting or independently managing a project, major initiative, or workstream from planning through completion.
 - Experience working with cross-functional software development teams.
 - Experience coordinating stakeholders and managing project issues, delivery delays, or changing requirements.
 - Practical experience with Agile or Scrum-based delivery environments.",,2026-08-12T03:48:32.126027+00:00,2026-08-12T03:49:48.022094+00:00,2026-10-10T16:00:00+00:00,2026-09-10T09:35:58.432739+00:00,True,False,False,public,2026-09-11T11:15:50+00:00
271112,Project Support Internship,project-support-internship-2,https://www.kalibrr.com/c/global-talentlytica/jobs/271112/project-support-internship-2,Talentlytica ,global-talentlytica,Human Resources / HR,http://www.talentlytica.com,True,Administration and Coordination,Full time,1,200,0,550,True,False,True,South Jakarta,DKI Jakarta,Indonesia,"Plaza 89 Lantai 12 Unit 1207, 6, RT01/RW02, Jalan H R Rasuna Said, Karet Kuningan Kel., Setia Budi, South Jakarta, DKI Jakarta, Indonesia",-6.17147,106.82649,True,,,,,"- Provide technical support to participants, assessors, and client admins.
 - Ensure operational excellence in administering Talentlytica dashboard for clients
 - Act as the go-to person for handling issues raised by assessors or client admins
 - Provide standby support for technical troubleshooting
 - Aid in the implementation of collaborative activities with partners/customers.
 - Monitor project progress and performance metrics, reporting any issues or concerns to the project team.
 - Conduct training sessions for participants and assessors on our platform and tools.
 - The position offers the flexibility to work from anywhere but will require onsite presence as needed.","- Fresh graduate or final-year student majoring in Psychology
 - Domiciled in Jabodetabek
 - Experience in handling customer inquiries and providing technical guidance is a plus.
 - High computer literacy and ability to learn new software.
 - Familiar data processing using Microsoft Excel/Google Spreadsheet formula (sumif, countif, vlookup, index match)
 - Demonstrate effective, clear and professional communication
 - Strong problem-solving skills and ability to work under pressure
 - Should be equipped with the appropriate devices to support remote work effectively",,2026-08-12T04:24:10.591457+00:00,2026-08-12T04:28:52.323079+00:00,2026-10-10T17:00:00+00:00,2026-09-11T08:35:48.622894+00:00,True,False,False,public,2026-09-11T11:23:01+00:00
271122,HR Data Scientist,hr-data-scientist,https://www.kalibrr.com/c/aboitiz-power-corporation/jobs/271122/hr-data-scientist,AboitizPower,aboitiz-power-corporation,Oil / Energy / Solar / Greentech,https://careers.aboitizpower.com,True,Human Resources,Full time,1,300,0,550,False,True,False,Makati,Metro Manila,Philippines,"Makati, Metro Manila, Philippines",14.55491,121.03512,True,,,,,"As HR Data Scientist, you will be accountable for the accuracy, reliability, and mathematical soundness of company's people metrics, which directly inform decision-making by HR leadership and the Management Committee; directly contributing to transforming energy for a better world. Operating within the Total Rewards & Technology team, you will work closely with HR Centers of Excellence, Business Group HR leaders, and the HR Technology team to ensure people data is captured accurately at the source and transformed into reporting and insights leaders can trust.
The HR Data Scientist requires deep fluency in HR metrics, precision, and a strong sense of data stewardship, where analytical thinking, attention to detail, and clear communication are crucial. As company's people data infrastructure matures, you will develop and drive the roadmap toward predictive people analytics, including workforce trend analysis and data-driven insights that support strategic workforce decisions.","Power your future with AboitizPower.
As HR Data Scientist, you will be accountable for the accuracy, reliability, and mathematical soundness of company's people metrics, which directly inform decision-making by HR leadership and the Management Committee; directly contributing to transforming energy for a better world. Operating within the Total Rewards & Technology team, you will work closely with HR Centers of Excellence, Business Group HR leaders, and the HR Technology team to ensure people data is captured accurately at the source and transformed into reporting and insights leaders can trust.
In This Role, Your Responsibilities Will Be:
 - Own the accuracy, completeness, and consistency of the full suite of HR and people metrics across the organization, used in leadership and Management Committee decision-making.
 - Manage the HR metrics reporting calendar, delivering people data on time to HR leadership and the HR Centers of Excellence.
 - Partner with the HR Technology team to ensure HR systems, primarily SuccessFactors Employee Central, capture complete and accurate data at the source, resolving data gaps and integrity risks so that metrics require little to no manual intervention.
 - Design, maintain, and continuously improve dashboards, scorecards, and reports for HR leadership and Business Group HR leaders.
 - Conduct analyses of HR metrics such as engagement, turnover, recruitment, performance, and total rewards to identify trends, patterns, and correlations.
 - Collaborate with HR leaders and stakeholders to identify data-driven challenges and opportunities, and develop analytical solutions to address them.
To Succeed In This Role, We Need Someone Who Has:
 - A Bachelor's degree in Statistics, Mathematics, Management Engineering, Industrial Engineering, Data Science, Psychology, or a related field
 - At least 5 years of experience in HR analytics, people analytics, business intelligence, or a related data function
 - Demonstrated experience with HRIS platforms, preferably SuccessFactors Employee Central, including an understanding of how system inputs and configuration affect data quality and reporting outputs
 - Hands-on experience building dashboards and reports in visualization or BI tools
 - Expert-level attention to detail and data accuracy, with the ability to communicate findings clearly to non-technical audiences
Our Culture & Commitment to You: Powering Your Future
At AboitizPower, we honor you not just as a professional, but as a person. Our promise is to provide a workplace where you can thrive through:
 - Powered by People: We value your unique identity and ensure you feel supported, trusted, and empowered.
 - Own Your Growth: Learn, grow, and advance through mentorship, leadership opportunities, and meaningful learning experiences.
 - Why We Work: Purpose is part of every job here. Your efforts directly contribute to community upliftment, sustainability, and shaping the future of energy.
 - Empowering Culture: Bring your full self to a workplace grounded in belonging and collaboration.
 - Recognition that Matters: We celebrate both visible milestones and steady efforts, honoring the dedication you bring to our mission.
About Us
AboitizPower is the holding company for the Aboitiz Group’s investments in power generation, distribution, and retail electricity services. We are among the largest power producers in the Philippines, with a balanced portfolio of assets located across the country. We are also a major producer of renewable energy, with several hydroelectric, geothermal, and solar power generation facilities.
Together, let’s power your future.",,2026-08-12T06:01:24.733152+00:00,2026-08-12T06:01:31.018757+00:00,2026-10-10T16:00:00+00:00,2026-09-10T08:47:34.449144+00:00,True,False,False,public,2026-09-11T11:22:11+00:00
271142,Sales Field Associate Iloilo,sales-field-associate-iloilo,https://www.kalibrr.com/c/ardent-world-inc/jobs/271142/sales-field-associate-iloilo,Ardent World Inc.,ardent-world-inc,Consumer Goods,https://www.linkedin.com/company/ardent-world-inc/,True,Sales and Marketing,Full time,1,200,0,550,False,False,False,Iloilo City,Iloilo,Philippines,"Iloilo City, Iloilo, Philippines",10.73698,122.53824,True,,,,,"Join Our Talent Community
There’s a whole world of opportunities in front of you.
Our Purpose
We are an FMCG company in the business of personal care and retail vanity products, driven by a passion to bring quality and affordable skincare solutions to everyone. We combine innovation, science, and data-driven insights to develop products that deliver real, visible results.
A World of Opportunities
Professionals in our talent community share a passion for excellence and thrive in a fast-paced environment with the following qualities:
 - Goal-driven mindset;
 - Firm understanding of business and economics to develop strategies and grow the business;
 - Strong creative and problem-solving skills;
 - Strong management and leadership skills: able to get the best of people and inspire them to follow
 - Excellent communication skills: can interact with different organizational levels;
 - Learning attitude: to keep up with the digital transformation of the organization.
Essential Job Functions:
 - Responsible for monitoring sales based on target set.
 - Do field work with the Distributor Salesman.
 - Assist Area Sales Manager or Area Sales Specialist in opening new accounts.
 - Oversee Sales Promodisers.
 - Monitors per store inventory.
 - Gather relevant data from competition.
 - Maintain and update relevant records.","Professional Experience and Required Qualifications:
 - Candidate must be at least Bachelor’s/College degree in Marketing/Entrepreneurial/Management or any related course.
 - Experience of at least 1-2 years in sales and consumer industry.
 - Can interact with all levels of the organization.
 - Must be a critical thinker, proactive, and with good communication skills.
 - Knowledge in MS Office applications is an advantage.",,2026-08-12T09:16:14.238196+00:00,2026-08-12T09:16:20.354401+00:00,2026-10-10T16:00:00+00:00,2026-08-30T15:10:05.622445+00:00,True,False,False,public,2026-09-11T11:18:21+00:00
271200,Front End Software Engineer,front-end-software-engineer-3,https://www.kalibrr.com/c/multisys-technologies-corporation/jobs/271200/front-end-software-engineer-3,Multisys Technologies Corporation,multisys-technologies-corporation,Information Technology / IT,https://www.multisyscorp.com/,True,IT and Software,Contractual,3,200,0,550,False,True,False,Parañaque,Metro Manila,Philippines,"#14, Mt. of Olives St, Moonwalk, Parañaque, Metro Manila, Philippines",14.47121,121.02198,False,30000,50000,PHP,month,"Job Summary:
A Front-End Software Engineer is responsible for implementing visual and interactive elements that users engage with through their web browser when using a web application. Works with UI/UX designers to bridge the gap between graphical design and technical implementation. S/He is able to demonstrate hands-on experience in using current trends and best practices in front-end architecture, including performance optimization, accessibility, and usability.
Duties and Responsibilities:
 - Discusses user interface ideas and applications with the development team;
 - Develops functional and appealing web-based applications based on usability;
 - Ensures the technical feasibility of UI/UX designs;
 - Implements responsible web design principles to ensure that the application renders well across multiple devices;
 - Documents application changes and developing updates;
 - Performs other related tasks that may be assigned; and
 - Participates in the company activities.","- Bachelor’s degree in Computer Science, Information Technology, or similar field
 - With at least 3-year experience in front-end web development
 - Knowledgeable in version control systems such as Git
 - Strong knowledge of the CSS framework (Bootstrap, Tailwind)
 - Experienced in the following:
 - JavaScript (e.g. ES6)
 - NodeJS
 - ReactJS (Hooks)
 - Redux
 - React Router
 - REST API (Axios, Fetch, RXjs, etc.)
 - CSS (Mobile responsive design)",,2026-08-13T08:55:32.058869+00:00,2026-08-13T08:56:01.583868+00:00,2026-09-19T16:00:00+00:00,2026-09-10T03:48:13.448572+00:00,True,False,False,public,2026-09-11T11:15:07+00:00
271216,Accounting & Finance OJT,accounting-finance-ojt,https://www.kalibrr.com/c/questronix-corporation/jobs/271216/accounting-finance-ojt,Questronix Corporation,questronix-corporation,Information Technology / IT,https://questronix.com.ph/,True,IT and Software,Full time,1,200,0,550,False,True,False,Makati,Metro Manila,Philippines,"178 Yakal St. Brgy. San Antonio, Makati, Metro Manila, Philippines",14.55491,121.03512,True,,,,,"1. NetSuite Form Customization and Development 
 - Assist in the customization and enhancement of NetSuite forms using HTML. 
 - Modify existing forms based on operational and accounting requirements. 
 - Create new forms within the NetSuite environment. 
 - Apply and maintain HTML code for form formatting and layout improvements. 
 - Coordinate with Accounting Officers and team members to gather requirements and implement enhancements. 
 - Participate in testing and validation of newly created or modified forms. 
2. Microsoft Power Apps and Power Automate Development 
 - Support the maintenance and enhancement of existing Power Apps applications. 
 - Implement application updates to improve user experience and efficiency. 
 - Assist in developing workflow automations using Power Automate. 
 - Help identify opportunities for process improvements through automation. 
 - Create new applications and automation solutions under the supervision of the Systems Team. 
 - Conduct testing and documentation of developed applications and workflows. 
3. Data Entry and System Support 
 - Perform accurate data entry and data maintenance activities in company systems. 
 - Assist in updating and maintaining records in the Cost Application (MARGA Application). 
 - Support data validation and reconciliation tasks. 
 - Prepare, update, and maintain Excel-based reports, templates, and databases. 
 - Ensure completeness and accuracy of information entered into systems. 
Reports and Accountable To
 - Senior General Accounting Officer & Team Lead 
 - Accounting and Finance Managers","- Currently pursuing a Bachelor's Degree in Information Technology, Computer Science, Information Systems, Accountancy, Business Analytics, or related field. 
 - Basic knowledge of HTML, Excel, and database concepts. 
 - Familiarity with Microsoft Power Platform is an advantage. 
 - Strong attention to detail and willingness to learn. 
 - Good communication and teamwork skills. 
 - Ability to manage multiple tasks and meet deadlines.",,2026-08-14T00:59:57.545011+00:00,2026-08-14T01:00:02.683297+00:00,2026-09-12T16:00:00+00:00,2026-09-04T02:24:48.073516+00:00,True,False,False,public,2026-09-11T11:14:26+00:00
271344,Talent Management Manager,talent-management-manager,https://www.kalibrr.com/c/aboitiz-power-corporation/jobs/271344/talent-management-manager,AboitizPower,aboitiz-power-corporation,Oil / Energy / Solar / Greentech,https://careers.aboitizpower.com,True,Human Resources,Full time,1,400,0,550,False,True,False,Makati,Metro Manila,Philippines,"Makati, Metro Manila, Philippines",14.55491,121.03512,True,,,,,"As Talent Management Manager, you will be responsible for driving the organization’s talent strategy by optimizing overall Talent Management, Learning and Development (L&D) strategy and process execution governance. As the center of excellence (CoE), the manager ensures alignment of talent strategies with business objectives while preparing the workforce for future needs.
The role involves staying abreast of industry trends, benchmarking best practices, and forecasting talent requirements for the next 3-5 years to drive workforce planning strategies and continuous development. This position leads the implementation and optimization of talent strategies to build a high-performance culture that supports both current and future business success. And contribute directly to transforming energy for a better world. You will work closely with the People and Organizational Development Team to deliver results, create positive community impact, and develop your skills in a supportive, purpose-driven environment.","Power your future with AboitizPower.
As Talent Management Manager, you will be responsible for driving the organization’s talent strategy by optimizing overall Talent Management, Learning and Development (L&D) strategy and process execution governance. As the center of excellence (CoE), the manager ensures alignment of talent strategies with business objectives while preparing the workforce for future needs. 
In This Role, Your Responsibilities Will Be:
 - Talent Management Excellence
 - Learning and Development Strategy
 - Performance Management Optimization
 - Strategic and Operational Workforce Planning
 - Cross-Functional Collaboration 
 - Data-Driven Insights and Continuous Improvement
 - Change Management and Stakeholder Engagement
To Succeed in this Role, we need someone who:
 - Strategic Workforce Planning: Develops and implements long-term strategies to build and maintain a skilled, future-ready workforce.
 - Data-Driven Decision-Making: Uses analytics to guide decisions on talent management, learning, and performance improvement.
 - Leadership and Influence: Works closely with senior leaders to align talent strategies with business goals and ensure organizational success.
 - Performance Optimization: Creates and optimizes systems to drive high performance across all levels of the organization.
What You Will Need:
 - Education & Experience:
 - Bachelor’s degree in Psychology, Behavioral Sciences, Education or other related discipline
 - Professional: At least 10 years of experience in talent management, workforce planning, learning and development, or HR business partnering, including 3+ years in a managerial or performing leadership role. Proven experience in designing and implementing strategic talent management and workforce planning programs in large, complex organizations. 
 - Fundamental understanding of benchmarking, industry best practices, and using data to drive talent decisions. Strong understanding of future workforce trends, labor market dynamics, and organizational readiness.
 - Excellent communication and interpersonal skills, with the ability to influence senior leaders and cross-functional teams.
Our Culture & Commitment to You: Powering Your Future
At AboitizPower, we honor you not just as a professional, but as a person. Our promise is to provide a workplace where you can thrive through:
 - Powered by People: We value your unique identity and ensure you feel supported, trusted, and empowered.
 - Own Your Growth: Learn, grow, and advance through mentorship, leadership opportunities, and meaningful learning experiences.
 - Why We Work: Purpose is part of every job here. Your efforts directly contribute to community upliftment, sustainability, and shaping the future of energy.
 - Empowering Culture: Bring your full self to a workplace grounded in belonging and collaboration.
 - Recognition that Matters: We celebrate both visible milestones and steady efforts, honoring the dedication you bring to our mission.
About Us
AboitizPower is the holding company for the Aboitiz Group’s investments in power generation, distribution, and retail electricity services. We are among the largest power producers in the Philippines, with a balanced portfolio of assets located across the country. We are also a major producer of renewable energy, with several hydroelectric, geothermal, and solar power generation facilities.
Together, let’s power your future.",,2026-08-18T05:10:34.201636+00:00,2026-08-18T05:10:37.817021+00:00,2026-10-16T16:00:00+00:00,2026-08-19T06:18:43.333456+00:00,True,False,False,public,2026-09-11T11:22:54+00:00
271353,Associate OT Security Officer,associate-ot-security-officer,https://www.kalibrr.com/c/aboitiz-power-corporation/jobs/271353/associate-ot-security-officer,AboitizPower,aboitiz-power-corporation,Oil / Energy / Solar / Greentech,https://careers.aboitizpower.com,True,IT and Software,Full time,1,300,0,550,False,True,False,Makati,Metro Manila,Philippines,"Makati, Metro Manila, Philippines",14.55491,121.03512,True,,,,,"As an Associate OT Security Officer, you will assists the OT Security Officer by performing company wide enterprise level technical analysis, design, and monitoring of security control operations and performance covering OT networks, systems and assets which are aligned with established internal & government mandated policies, guidelines & standards and industry accepted cybersecurity frameworks e.g. NIST Cyber Security Framework (CSF), IEC 62443, NERC CIP, etc. and contribute directly to transforming energy for a better world. You will work closely with the team to deliver results, create positive community impact, and develop your skills in a supportive, purpose-driven environment.","Power your future with AboitizPower.
As an Associate OT Security Officer, you will assists the OT Security Officer by performing company wide enterprise level technical analysis, design, and monitoring of security control operations and performance covering OT networks, systems and assets which are aligned with established internal & government mandated policies, guidelines & standards and industry accepted cybersecurity frameworks e.g. NIST Cyber Security Framework (CSF), IEC 62443, NERC CIP, etc. and contribute directly to transforming energy for a better world. 
In This Role, Your Responsibilities Will Be:
 - OT Security - Assists in creation of, and executes OT Security roadmap as agreed with the manager.
 - Assists in incident response and recovery.
 - Assists in review, planning and mitigation of outstanding security audit findings across business units.
 - Performs other related duties and responsibilities that may be assigned by the TL
To Succeed in this Role, we need someone who:
 - Stakeholder Management
 - Project Management
 - Industrial Systems & IoT Expertise
 - Network Security
 - Application Security
 - Asset, Data & Identity Protection
What You Will Need:
 - Education & Experience:
 - Bachelor’s degree in Electronics Engineering (ECE), Electrical Engineering (EE), Computer Engineering (CoE), Computer Science, Information System/Technology or related field.
 - Professional: Three (3) to five (5) years of experience in managing and maintaining OT software and network systems.
 - Knowledge of Industrial Control Systems & network systems, basic cyber controls,risk management
 - Knowledge of OT security controls from common industry frameworks (IEC 62443, NERC CIP, NIST)
 - Technical / Functional Skills:
 - License Preferred: A board passer or holder of a license/certification related to the job function.
 - Certifications: Relevant cybersecurity certifications are preferred, such as:
 - CompTIA Security+
 - GICSP (Global Industrial Cyber Security Professional)
 - ISA/IEC 62443 certifications
 - CISSP
 - CISM
 - GIAC certifications
 - Other OT/ICS security-related certifications
 - Required: ISC2 CC
Our Culture & Commitment to You: Powering Your Future
At AboitizPower, we honor you not just as a professional, but as a person. Our promise is to provide a workplace where you can thrive through:
 - Powered by People: We value your unique identity and ensure you feel supported, trusted, and empowered.
 - Own Your Growth: Learn, grow, and advance through mentorship, leadership opportunities, and meaningful learning experiences.
 - Why We Work: Purpose is part of every job here. Your efforts directly contribute to community upliftment, sustainability, and shaping the future of energy.
 - Empowering Culture: Bring your full self to a workplace grounded in belonging and collaboration.
 - Recognition that Matters: We celebrate both visible milestones and steady efforts, honoring the dedication you bring to our mission.
About Us
AboitizPower is the holding company for the Aboitiz Group’s investments in power generation, distribution, and retail electricity services. We are among the largest power producers in the Philippines, with a balanced portfolio of assets located across the country. We are also a major producer of renewable energy, with several hydroelectric, geothermal, and solar power generation facilities.
Together, let’s power your future.",,2026-08-18T07:26:06.984717+00:00,2026-08-18T07:26:27.988317+00:00,2026-10-16T16:00:00+00:00,2026-08-19T04:10:43.813607+00:00,True,False,False,public,2026-09-11T11:18:07+00:00
271381,Product Innovation Specialist,product-innovation-specialist,https://www.kalibrr.com/c/qne-software-philippines-inc/jobs/271381/product-innovation-specialist,"QNE Software Philippines, Inc.",qne-software-philippines-inc,Information Technology / IT,https://qne.cloud/ph/,True,IT and Software,Full time,1,200,0,550,False,False,False,Makati,Metro Manila,Philippines,"Makati, Metro Manila, Philippines",14.55491,121.03512,True,,,,,"- 
 Gather, analyze, and document business and functional requirements from customers and internal stakeholders.
 - 
 Conduct product research, competitor benchmarking, and market trend analysis to identify product and UX improvement opportunities.
 - 
 Prepare Functional Specifications, User Stories, Business Process Flows, and Acceptance Criteria.
 - 
 Create and manage work items in Azure DevOps for product enhancements and new features.
 - 
 Collaborate with consultants, R&D, and Product teams to refine requirements and evaluate customer enhancement requests.
 - 
 Participate in product planning, backlog refinement, and feature prioritization activities.
 - 
 Assist in evaluating customer enhancement requests based on business value and product strategy.
 - 
 Support proof-of-concept discussions and validate proposed business solutions before development.
 - 
 Perform any other tasks as required by the Company.","- Open to candidates with a Bachelor's degree in Computer Science, Information Technology, or equivalent.
 - 1–3 years of relevant experience in Business Analysis, Product Management, Functional Consulting, or similar roles
 - Strong analytical, problem-solving, and communication skills
 - Experience with requirements documentation, User Stories, and Acceptance Criteria
 - Familiarity with Azure DevOps, Jira, UI/UX, process mapping, and AI tools is a plus
 - Fast learner with strong business acumen and willingness to understand ERP & accounting workflows",,2026-08-19T02:15:55.003201+00:00,2026-08-19T03:45:11.104944+00:00,2026-10-17T16:00:00+00:00,2026-08-19T03:45:10.839937+00:00,True,False,False,public,2026-09-11T11:14:59+00:00
271382,Product Solutions Specialist,product-solutions-specialist,https://www.kalibrr.com/c/qne-software-philippines-inc/jobs/271382/product-solutions-specialist,"QNE Software Philippines, Inc.",qne-software-philippines-inc,Information Technology / IT,https://qne.cloud/ph/,True,IT and Software,Full time,1,200,0,550,False,False,False,Makati,Metro Manila,Philippines,"Makati, Metro Manila, Philippines",14.55491,121.03512,True,,,,,"- 
 Research, evaluate, and implement emerging AI technologies to improve product innovation and internal productivity.
 - 
 Develop rapid prototypes, proofs-of-concept, and lightweight applications using AI-assisted development tools.
 - 
 Build and maintain internal productivity and customer companion applications.
 - 
 Design workflow automations and API integrations using modern development platforms.
 - 
 Collaborate with the Product teams to transform business requirements into functional prototypes.
 - 
 Evaluate the technical feasibility of new product ideas and recommend implementation approaches.
 - 
 Improve development processes, digital innovation initiatives, and experimentation through AI and automation.
 - 
 Maintain and continuously enhance AI-developed applications based on business needs.
 - 
 Perform any other tasks as required by the Company.","- 
 Open to candidates with a Bachelor's degree in Computer Science, Information Technology, or equivalent.
 - 
 1–3 years’ experience in software development, automation, or AI-assisted development
 - 
 Experience building web apps, workflows, or productivity solutions
 - 
 Familiarity with AI tools such as Cursor, ChatGPT, or GitHub Copilot
 - 
 Basic knowledge of HTML, CSS, JavaScript, SQL, and REST APIs
 - 
 Ability to quickly prototype business ideas into working solutions, with a passion for AI and emerging technologies",,2026-08-19T02:24:49.445509+00:00,2026-08-19T02:27:36.899048+00:00,2026-10-17T16:00:00+00:00,2026-08-19T02:27:36.866164+00:00,True,False,False,public,2026-09-11T11:15:21+00:00
271468,Food Technologist,food-technologist-3,https://www.kalibrr.com/c/eurofragance-philippines-inc/jobs/271468/food-technologist-3,CRT Aroma Philippines Inc.,eurofragance-philippines-inc,Fragrances and Flavours,http://www.crtaroma.com,True,Manufacturing and Production,Full time,1,300,0,550,False,False,False,Parañaque,Metro Manila,Philippines,"CRT Building, 8402, Dr. A. Santos Ave, B. F. Homes, Parañaque, Metro Manila, Philippines",14.47121,121.02198,True,,,,,"- Conduct sensory and panel testing for product development and evaluation, including flavour, colour, taste, texture, and other product attributes.
 - Prepare samples and prototypes for proposed new products.
 - Develop and research new product ideas, recipes, and concepts based on market trends and customer requirements.
 - Ensure strict compliance with hygiene, food safety, and quality standards throughout product development and laboratory activities.
 - Compile, review, and verify product specifications, ingredient declarations, and product labelling.
 - Perform laboratory tests and analyses using appropriate laboratory instruments and procedures.
 - Assist in the processing and monitoring of regulatory permits, licenses, FDA registrations, and other related documentation.
 - Prepare and submit monthly reports on product development activities and other assigned tasks.
 - Maintain proper documentation and records related to product development, testing, and regulatory requirements.
 - Actively participate in food expos, trainings, seminars, and other industry-related events to stay updated on food technology, ingredients, flavours, and market trends.","- ​​​​Graduate of a Bachelor of Science in Food Technology or a related field.
 - At least three (3) years of work experience in a manufacturing company, preferably within the food and beverage industry.
 - In-depth knowledge of food ingredients and flavours, HACCP, Quality Control, physico-chemical analysis, and sensory evaluation.
 - Proven experience in product formulation and flavour application, particularly in bakery, beverage, and savoury products.
 - Experience in processing FDA product registration, and compliance with other applicable food regulatory standards.
 - Strong analytical, organizational, and planning skills.
 - Excellent communication and presentation skills.
 - Strong problem-solving and decision-making abilities.
 - Knowledge and experience in handling laboratory instruments and equipment.",,2026-08-20T02:34:23.036733+00:00,2026-08-20T02:34:38.962168+00:00,2026-10-18T16:00:00+00:00,2026-09-09T02:52:35.374979+00:00,True,False,False,public,2026-09-11T11:19:39+00:00
271489,Testing Assistant,testing-assistant,https://www.kalibrr.com/c/ateneo-de-manila-university-1/jobs/271489/testing-assistant,Ateneo de Manila University,ateneo-de-manila-university-1,Higher Education / Academia,http://www.ateneo.edu/,True,Education and Training,Full time,1,200,0,550,False,False,False,Quezon City,Metro Manila,Philippines,"Katipunan Ave, Loyola Heights, Quezon City, Metro Manila, Philippines",14.67297,121.04949,True,,,,,"Summary of Work Activities and Responsibilities:
The Testing Assistant provides administrative and operational support in the day-to-day functions of the Testing and Research Office to facilitate the smooth delivery of psychological, guidance, and entrance examinations.
Main Duties and Responsibilities:
I. Testing and Assessment Support
 - Prepares and organizes examination materials for student testing, admissions, and faculty evaluations to ensure adequate resources and smooth test delivery
 - Prepares test booklets, answer sheets, pencils, and timers prior to test administration sessions
 - Coordinates with the testing team in the timely distribution, tracking, and retrieval of guidance and sequential test packets
 - Supports the administration and scoring of tests under the direction and guidance of the Director
 - Coordinates the logistical requirements for government-mandated exams (e.g., National Career Assessment Examination [NCAE], National Achievement Test [NAT]) and High School Entrance Examinations to comply with institutional and national standards
 - Organizes proctor packets and verifies testing materials are accounted for before and after test sessions
 - Distributes test materials in cooperation with the testing team
II. Data Processing and Research Support
 - Processes research data, surveys, and evaluations to provide accurate quantitative and qualitative summaries for requesting units
 - Encodes and tabulates raw quantitative and qualitative data from evaluations and surveys (e.g., Class Moderator Evaluations, Assistant Principal for Student Affairs and Formation [APSAF] activities, Faculty Evaluations, field trips, retreats, guide talks)
 - Generates, organizes, and distributes psychological test profiles for parent interpretations and other school-related reviews
 - Compiles and files regular and special testing records to maintain complete and organized institutional profiles
III. Administrative and Resource Management Support
 - Attends to inquiries and requests from stakeholders and visitors from various communication channels (e.g., face-to-face, online, phone, office email) and coordinates the flow of information internally and with other offices concerned
 - Drafts and files official correspondence, letters, memos, and announcements
 - Routes official letters, reports, and memos to various departments and maintains the office receiving logbook for incoming files
 - Monitors office supplies and testing materials to maintain uninterrupted administrative operations
 - Updates inventory logs for student, faculty, and recruitment test booklets
 - Tracks office expenses and generates requisitions via the eRequisition system
 - Keeps a detailed inventory of all testing materials, tracking usage and ensuring that adequate supplies are available for upcoming assessments
 - Safeguards confidential and sensitive files in compliance with the Data Privacy Act and University policies
 - Secures the storage, handling, access, and eventual disposal of student psychological test results, research data, and faculty profiles
IV. Performs other duties as may be assigned by the immediate supervisor, or any authorized representative","Knowledge, Skills, and Abilities:
 - Data Management: Ability to consolidate, organize, and maintain data accurately and systematically
 - Technological Savvy: Demonstrates proficiency in Google Workspace, Microsoft Excel, and Canva with the ability to quickly learn relevant applications
 - Coordination Skills: Ability to proactively coordinate, mediate, and manage actions in relation to others
 - Effective Communication Skills: Proficient in communicating effectively both verbally and in writing to convey information clearly and concisely
 - Organizational and Administrative Skills: Possesses strong organizational abilities to effectively manage multiple tasks and priorities 
 - Commitment to Customer Service Excellence: Dedicated commitment to delivering high-quality service and meeting the needs of students and faculty with professionalism and courtesy
 - Compliance Management: Knowledge of data protection regulations and standards; ensures adherence to institutional policies, procedures, and applicable laws (e.g., Data Privacy Act)
Education and Experience Requirements:
 - Bachelor’s Degree in Psychology, Computer Science, or a related field
 - At least two (2) years of relevant work experience",,2026-08-20T06:20:45.509496+00:00,2026-08-26T01:21:36.596805+00:00,2026-10-18T16:00:00+00:00,2026-09-10T07:42:26.488135+00:00,True,False,False,public,2026-09-11T11:16:49+00:00
271504,CSR Program Lead for Livelihood,csr-program-lead-for-livelihood,https://www.kalibrr.com/c/first-gas-power-corporation/jobs/271504/csr-program-lead-for-livelihood,First Gen Corporation,first-gas-power-corporation,Utilities,https://www.firstgen.com.ph/,True,Public Service and NGOs,Full time,1,300,0,550,False,True,False,Pasig,Metro Manila,Philippines,"6F, Ugong, Pasig, Metro Manila, Philippines",14.57937,121.0866,True,,,,,"The CSR Program Lead for Livelihood leads the design, implementation, and monitoring of livelihood initiatives that foster self-reliance in host and neighboring communities. Serving as the focal point for partnerships with government agencies, NGOs, and private sector collaborators, the role drives product development, market linkages, and resource mobilization to strengthen community-based enterprises. By aligning programs with corporate social responsibility objectives, the Program Lead ensures measurable social impact, compliance with reporting standards, and sustained engagement that benefits both the business and partner communities.
With our mission of regeneration, advancing community-based social enterprises is a strategic direction that simultaneously strengthens our business and delivers meaningful impact to partner communities. The CSR Program Lead for Livelihood is pivotal in driving this vision, ensuring that initiatives are effectively designed, implemented, and sustained to achieve both corporate and community outcomes.
Key Responsibilities:
1. Livelihood Program Development
 - Design and operationalize livelihood programs to promote self-reliance among host and neighboring communities.
 - Develop masterplans, proposals, and business models for farmer associations and community enterprises.
 - Coordinate with partner organizations to secure resources and technical support.
 - Facilitate product development, packaging, and market linkage initiatives.
2. Program Implementation and Monitoring
 - Track organizational and individual income derived from livelihood initiatives.
 - Maintain databases on membership, income, product and marketplace activity.
 - Prepare progress and final reports for stakeholders.","- Graduate of Development Studies, Community Development, Social Sciences, Business, or a related field.
 - With at least five (5) years of relevant experience in livelihood programs, community development, CSR, program management, or stakeholder engagement.
 - Willing to travel regularly for fieldwork, community engagements, and project implementation.",,2026-08-20T07:49:01.033078+00:00,2026-08-20T07:49:14.736124+00:00,2026-10-18T16:00:00+00:00,2026-09-10T17:12:47.761834+00:00,True,False,False,public,2026-09-11T11:22:13+00:00
271532,Data Analyst Intern,data-analyst-intern,https://www.kalibrr.com/c/aicines-inc/jobs/271532/data-analyst-intern,AICines Inc.,aicines-inc,Information Technology / IT,https://www.instagram.com/aicines.ai/,False,IT and Software,Part time,10,100,0,550,False,False,True,Franklin Park,New Jersey,United States,"31, Cartier Dr, Franklin Park, New Jersey, United States",40.43995,-74.53734,True,,,,,"AICines is four products in one: a streaming platform, an AI-powered social creation app, an AI creative studio where anyone can generate finished video from a prompt, and a film production house working with Hollywood studios on original content.
As a Data Analyst Intern, you'll work directly with product, growth, and content data from a live platform with real users. This is not sandboxed work — your analysis will inform decisions the team actually acts on.
Responsibilities:
- Build and maintain dashboards tracking user behaviour, retention, and engagement
- Write SQL queries against production data to answer product and growth questions
- Analyse acquisition channels, creator activity, and content performance
- Turn raw findings into clear, actionable recommendations for the team
- Support A/B tests and experiments from design through to readout
- Contribute to data quality and reporting standards as the platform scales
What you get:
- Fully remote with flexible working hours
- Direct mentorship from founders and senior engineers
- Hands-on exposure to production AI systems at consumer scale
- Progression based on impact rather than tenure
- Strong performers considered for full-time roles","- Working knowledge of SQL for data extraction and analysis
- Familiarity with Python or R for data work (preferred, not mandatory)
- Strong proficiency in spreadsheets, including pivot tables and data visualisation
- Ability to communicate findings clearly to non-technical stakeholders
- Comfortable working independently in a fully remote, asynchronous team
- Currently enrolled in or recently graduated from a quantitative degree programme (Computer Science, Statistics, Mathematics, Economics, Engineering, Information Systems, or similar)
- No prior professional experience required",,2026-08-21T02:28:36.034119+00:00,2026-09-30T01:39:46.203374+00:00,2026-11-29T18:30:00+00:00,2026-09-30T05:08:13.610350+00:00,True,False,False,public,2026-10-09T08:10:01+00:00
271590,General Accountant,general-accountant-2,https://www.kalibrr.com/c/rudolf-lietz-inc/jobs/271590/general-accountant-2,"Rudolf Lietz, Inc.",rudolf-lietz-inc,International Trade / Raw Materials Chemical Supply Chain,http://lietz.com/,True,Accounting and Finance,Full time,3,200,0,550,False,False,False,Parañaque,Metro Manila,Philippines,"Lietz Industrial Complex, Edison Avenue (P. Leviste), Parañaque, Metro Manila, Philippines",14.47121,121.02198,True,,,,,"1. Ensure that final costing of all Purchase Orders that arrived in warehouse are done timely and properly.
2. Prepare and submit monthly management reports such as Peso Sales Statistics per Business Unit, per Technical Sales Representative and Client Ranking Report.
3. Responsible for the timely computation, e-filing and e-payment of various tax returns including e-submission of required attachments of all tax returns.
4. Ensure updating of summary of tax returns and ensure LAF filing of all tax returns with complete attachments such as proof of payment, e-submission validation acknowledgement receipt, printed excel report.
5. Facilitate timely renewal of Business Permits annually
6. In-charge with Inventory Management and Reconciliation per NAV and actual count
7. Prepare and submit accurate Weekly and Monthly Bank Reconciliation in a timely manner
8. Responsible for the updating of Master list of Accounting records and proper labelling of files.
9. All other tasks as assigned by superior from time to time","- MUST be a Bachelor of Science in Accountancy graduate
 - With atleast 3 years of experience in handling full accounting cycle;
 - Strong analytical and planning skills;
 - Good communication and presentation skills;
 - Excellent problem-solving skills;",,2026-08-24T04:23:25.383961+00:00,2026-08-24T04:23:30.894761+00:00,2026-09-14T16:00:00+00:00,2026-09-10T11:06:55.886343+00:00,True,False,False,public,2026-09-11T11:18:55+00:00
271591,Chief Accountant,chief-accountant-2,https://www.kalibrr.com/c/rudolf-lietz-inc/jobs/271591/chief-accountant-2,"Rudolf Lietz, Inc.",rudolf-lietz-inc,International Trade / Raw Materials Chemical Supply Chain,http://lietz.com/,True,Accounting and Finance,Full time,1,400,0,550,False,False,False,Parañaque,Metro Manila,Philippines,"Lietz Industrial Complex, Edison Avenue (P. Leviste), Parañaque, Metro Manila, Philippines",14.47121,121.02198,True,,,,,"1) Financial reporting and analysis
a. Prepare and analyze monthly, quarterly, and annual financial statements.
b. Oversee the month-end and year-end closing processes to ensure accuracy and timeliness.
c. Generate financial reports for management and perform analysis on financial data such as
d. Monitor budgets, analyze variances, and report findings to management. 
2) Team and department management
a. Lead, motivate and mentor the accounting team, including hiring, training, and performance evaluation.
b. Supervise and delegate the work of the accounting staff to ensure all tasks are completed on time.
3) Compliance and internal controls
a. Ensure compliance with all applicable financial laws, regulations, accounting standards, accounting policies and procedures.
b. Develop and implement internal controls to safeguard company assets and ensure data integrity.
c. Oversee tax filings and ensure compliance with all tax regulations.
d. Coordinate with external auditors and prepare documentation for audits. 
e. Oversee the timely filings of Declaration of Actual Use (DAU) of the trademarks registered with the IPO.
f. Coordinate with the BIR examiners and prepare documentation for audits thru issued Letter of Authority (LOA).
4) Strategic and operational support
a. Assist with budget preparation, forecasting, and financial planning.
b. Provide financial advice and insights to support strategic decision-making by senior management.
c. Evaluate and recommend improvements to accounting procedures and computerized financial systems.
d. Manage daily accounting operations, such as pricelist update, processing of accounts payable vouchers (APV), final cost calculations, generate and issuance of sales invoices, recording and posting of sales invoice, and updating of books of accounts.
e. Maintains the integrity of the company's accounting system.","- Graudate of Bachelor of Science in Accountancy; 
 - MUST be Certified Public Accountant (CPA);
 - Atleast 5 years of experience in combined accounting, tax and finance;
 - Strong analytical and planning skills;
 - Good communication and presentation skills;
 - Excellent problem-solving skills;",,2026-08-24T04:34:41.077238+00:00,2026-08-24T04:46:21.484312+00:00,2026-09-30T16:00:00+00:00,2026-09-10T01:14:14.407522+00:00,True,False,False,public,2026-09-11T11:18:59+00:00
271597,Registered Dietitian for Weight Management Program,registered-dietitian-for-weight-management-program,https://www.kalibrr.com/c/leapfroggr-inc/jobs/271597/registered-dietitian-for-weight-management-program,LeapFroggr Inc.,leapfroggr-inc,careers@leapfroggr.com,https://seriousmd.com,True,Health and Medical,Full time,3,300,0,550,False,False,True,Manila,Metro Manila,Philippines,"439, Escolta Street , Manila, Metro Manila, Philippines",14.60488,120.98626,True,,,,,"About the Program
Our GLP-1 program supports patients on GLP-1 for weight management. Most GLP-1 patients in the Philippines are injecting with very little nutrition support — that gap is the job.
You'll work alongside our prescribing physicians from first titration through maintenance. All consultations are online.
What You'll Do
 - Conduct nutrition assessments and build individualized care plans via teleconsultation; adjust at every dose escalation.
 - Set and monitor protein targets to protect muscle and bone during rapid weight loss, and watch for micronutrient deficiency risk (vitamin D, calcium, B12, iron). Endorse supplementation or labs to the physician as indicated.
 - Build plans around how Filipinos actually eat — rice as the dietary center, affordable local proteins (isda, manok, itlog, tokwa, monggo), merienda patterns, and handaan. 
 - Manage GI side effects — nausea, vomiting, constipation, LBM, reflux, early satiety — by adjusting meal timing, texture, volume, and fiber. Escalate red flags to the physician immediately.
 - Prepare patients nutritionally for dose reductions and discontinuation driven by cost, supply, or HMO denial, well before they happen.
 - Reinforce cold-chain storage (2–8°C) during brownouts and travel. Escalate immediately if a patient reports sourcing from unregistered sellers.
 - Use motivational interviewing to build habits that hold post-medication; screen for disordered eating and refer out.
 - Use the camera deliberately — ref and pantry walkthroughs, label reading, portions on the patient's own plates. Manage asynchronous follow-up between consults.
 - Document in the EMR and practice per DOH telemedicine guidelines and the Data Privacy Act (RA 10173) — approved platforms only.","Required
 - Registered Nutritionist Dietitian (RND)
 - Certified by PADE
 - Bachelor of Science in Nutrition and Dietetics
 - Minimum 2 years of clinical nutrition counseling experience.
 - Fluent counseling ability in both English and Filipino.
 - Comfort with EMR documentation and teleconsultation platforms.
 - A private workspace and reliable high-speed internet.
 - Strong counseling skills and the ability to build rapport quickly on video.
Preferred
 - Direct experience counseling patients on GLP-1 or similar medication.
 - Master's degree in nutrition or a related field.
 - Experience with diabetes education.
 - Prior telehealth or online nutrition counseling experience.
 - Conversational Cebuano/Bisaya, Ilocano, or Hiligaynon for patients outside NCR.
How you work
 - You treat patients with respect regardless of body size, and you can hold both a weight-inclusive stance and the clinical realities of this program without flinching.
 - You are genuinely self-directed. Part-time and work-from-home means managing your own patient load, schedule, and follow-ups without daily supervision.",,2026-08-24T08:19:07.139217+00:00,2026-08-25T09:09:22.192442+00:00,2027-08-23T16:00:00+00:00,2026-09-09T09:00:33.158976+00:00,True,False,False,public,2026-09-11T11:20:54+00:00
271622,Client Video Production Coordinator,client-video-production-coordinator,https://www.kalibrr.com/c/ylopo-llc/jobs/271622/client-video-production-coordinator,Ylopo LLC,ylopo-llc,Digital Marketing,https://www.ylopo.com/,True,Media and Creatives,Full time,1,200,0,550,False,False,True,,Metro Manila,Philippines,"4712, Admiralty Way, Marina del Rey, Metro Manila, Philippines",,,False,40000,50000,PHP,month,"The Digital Twin Studio Coordinator is responsible for coordinating the end-to-end process of creating digital twin videos for Ylopo clients using HeyGen's Digital Twin Studio. This role serves as the operational link between clients and the Digital Twin Studio production process—from collecting and validating the client's original video and consent to generating digital twin videos, testing scripts, and performing initial quality control. The ideal candidate is highly organized, detail-oriented, comfortable working with technology and video-based tools, and has a strong visual eye for identifying what looks natural, professional, and on-brand. The role requires someone who can confidently follow up with clients, troubleshoot basic issues, and maintain a high standard of quality throughout the digital twin creation process.
Job Responsibilities
 - Client Video Collection & Coordination
 - Coordinate with Ylopo clients to collect the original video recording required to create their digital twin.
 - Clearly communicate video recording requirements, specifications, and submission instructions to clients.
 - Review submitted videos to ensure they meet the required technical and quality standards before processing.
 - Identify missing or inadequate submissions and communicate specific requirements for resubmission.
 - Follow up with clients via email or text to keep video submissions moving forward and prevent delays.
2. Consent & Documentation 
 - Ensure clients complete the required consent form/link authorizing Ylopo to utilize their submitted video for digital twin creation.
 - Monitor outstanding consent requirements and follow up with clients as needed.
 - Maintain accurate records of video submissions, consent completion, status, and outstanding client requirements.
 - Ensure videos are not processed until the appropriate consent requirements have been completed.
3. Digital Twin Production 
 - Upload and process approved client videos using HeyGen Digital Twin Studio.
 - Generate digital twin videos using different available looks, settings, and configurations.
 - Run test scripts to evaluate the digital twin's appearance, voice, delivery, and overall presentation.
 - Make appropriate adjustments within the available Digital Twin Studio settings to improve output quality.
 - Become highly familiar with the Digital Twin Studio workflow and continuously improve efficiency and output quality.
4. Quality Control & Attention to Detail 
 - Review generated videos carefully for visual and presentation quality.
 - Develop a strong eye for what looks natural, professional, and appropriate for Ylopo clients.
 - Identify issues such as unnatural movements, facial expressions, lip synchronization, visual inconsistencies, awkward delivery, or other quality concerns.
 - Conduct basic quality control before videos move forward in the production process.
 - Flag significant issues or limitations to the appropriate person and recommend adjustments when possible.
 - Maintain consistency in quality across different client digital twins.
5. Workflow & Communication 
 - Maintain an organized pipeline of clients at different stages of the digital twin process.
 - Track pending videos, client follow-ups, consent completion, production status, testing, and quality control.
 - Communicate status updates and potential delays to Aaron Franklin.
 - Identify recurring issues in the client submission or production process and suggest improvements.
 - Help establish and refine repeatable processes and best practices for Digital Twin Studio production.","Qualifications
 - Strong organizational and follow-up skills.
 - Excellent attention to detail.
 - Comfortable learning and working with new software and technology.
 - Strong written communication skills, particularly for client-facing email and text communication.
 - Ability to manage multiple clients and tasks while maintaining accurate records.
 - Good visual judgment and an ability to recognize when video content looks polished, natural, and professional.
 - Ability to work independently in a remote environment.
 - Willingness to work hours that overlap with the majority of U.S. business hours.
Preferred
 - Experience working with video creation, editing, AI video tools, or digital content platforms
 - Experience with HeyGen or similar AI video/avatar platforms.
 - Experience in client coordination, customer support, operations, virtual assistance, or project coordination.
 - Familiarity with basic video quality concepts such as framing, lighting, audio, lip synchronization, and video presentation.
 - Experience working with U.S.-based clients or remote teams
 - Schedule: Flexible, with expected overlap during majority of U.S. business hours
System Requirements:
 - Processor should be 2 ghz and above, Intel core 5/7 or equal is highly required
 - MUST have the latest Operating System (Windows - Windows 11 / Mac - Ventura / Sonoma)
 - RAM should be at least 16 GB with at least 100 GB free space
 - MUST have a back-up Computer with the same specs as the main device
 - A Headset with noise cancelling feature is a must
 - At least 20 mbps & up wired connection for main isp
 - Back up internet is a must (pocket wifi, prepaid wifi etc. but strictly no USB Sticks allowed)
 - Back up power source
Shift Schedule: 9AM - 6PM Pacific Standard",,2026-08-25T04:13:51.035225+00:00,2026-09-08T22:18:37.876092+00:00,2026-10-23T16:00:00+00:00,2026-09-11T04:35:44.099612+00:00,True,False,False,public,2026-09-11T11:21:56+00:00
271638,Senior Program Officer for Sports and Athlete Services I,senior-program-officer-for-sports-and-athlete-services-i,https://www.kalibrr.com/c/ateneo-de-manila-university-1/jobs/271638/senior-program-officer-for-sports-and-athlete-services-i,Ateneo de Manila University,ateneo-de-manila-university-1,Higher Education / Academia,http://www.ateneo.edu/,True,Arts and Sports,Full time,1,200,0,550,False,False,False,Quezon City,Metro Manila,Philippines,"Katipunan Ave, Loyola Heights, Quezon City, Metro Manila, Philippines",14.67297,121.04949,True,,,,,"Main Duties and Responsibilities:
I. Sports Program Management
 - Assists the Director in reviewing and updating the integrated athletics programs and athlete support systems to ensure alignment with student-athlete needs and institutional strategic objectives
 - Monitors the implementation of athletics programs and initiatives in coordination with the Coaches and Sports Program Heads to support their sustainability, consistency, and responsiveness to the evolving needs of student-athletes and the Schools, recommending operational improvements as needed
 - Provides functional guidance to Coaches, Sports Program Heads, and administrative support staff in the implementation of athletics programs and student-athlete support initiatives
II. Athlete Welfare and Development
 - Plans and designs student-athlete safety and wellness initiatives, injury prevention programs, response protocols, safeguarding measures, and insurance-related requirements to promote athlete welfare and ensure compliance with established standards
 - Oversees the implementation of athlete discipline and conduct across trainings, competitions, and related athletics activities to ensure compliance with established policies and protocols
 - Plans and coordinates student-athlete academic development initiatives by collaborating with academic offices, faculty members, guidance counselors, Coaches, and other stakeholders to support academic performance and overall student experience
 - Coordinates with varsity teams on academic concerns and tournament-related requirements, including coaching meetings, schedules, preparations, registrations, and orientations.
 - Monitors the training activities by Coaches to ensure alignment with program standards, safety protocols, and athlete development objectives
 - Reviews existing athletics policies and procedures and recommends revisions to improve operational effectiveness, compliance, and student-athlete experience
III. Program Evaluation
 - Develops and implements evaluation mechanisms for Office programs, including surveys, interviews, and focus group discussions
 - Monitors and consolidates performance indicators, athlete welfare metrics, participation data, and program feedback to support program evaluation, evidence-based planning, and continuous improvement
 - Prepares evaluation reports documenting program findings, insights, outcomes, and recommendations to support evidence-based decision-making and continuous program improvement
IV. Representation and Stakeholder Relations
 - Serves as the primary point of contact for communication among Coaches, athletes, parents, and other units/offices
 - Represents the Director in University functions, meetings, and external events when required, including making decisions and presenting on behalf of the Director as needed
 - Serves as a partner to the assigned school that requires the Office’s expertise and services
 - Liaises with external stakeholders to disseminate official information and address inquiries regarding student-athletes and the athletic programs
V. Office Management Support
 - Assists in monitoring Office budget and expenditures, and recommends cost effective solutions for the Office
 - Gathers and reviews the necessary documentation for budget preparation, purchase requests, liquidation reports, and cash advances for the needs of the student-athletes
 - Conducts initial reviews of documents submitted to the Director, ensuring that all documents submitted are adequately supported, and provides necessary recommendations
 - Drafts the necessary communications and guidelines and collaborates with stakeholders on behalf of the Director
VI. Performs other duties as may be assigned by the immediate supervisor, or any
authorized representative","Knowledge, Skills, and Abilities:
 - Sports Program Management: Understanding of athletic program operations, including competition scheduling and team logistics
 - Data Analysis: Ability to collect, analyze, and interpret data to generate actionable\ insights and support evidence-based decision-making
 - Athletic Policies and Compliance: Familiarity with league rules, university athletic policies, and relevant regulations, with the ability to interpret and apply these requirements to support consistent and compliant implementation
 - Facilitation: Ability to effectively facilitate meetings, discussions, and collaborative processes to achieve clear outcomes and foster stakeholder participation
 - Crisis and Contingency Management: Demonstrates the ability to anticipate, manage, and respond effectively to emergencies, disruptions, and high-risk situations, ensuring safety, continuity of operations, and sound decision-making under pressure
 - Safeguarding Standards: Understanding of national and institutional safeguarding policies and protection standards for student-athletes
 - Technological Savvy: Ability to utilize information technology and computer and internet systems to accomplish tasks
 - Communication Skills: Ability to communicate tactfully and sensitively with all types of personalities and predispositions, utilizing different media directed at different audiences/stakeholders
 - Time Management Skills: Ability to use one’s time and resources efficiently and effectively
 - Stakeholder Engagement: Ability to build and maintain collaborative relationships with diverse stakeholders and effectively respond to their needs and concerns
 - Coordination Skills: Ability to proactively coordinate, mediate, and manage actions in relation to others
 - Records Management: Ability to systematically organize, store, update, and protect Office and Staff-related records throughout their life cycle, from the time of creation or receipt to their eventual disposition/turnover
Education and Experience Requirements:
 - Bachelor’s degree
 - With at least three (3) years of experience in program coordination, student services, athletics operations, or event management
 - Experience working in an academic institution, athletic program, or youth/student development environment is an advantage",,2026-08-25T08:48:06.338422+00:00,2026-08-25T08:48:10.393750+00:00,2026-10-23T16:00:00+00:00,2026-09-10T17:37:30.467132+00:00,True,False,False,public,2026-09-11T11:21:59+00:00
271699,Mid Business Analyst,mid-business-analyst,https://www.kalibrr.com/c/ncs-philippines/jobs/271699/mid-business-analyst,NCS Philippines Inc. ,ncs-philippines,Information Technology / IT,https://www.ncs.co,True,IT and Software,Full time,5,200,0,550,False,True,False,Taguig,Metro Manila,Philippines,"7th Floor, Fort Bonifacio, Taguig, Metro Manila, Philippines",14.51258,121.05878,True,,,,,"Job Summary
The Mid Business Analyst supports the analysis, documentation, and improvement of business processes and system requirements. Working closely with senior business analysts, project managers, developers, QA engineers, and stakeholders, the role assists in gathering requirements, documenting functional specifications, and ensuring business needs are translated into effective technology solutions.
Key Responsibilities
 - Assist in gathering, documenting, and validating business and functional requirements.
 - Conduct stakeholder interviews, workshops, and requirements elicitation sessions.
 - Create Business Requirement Documents (BRD), Functional Requirement Documents (FRD), user stories, process flows, and use cases.
 - Analyze existing business processes and recommend process improvements.
 - Collaborate with development and QA teams to clarify business requirements.
 - Participate in Agile ceremonies including sprint planning, daily stand-ups, backlog grooming, and sprint reviews.
 - Support User Acceptance Testing (UAT) by preparing test scenarios and coordinating with business users.
 - Maintain project documentation and ensure requirements traceability.
 - Assist in change request analysis and impact assessment.
 - Support project implementation activities including training and post-go-live support.","Qualifications
 - Bachelor's degree in Information Technology, Computer Science, Information Systems, Business Administration, Industrial Engineering, or related field.
 - Min of 3 years of Business Analysis or related experience.
Preferred Skills
 - Basic knowledge of Software Development Life Cycle (SDLC).
 - Understanding of Agile and Scrum methodologies.
 - Familiarity with process mapping tools such as Visio, Lucidchart, or Draw. io.
 - Basic knowledge of SQL is an advantage.
 - Experience using Jira, Confluence, Azure DevOps, or similar project management tools is a plus.
 - Strong analytical and problem-solving skills.
 - Excellent written and verbal communication skills.
 - Good documentation and presentation skills.
 - Ability to work collaboratively in a cross-functional environment.",,2026-08-27T01:13:11.648349+00:00,2026-08-27T01:38:08.606336+00:00,2026-12-05T16:00:00+00:00,2026-08-27T04:37:45.799658+00:00,True,False,False,public,2026-09-11T11:16:22+00:00
271746,Full Stack Engineer with Mobile Experience,full-stack-engineer-with-mobile-experience,https://www.kalibrr.com/c/nova-virtual-solutions/jobs/271746/full-stack-engineer-with-mobile-experience,Nova Virtual Solutions,nova-virtual-solutions,Hospital / Health Care,https://novavirtualsolutions.com/careers,True,IT and Software,Full time,1,400,0,550,False,False,True,Mandaluyong,Metro Manila,Philippines,"Mandaluyong, Metro Manila, Philippines",14.5789,121.04414,True,,,,,"The Role:
As a Full Stack Engineer, you will play a crucial role in developing and maintaining both our core web applications (NHC Portal and API) and our mobile offerings. You will collaborate closely with cross-functional teams to design, build, and deploy scalable solutions that directly impact our users.
Key Responsibilities:
Develop, test, and maintain features for the NHC web portal and backend API.
Design and implement robust, scalable, and secure RESTful APIs.
Lead the development and deployment of our Android mobile applications.
Manage deployment processes for Android apps to the Google Play Store.
Collaborate on database design and optimize queries.
Work within an AWS cloud environment, utilizing services for hosting, data storage, and compute.
Participate in code reviews, ensuring adherence to security and HIPAA compliance standards.
Write clean, maintainable, and well-documented code.","Required Qualifications:
3-5 years of professional experience in Full Stack software development.
At least 1 year of hands-on experience in mobile application development, specifically for Android.
Proven experience deploying and managing apps in the Google Play Store.
Strong proficiency in our backend stack: Python 3.12, Django 5.2, Django REST Framework (DRF), and Celery.
Strong proficiency in our frontend stack: React 18 and Vite.
Solid understanding of relational databases, specifically PostgreSQL 16.
Experience with cloud infrastructure and deployments, particularly AWS (EC2, S3, RDS, etc.).
Familiarity with containerization (Docker) and CI/CD pipelines (GitLab CI).
Bonus Points:
Experience with OpenTofu for Infrastructure as Code.
Knowledge of HIPAA compliance, encryption at rest/transit, and healthcare data security standards.
Why Join Us?
Opportunity to work on impactful healthcare technology.
Collaborative and innovative engineering culture.
Benefits:
Work from home
Please apply through the link below and select the role that best matches your experience and qualifications:
@ novavirtualsolutions.com/careers#nova-jobs
Once submitted, our team will review your profile and get back to you if your experience matches the current opportunity.",,2026-08-27T13:08:18.522493+00:00,2026-08-27T13:22:13.704026+00:00,2026-12-25T16:00:00+00:00,2026-09-09T07:20:12.812554+00:00,True,False,False,public,2026-09-11T11:21:49+00:00
271779,Power Trading Analyst,power-trading-analyst,https://www.kalibrr.com/c/first-gas-power-corporation/jobs/271779/power-trading-analyst,First Gen Corporation,first-gas-power-corporation,Utilities,https://www.firstgen.com.ph/,True,Architecture and Engineering,Full time,1,200,0,550,True,True,False,Pasig,Metro Manila,Philippines,"Pasig, 6F, Philippines, Metro Manila, Ugong",14.57937,121.0866,True,,,,,"Submits offer price and volume to WESM; Monitors WESM outcomes
 - Declares bilateral contract volumes of FGen to WESM to ensure maximum revenues and minimal costs;
 - Analyzes the power grid situation critical in ensuring that FGen bid submissions are sound, with the end goal of maximizing revenues;
 - Analyzes the existing plants operating in the system to determine the adequacy of supply in the system and to monitor competing generation facilities;
 - Analyze the behavior of loads to determine First Gen Corporation's supply strategy;
 - Perform Day-Ahead Forecasts and ensure optimal dispatch of the trading portfolio
 - Compiles power industry databases from various sources.
 - Prepares regular reports on the industry development, particularly on the WESM.","- The power trading analyst is responsible for specific analysis concerning prices (e.g., competition, relative positioning, profitability) for an offer, a customer segment, and/or an area. Analyzes special price requests as necessary.
 - Bachelor of Science degree in any of the following courses: Electrical Engineering, Mechanical Engineering, Industrial (Management) Engineering, Economics.
 - Preferably with work one (1) year of work experience in Wholesale Electricity Spot Market Operations",,2026-08-28T07:05:29.216401+00:00,2026-08-28T07:05:53.510330+00:00,2027-08-27T16:00:00+00:00,2026-09-11T01:01:06.199056+00:00,True,False,False,public,2026-09-11T11:19:14+00:00
271847,Solutions Architect,solutions-architect-10,https://www.kalibrr.com/c/ncs-philippines/jobs/271847/solutions-architect-10,NCS Philippines Inc. ,ncs-philippines,Information Technology / IT,https://www.ncs.co,True,IT and Software,Full time,3,400,0,550,False,True,False,Taguig,Metro Manila,Philippines,"7th Floor, Fort Bonifacio, Taguig, Metro Manila, Philippines",14.51258,121.05878,True,,,,,"As Solutions Architect, you will play a critical role in designing, developing, and implementing scalable and robust solutions to address business challenges. Collaborating closely with cross-functional teams, you will leverage your expertise to architect innovative solutions that align with project and technological requirements.
 - Requirements Definition and Management
Participates in proposal generation; i.e. review of the requirement, designing application features and architecture, coming up with the development estimates. 
Translates the user requirements into a high-level application design, and coordinates these specifications with the relevant project stakeholders (e.g. Business Analysts when defining the product features).
 - Solution Design and Architecture:
Provides technical solutions for the projects such as Application Architecture, Database Architecture, Infrastructure, Integration, and any other system analysis and design needed.
Architect end-to-end solutions with detailed designs encompassing system components, interfaces, and integrations to meet business needs, ensuring scalability, reliability, security, and deliverability.
 - Systems Design, Integration and Build:
Design system components and implement integration strategies for connecting disparate systems and applications using appropriate techniques and standards. 
Defines software modules, and ensure seamless data flow and interoperability across the solution landscape 
 - Data Modeling and Database Design:
Applies standard data modeling and design techniques based on detailed requirements.
Develops relevant physical design elements and maintaining mechanisms for storing and accessing data. 
 - Documentation, Architecture Governance and Collaboration: 
Create and maintain technical documentation, including architecture diagrams, design documents, and implementation guidelines to ensure performance, resiliency, scalability and compliance with security and project requirements. 
Conduct architecture reviews to mitigate risk and ensure adherence to approved technical solutions. 
Review code, designs, and technical deliverables for alignment with architectural principles and quality standards. 
Collaborate with project stakeholders to drive consensus on technical solutions. 
Participates in training, design, documentation, and delivery efforts with the Project Manager.","- Education – Graduate with a Bachelor’s Degree in IT, Computer Science, Engineering or any related course.
 - Related Work Experience – At least 5 years of working experience in Software Development, providing technical solutions such as system architecture, infrastructure design, and database structure.
 - At least 2 years of experience in software engineer roles such as web and mobile application development.
 - Knowledge – In-depth experience, knowledge, and understanding of the following:
 - OOP and software design
 - Software development languages such as PHP, Java, Python, .NET 
 - Infra as a Code such as Terraform and Cloud Formation
 - Any integration protocols such as Smpp, Emiucp and Http
 - Public or social media APIs like google API and others
 - Version control (e.g. Svn, Git).
 - Debugging and optimization skills 
 - Collaboration and documentation tools such as Confluence, Jira, Asana, or Trello
 - Cloud Experience in AWS, Azure and Google Cloud is a plus.
 - Frameworks such as Togaf and Zachman is a plus",,2026-09-01T05:56:17.116287+00:00,2026-09-01T05:56:28.573317+00:00,2026-12-30T16:00:00+00:00,2026-09-08T13:33:48.106403+00:00,True,False,False,public,2026-09-11T11:16:31+00:00
271862,Commercial Economics and Analytics Specialist,commercial-economics-and-analytics-specialist,https://www.kalibrr.com/c/aboitiz-power-corporation/jobs/271862/commercial-economics-and-analytics-specialist,AboitizPower,aboitiz-power-corporation,Oil / Energy / Solar / Greentech,https://careers.aboitizpower.com,True,Accounting and Finance,Full time,1,200,0,550,False,True,False,Makati,Metro Manila,Philippines,"Makati, Metro Manila, Philippines",14.55491,121.03512,True,,,,,"As the Commercial Economics and Analytics Specialist you will be responsible for supporting portfolio value creation through commercial investment analysis, asset valuation, revenue economics, forecasting, and advanced analytics and contribute directly to transforming energy for a better world. You will work closely with our Commercial Planning and Portfolio Management Team to deliver results, create positive community impact, and develop your skills in a supportive, purpose-driven environment.","Power your future with AboitizPower.
As the Commercial Economics and Analytics Specialist you will be responsible for supporting portfolio value creation through commercial investment analysis, asset valuation, revenue economics, forecasting, and advanced analytics and contribute directly to transforming energy for a better world. 
In This Role, Your Responsibilities will be the following:
 - The role supports strategic growth initiatives including greenfield developments, brownfield expansions, acquisitions, divestments, and portfolio optimization activities by preparing market intelligence, commercial forecasting, and financial evaluation inputs to support decision-making processes.
 - The position supports coordination and synergy between market analysis, portfolio analysis, revenue management, corporate finance, strategy, and business development.
To Succeed in this Role, we need someone who is competent in:
 - Financial & Valuation Modeling – Advanced capability in project finance, asset valuation, and investment modeling.
 - Commercial & Revenue Economics – Deep understanding of electricity market economics, asset profitability, and portfolio value creation.
 - Portfolio Strategy & Capital Allocation – Ability to evaluate investments and optimize portfolio returns
 - Power industry market dynamics and operations (Generation, Transmission, Distribution, Retail Supply)
 - Macroeconomic analysis and Econometrics, including energy demand forecasting
What You Will Need:
 - Education & Experience:
 - Bachelor's Degree in any of the following:
 - Economics, Finance, Financial Engineering, Mathematics, Statistics, Engineering, Information Technology, Data Science, Other quantitative disciplines.
 - Professional: 
 - Minimum of 1–3 years of cumulative experience in power project finance, corporate development, energy economics, investment banking, infrastructure advisory, commercial planning, or related fields.
 - Demonstrated experience performing analytics, forecasting, simulation, or commercial planning tasks.
 - Relevant coursework, certifications, or continuing education in a quantitative or finance-related field is a plus.
 - Certifications: Preferred: Project Finance or Energy Market Certifications, Data Analytics or Programming Certifications
Our Culture & Commitment to You: Powering Your Future
At AboitizPower, we honor you not just as a professional, but as a person. Our promise is to provide a workplace where you can thrive through:
 - Powered by People: We value your unique identity and ensure you feel supported, trusted, and empowered.
 - Own Your Growth: Learn, grow, and advance through mentorship, leadership opportunities, and meaningful learning experiences.
 - Why We Work: Purpose is part of every job here. Your efforts directly contribute to community upliftment, sustainability, and shaping the future of energy.
 - Empowering Culture: Bring your full self to a workplace grounded in belonging and collaboration.
 - Recognition that Matters: We celebrate both visible milestones and steady efforts, honoring the dedication you bring to our mission.
About Us
AboitizPower is the holding company for the Aboitiz Group’s investments in power generation, distribution, and retail electricity services. We are among the largest power producers in the Philippines, with a balanced portfolio of assets located across the country. We are also a major producer of renewable energy, with several hydroelectric, geothermal, and solar power generation facilities.
Together, let’s power your future.",,2026-09-01T07:21:09.770402+00:00,2026-09-01T07:21:19.465639+00:00,2026-10-30T16:00:00+00:00,2026-09-08T02:31:14.869225+00:00,True,False,False,public,2026-09-11T11:22:17+00:00
271891,Technical Sales Representative,technical-sales-representative-6,https://www.kalibrr.com/c/rudolf-lietz-inc/jobs/271891/technical-sales-representative-6,"Rudolf Lietz, Inc.",rudolf-lietz-inc,International Trade / Raw Materials Chemical Supply Chain,http://lietz.com/,True,Sales and Marketing,Full time,4,200,0,550,False,False,False,Parañaque,Metro Manila,Philippines,"Lietz Industrial Complex, Edison Avenue (P. Leviste), Parañaque, Metro Manila, Philippines",14.47121,121.02198,True,32000,35000,PHP,month,"Job description
Technical Sales Representatives are an integral part of the income generating shoulder of the Company. It is their job to develop a prospective client’s interest and in doing business with the company. The skill of a Sales Representative is measured not by the maintenance of existing business but by their ability to develop new clients and create new business.
A Technical Sales Representative must be able to determine what drivers the client is implementing for a given product, e.g. is this product price driven or market driven. The ability to deliver effective product/supplier presentations is essential in securing business.
Sales Representatives in general will spend 80% of their time traveling to and visiting prospective buyers and current clients whilst the other 20% is spent in-house in preparation for selling days.
1) Creates client-visit itinerary for the next week and submits this the Friday before to Sales Supervisor.
2) Sells raw materials carried both in stock or indent as applicable to his/her assigned accounts.
3) Visits clients, to monitor and service all needs of the customer, and thereby create and contribute to more sales.
4) Assists clients in product innovations to increase business and turnover. This is achieved by providing frequent updates from the Raw Material Industry.
5) Handles and addresses problems which may arise in the course of client’s transaction i.e. shipment delays, etc.
6) Assists the Credit & Collection Department in payment monitoring of assigned clients.
7) Provides creative ideas and suggestions for better sales productivity, client
coverage, and time management.
Performs other duties that may be assigned from time to time by the Sales Supervisor, Department Manager, or designate.","Benefits:
 - Monthly Commissions
 - Semi Annual Bonus
 - Company Car Provided
 - Communication Allowance
 - Free Shuttle Service (NCR, Laguna, Cavite & Rizal)
 - HMO
 - Settling Allowance 
Job Types: Full-time, Permanent
Qualifications:
 - Graduate of BS in Chemistry, Biology or other similar course.
 - Productive sales experience in similar field of not less than two (2) years, with strong inclination towards sales and client contact.
 - High proficiency in both written and oral English.
 - Customer-focused, results-oriented, team worker, solutions-driven.
 - Meticulous, energetic, systematic, self-driven, and able to work with minimum supervision.
 - Facility to report regularly to superiors without prodding.
 - Computer literate in Windows environment.
 - Capability/potential for acquiring higher responsibilities.
 - With driving license
Office Location: National Capital Region (NCR)",,2026-09-02T01:37:00.273711+00:00,2026-09-02T01:40:02.414267+00:00,2026-12-30T16:00:00+00:00,2026-09-08T09:43:47.849655+00:00,True,False,False,public,2026-09-11T11:21:06+00:00
271938,Automation Developer,automation-developer,https://www.kalibrr.com/c/kgi-securities-singapore-pte-ltd/jobs/271938/automation-developer,KGI Securities (Singapore) Pte. Ltd,kgi-securities-singapore-pte-ltd,Financial Services,https://www.kgieworld.sg/,True,IT and Software,Contractual,1,300,0,550,False,False,True,Manila,Metro Manila,Philippines,"Manila, Metro Manila, Philippines",14.60488,120.98626,True,,,,,"We are seeking an experienced Automation Developer with strong hands-on expertise in either UiPath and/or N8N to independently design, develop, deploy, and support enterprise-grade RPA solutions. This role requires the ability to own automation initiatives end-to-end, while ensuring high-quality, secure, and scalable automation delivery.
Practical exposure to Agentic AI solutions is an added advantage.
End-to-End Automation Development
 - Independently design, develop, test, and deploy end-to-end solutions using UiPath and N8N.
 - Translate business requirements and process documentation into robust, scalable automation solutions.
 - Build reusable components, libraries, and frameworks to support long-term automation scalability.
Bot Support & Production Maintenance
 - Provide Level 3 support for production bots, including issue investigation, root cause analysis, and resolution.
 - Proactively identify and resolve performance, stability, and security issues.
System Integration
 - Design and implement integrations with enterprise systems including web applications, desktop applications, APIs, databases, and file-based systems.
 - Handle structured and unstructured data using files (Excel, CSV, PDF), email, queues, and Orchestrators.
Code Quality & Best Practices
 - Enforce automation development standards, coding best practices, and security guidelines.
 - Ensure proper exception handling, logging, retry mechanisms, and auditing are in place.
Testing & Deployment
 - Perform unit testing, integration testing, and support user acceptance testing.
 - Manage deployment across development, test, and production environments.
 - Support change management and release activities related to RPA and automation solutions.","- 3+ years of hands-on experience with RPA and automation development using UiPath or N8N.
 - Proven ability to work independently and deliver automation solutions end-to-end with minimal supervision.
 - Strong understanding of:
 - Complete RPA lifecycle (assessment, design, development, testing, deployment, support)
 - Exception handling, logging, orchestration, and queue management
 - Solid experience with:
 - UiPath Orchestrator or Automation (scheduling, monitoring, credential management)
 - N8N automation workflow;
 - Web, desktop and file-based automation
 - Databases (e.g. MSSQL Server) and SQL
 - Good working knowledge of: .
 - NET / VB.NET concepts used within RPA tools
 - APIs and web services (REST/SOAP)
 - Version control (Git, Azure DevOps or equivalent)
 - UiPath or N8N certification is highly preferred.
 - Practical experience designing and delivering Agentic AI solutions in enterprise environments will be advantageous;
 - Diploma / Degree in Computer Science / Information Technology or equivalent
 - Exposure in financial industry with good working experience and understanding of various business processes within securities and futures brokering.",,2026-09-02T12:05:30.014357+00:00,2026-09-03T01:09:28.397542+00:00,2026-12-30T16:00:00+00:00,2026-09-03T03:22:31.810264+00:00,True,False,False,public,2026-09-11T11:16:33+00:00
271946,Senior Technical Product Manager | Makati,senior-technical-product-manager-makati,https://www.kalibrr.com/c/medgrocer/jobs/271946/senior-technical-product-manager-makati,MedGrocer,medgrocer,Hospital / Health Care,http://www.medgrocer.com,True,IT and Software,Contractual,1,400,0,550,False,False,False,Makati,Metro Manila,Philippines,"24, 408A, Sen. Gil Puyat Ave., Makati, Metro Manila, Philippines",14.55491,121.03512,True,50000,90000,PHP,month,"MedGrocer’s digitally-enabled medicine programs, telehealth services, and corporate clinic medical staff work with hundreds of employers and pharma companies to improve the physical and mental health of over one million Filipinos every year.
The Senior Technical Product Manager is responsible for translating complex operational, clinical, and business requirements into disciplined technical execution. In this role, you will define the product roadmap and lead agile sprint cycles to scale our digitally-enabled healthcare platform.
Why Join MedGrocer?
You will have the autonomy to lead high-stakes strategic initiatives that directly enhance the lives of patients through our sophisticated, digitally-enabled platform. You will influence the future of healthcare delivery alongside a dynamic, driven team, driving the technical evolution of platforms that power nationwide corporate clinics and telehealth services.
Key Responsibilities
 - Define, prioritize, and manage the technical product backlog, converting complex healthcare workflows and client needs into structured user stories, acceptance criteria, and technical specifications.
 - Lead agile ceremonies, sprint planning, and backlog grooming to maintain predictable delivery cadences, eliminate bottlenecks, and prevent scope bloat.
 - Act as the primary operational partner across executive stakeholders, commercial accounts, clinical teams, and software engineers to align technical delivery with business objectives.
 - Enforce rigorous definition-of-done standards, release management protocols, and product quality benchmarks across all feature deployments.
 - Track and analyze product health metrics, user adoption data, and operational turnarounds to inform continuous platform optimization.
Perks and Benefits
 - Performance Incentives & Career Progression: Recognition through clear pathways for advancement, promotion opportunities, and performance-based bonuses.
 - Growth & Impact: A clear path for professional development and the opportunity to make a tangible impact on patient health.
 - Cross-Functional Learning: Opportunities to collaborate across different teams, expanding your skill set and broadening your understanding of the business.
 - Health & Wellness Coverage: HMO benefits to ensure your peace of mind, paired with quarterly medicine vouchers for use on our website.
 - Paid Time Off: Paid leaves to rest, recharge, and attend to personal priorities.
Application Process
Our application process typically takes one to three weeks, depending on your availability and progress:
Step 1: Submit your application form and complete the online assessment within seven days. Afterwards, results are shared in one to three business days.
Step 2: Qualified candidates attend a full-day onsite evaluation. Progression depends on performance at each stage. HR will notify you if your evaluation concludes early. Please arrive at the venue between 8:00 AM and 9:00 AM. The detailed schedule is as follows:
Initial Assessment
 - 8:00 AM - 10:00 AM: Onsite Assessment in 30-minute Batches
 - 10:30 AM – 12:00 PM: HR Panel Interview
Supplementary Assessment (as needed)
 - 12:00 PM – 1:00 PM: Lunch Break
 - 1:00 PM – 4:00 PM: One-on-One Interviews
 - 4:00 PM – 5:30 PM: CEO Forum
Step 3: Final review and background checks occur within three business days. Additional interviews may be requested.
Step 4: Receive final results within five to seven business days.","- Bachelor’s degree in Computer Science, Information Systems, Management Engineering, or a related field.
 - 4–8 years of technical product management or technical project delivery experience in high-growth, fast-paced environments.
 - Strong technical literacy across REST APIs, database schemas, system architecture, and modern web application development.
 - Demonstrated track record of managing competing priorities from multiple stakeholders under pressure.
 - Ability to work on-site in Makati City.",,2026-09-03T02:25:06.607146+00:00,2026-09-03T03:54:03.909597+00:00,2026-10-01T16:00:00+00:00,2026-09-11T06:05:58.222113+00:00,True,False,False,public,2026-09-11T11:14:23+00:00
271947,Senior Systems & AI Solutions Engineer | Makati,senior-systems-ai-solutions-engineer-makati,https://www.kalibrr.com/c/medgrocer/jobs/271947/senior-systems-ai-solutions-engineer-makati,MedGrocer,medgrocer,Hospital / Health Care,http://www.medgrocer.com,True,IT and Software,Contractual,1,400,0,550,False,False,False,Makati,Metro Manila,Philippines,"24, 408A, Sen. Gil Puyat Ave., Makati, Metro Manila, Philippines",14.55491,121.03512,True,50000,90000,PHP,month,"MedGrocer’s digitally-enabled corporate healthcare solutions and patient programs empower our customers to get their medicines, vaccines, and teleconsultations conveniently, cost-effectively, and intelligently.
The Senior Systems & AI Solutions Engineer is responsible for the high-level architecture, systems resilience, and evaluation and integration of emerging technologies—including AI and automation—that ensure our platform remains the gold standard for patient care.
Why Join MedGrocer?
You will have high-level autonomy to design and scale core architectures that provide life-saving interventions for over one million Filipinos every year. You will spearhead the integration of applied AI workflows, modernizing developer tools and engineering practices across the entire organization.
Key Responsibilities
 - Architect, build, and deploy production-ready applied AI systems, including retrieval-augmented generation (RAG) pipelines, automated document processing, and operational triage workflows.
 - Audit and refactor critical backend services and legacy bottlenecks to reduce latency, eliminate single points of failure, and ensure high system availability.
 - Champion AI-assisted engineering practices across the team, integrating modern AI tooling to accelerate development throughput and catch regressions early.
 - Oversee software development lifecycles (SDLC) by establishing automated CI/CD pipelines, integration testing suites, and high standards for peer code reviews.
 - Govern cybersecurity and data privacy standards to safeguard sensitive patient records and ensure compliance with healthcare information frameworks.
Perks and Benefits
 - Performance Incentives & Career Progression: Recognition through clear pathways for advancement, promotion opportunities, and performance-based bonuses.
 - Growth & Impact: A clear path for professional development and the opportunity to make a tangible impact on patient health.
 - Cross-Functional Learning: Opportunities to collaborate across different teams, expanding your skill set and broadening your understanding of the business.
 - Health & Wellness Coverage: HMO benefits to ensure your peace of mind, paired with quarterly medicine vouchers for use on our website.
 - Paid Time Off: Paid leaves to rest, recharge, and attend to personal priorities.
Application Process
Our application process typically takes one to three weeks, depending on your availability and progress:
Step 1: Submit your application form and complete the online assessment within seven days. Afterwards, results are shared in one to three business days.
Step 2: Qualified candidates attend a full-day onsite evaluation. Progression depends on performance at each stage. HR will notify you if your evaluation concludes early. Please arrive at the venue between 8:00 AM and 9:00 AM. The detailed schedule is as follows:
Initial Assessment
 - 8:00 AM - 10:00 AM: Onsite Assessment in 30-minute Batches
 - 10:30 AM – 12:00 PM: HR Panel Interview
Supplementary Assessment (as needed)
 - 12:00 PM – 1:00 PM: Lunch Break
 - 1:00 PM – 4:00 PM: One-on-One Interviews
 - 4:00 PM – 5:30 PM: CEO Forum
Step 3: Final review and background checks occur within three business days. Additional interviews may be requested.
Step 4: Receive final results within five to seven business days.","- Bachelor’s degree in Computer Science, Software Engineering, Information Technology, or a related field.
 - 4–8 years of professional software engineering and systems architecture experience with production ownership.
 - Hands-on experience implementing AI models, LLM APIs, and vector search in production environments.
 - Deep proficiency in backend architecture, relational/non-relational databases, API design, and automated testing frameworks.
 - Ability to work on-site in Makati City.",,2026-09-03T02:27:59.636489+00:00,2026-09-03T03:53:48.783447+00:00,2026-10-01T16:00:00+00:00,2026-09-03T03:53:48.753636+00:00,True,False,False,public,2026-09-11T11:14:21+00:00
271948,Senior Product Engineer | Makati,senior-product-engineer-makati,https://www.kalibrr.com/c/medgrocer/jobs/271948/senior-product-engineer-makati,MedGrocer,medgrocer,Hospital / Health Care,http://www.medgrocer.com,True,IT and Software,Contractual,1,200,0,550,False,False,False,Makati,Metro Manila,Philippines,"24, 408A, Sen. Gil Puyat Ave., Makati, Metro Manila, Philippines",14.55491,121.03512,True,50000,90000,PHP,month,"MedGrocer’s digitally-enabled medicine programs, telehealth services, and corporate clinic medical staff work with hundreds of employers and pharma companies to improve the physical and mental health of over one million Filipinos every year.
The Senior Product Engineer (UI-Focused) is responsible for designing, building, and refining responsive web applications across our patient portals, corporate wellness platforms, and clinical management systems.
Why Join MedGrocer?
You will take direct ownership of user-facing interfaces that hundreds of thousands of patients, doctors, and corporate clients interact with daily. You will enjoy the autonomy to craft modern frontend architectures, build robust design systems, and transform complex medical logistics into intuitive digital experiences.
Key Responsibilities
 - Build responsive, accessible, and high-performance user interfaces using modern frontend technologies (React, Next.js, TypeScript, Tailwind CSS, and shadcn).
 - Translate wireframes and Figma prototypes into clean, production-ready code with meticulous attention to UI layout, micro-interactions, and visual ergonomics.
 - Own the end-to-end integration between frontend components and backend REST APIs, managing client state, caching, error states, and real-time streaming data for AI features.
 - Take pragmatic UX ownership over edge cases, loading states, and complex form validations, even when specifications are lean.
 - Optimize frontend assets and rendering performance to ensure low latency and cross-device compatibility across various network conditions.
 - Maintain frontend component libraries and automated UI testing suites to prevent regressions and enforce consistent design patterns.
Perks and Benefits
 - Performance Incentives & Career Progression: Recognition through clear pathways for advancement, promotion opportunities, and performance-based bonuses.
 - Growth & Impact: A clear path for professional development and the opportunity to make a tangible impact on patient health.
 - Cross-Functional Learning: Opportunities to collaborate across different teams, expanding your skill set and broadening your understanding of the business.
 - Health & Wellness Coverage: HMO benefits to ensure your peace of mind, paired with quarterly medicine vouchers for use on our website.
 - Paid Time Off: Paid leaves to rest, recharge, and attend to personal priorities.
Application Process
Our application process typically takes one to three weeks, depending on your availability and progress:
Step 1: Submit your application form and complete the online assessment within seven days. Afterwards, results are shared in one to three business days.
Step 2: Qualified candidates attend a full-day onsite evaluation. Progression depends on performance at each stage. HR will notify you if your evaluation concludes early. Please arrive at the venue between 8:00 AM and 9:00 AM. The detailed schedule is as follows:
Initial Assessment
 - 8:00 AM - 10:00 AM: Onsite Assessment in 30-minute Batches
 - 10:30 AM – 12:00 PM: HR Panel Interview
Supplementary Assessment (as needed)
 - 12:00 PM – 1:00 PM: Lunch Break
 - 1:00 PM – 4:00 PM: One-on-One Interviews
 - 4:00 PM – 5:30 PM: CEO Forum
Step 3: Final review and background checks occur within three business days. Additional interviews may be requested.
Step 4: Receive final results within five to seven business days.","- Bachelor’s degree in Computer Science, Information Technology, Multimedia Arts, or a related field.
 - 4–8 years of professional software engineering experience with a deep, demonstrable portfolio in frontend and UI development.
 - Mastery of modern JavaScript/TypeScript, React, Next.js, CSS frameworks (e.g., Tailwind CSS), and state management libraries.
 - Strong aesthetic sense and high design standards for typography, spacing, UI hierarchy, and responsive web design.
 - Ability to work on-site in Makati City.",,2026-09-03T02:30:59.580697+00:00,2026-09-03T03:53:30.710942+00:00,2026-10-01T16:00:00+00:00,2026-09-11T05:50:49.859002+00:00,True,False,False,public,2026-09-11T11:14:35+00:00
271974,Program Specialist,program-specialist-4,https://www.kalibrr.com/c/seameo-searca/jobs/271974/program-specialist-4,Southeast Asian Regional Center for Graduate Study and Research in Agriculture (SEARCA),seameo-searca,Graduate Study and Research in Agriculture Industry,https://www.searca.org/,True,Administration and Coordination,Full time,1,200,0,650,False,False,False,Los Baños,CALABARZON,Philippines,"Laguna, Los Baños, CALABARZON, Philippines",14.18072,121.23384,True,,,,,"Job Summary
Reporting to the Unit Head, Project Development & Technical Services, the Program Specialist is responsible for leading the development, technical review, and implementation of externally funded projects and service engagements in agriculture and rural development, securing funding opportunities, drafting competitive proposals, and managing multidisciplinary teams and partners to achieve Searca’s Five-Year Development Plan targets.
Terms of Reference:
KRA 1: Project Development
 - Identifies project opportunities in the areas of agriculture, rural development, environmental management, and other cross-cutting programs and projects.
 - Writes and develops technical proposals, concept notes, Expression of Interests.
 - Prepares the external and internal budget of new projects.
 - Conducts necessary research and data gathering including benchmarking and scoping visits.
 - Identifies and liaises with experts, institutions, development partners and other stakeholders for the development and preparation of proposals.
 - Coordinates with other departments and units of the Center for the packaging of core programs or proposals.
 - Coordinates internal clearance processes of proposals.
 - Participates in project team meetings and planning activities.
 - Assists in contract/Memorandum of Agreement negotiation.
 - Identifies consulting/Professional Technical Services opportunities relevant to Searca’s thrusts in the region, particularly in the areas of agriculture, rural development and environmental management.
 - Manages the database of projects, concept notes/ Expression of Interests), and proposals submitted for funding.
 - Assists in service contract negotiation.
 - Assists in the preparation and implementation of the Unit’s marketing plan
 - Assists in the business or marketing visits to potential donors/funding agencies/clients’ institutional partner, etc.
 - Coordinates, liaises, facilitates, and participates in activities to strengthen cooperation with international, regional and national organizations such as but not limited to regional development activities that relate to Searca’s mandate
 - Represents Pdts/Searca in relevant meetings, consultations, and negotiations with prospective partners
KRA 2: Technical Services
 - Manages day-to-day implementation of approved projects, including timelines, deliverables, and coordination with partners
 - Mobilizes and coordinates technical experts, consultants, and partners as needed
 - Supervises and provides guidance to the Project Coordinator, Project Associate, and Project Assistant assigned to the project(s).
 - Reviews technical outputs of project teams and consultants for consistency and alignment with Searca standards
 - Ensures deliverables meet donor and partner requirements prior to submission
 - Contributes to knowledge products (e.g., policy briefs, publications) arising from project work
Other Tasks:
 - 1. Prepares reports and presentations as deemed necessary.
 - 2. Perform other tasks as deemed necessary for project development and implementation
Applications will be received not later than 17 September 2026 or until a suitable candidate is accepted/hired.","Qualifications
Education:
Master’s degree in Agricultural Economics, Economics, Environmental Economics, or a related field.
Work Experience:
Five (5) years of relevant work experience in proposal development/ program design and implementation, particularly preparing and reviewing technical and financial proposals and ensuring submissions meet donor, client, or organizational requirements, guidelines, and deadlines. With working knowledge of Southeast Asian agricultural and rural development issues, preferably in a similar post and capacity.
Skills
 - Proposal Development and Communication: Exceptional ability to develop compelling project proposals, prepare engaging presentations, and effectively market program initiatives.
 - Research and Analysis: Strong analytical and research skills, including the ability to gather, synthesize, and interpret complex data.
 - Communication and Collaboration: Excellent written and oral communication skills, with a proven ability to build and maintain strong relationships with diverse stakeholders (local, national, and international).
 - Project Management: Above-average skills in project planning, organization, monitoring, and coordination.
 - Computer Proficiency: Proficient in standard computer software applications (word processing, presentation software, spreadsheets, databases, search engines, and quantitative analytical tools).",,2026-09-03T05:57:45.598259+00:00,2026-09-03T05:57:48.518699+00:00,2026-09-16T16:00:00+00:00,2026-09-03T05:57:48.179798+00:00,True,False,False,public,2026-09-11T11:19:50+00:00
272003,Market Research Operations Internship Program,market-research-operations-internship-program-3,https://www.kalibrr.com/c/kadence-international-business-research-inc/jobs/272003/market-research-operations-internship-program-3,Kadence International,kadence-international-business-research-inc,Market Research,https://kadence.com/office/philippines/,True,Management and Consultancy,Contractual,4,100,0,200,False,True,False,Pasig,Metro Manila,Philippines,"29th Floor, Ruby Rd, San Antonio, Pasig, Metro Manila, Philippines",14.57937,121.0866,True,,,,,"We are looking for an energized Operations Intern to join our team!
What to expect:
 - Assist in conducting comprehensive market research
 - Support in data analysis as needed
 - Help in drafting reports as needed
 - Provide support for projects and other initiatives
What we're looking for:
 - Student pursuing a degree in Communication Research, Sciences, or any equivalent field; enrolled in the current academic year with a requirement to complete at least 300 internship hours.
 - Strong attention to detail.
 - Proficiency in Microsoft Office Suite and Google Workspace (Docs, Sheets, Presentations).
 - Ability to work independently and collaborate within a team.
 - With a stable internet connection and availability to work at least 6 hours per day.
What you'll get:
 - Flexible hours to accommodate the academic schedule and hybrid work arrangement.
 - Internship allowance upon completion of required hours.
 - Provision of a company laptop during the internship program.
 - Hands-on experience in a fast-paced environment.","- Strong communication skills
 - Good customer service orientation
 - Ability to work effectively in a team
 - Excellent time management
 - Analytical and critical thinking skills
 - Currently enrolled in the academic year with an internship requirement
 - Pursuing a degree in Communication Research, Sciences, or any related/equivalent field",,2026-09-03T11:08:57.641186+00:00,2026-09-03T11:16:17.045106+00:00,2026-11-01T16:00:00+00:00,2026-09-10T12:17:23.473548+00:00,True,False,False,public,2026-09-11T11:21:31+00:00
272010,Demand Planning Associate Manager,demand-planning-associate-manager,https://www.kalibrr.com/c/ardent-world-inc/jobs/272010/demand-planning-associate-manager,Ardent World Inc.,ardent-world-inc,Consumer Goods,https://www.linkedin.com/company/ardent-world-inc/,True,Supply Chain,Full time,1,400,0,550,False,False,False,Makati,Metro Manila,Philippines,"2F Global Enterprise Bldg., 138, H.V. Dela Costa , Makati, Metro Manila, Philippines",14.55491,121.03512,True,,,,,"Join Our Talent Community
Our Purpose
We are Ardent World Inc, an FMCG, in the business of personal care and retail vanity products. AWI is the product of a passionate desire to bring quality, affordable skin care solutions to everyone. We combine passion with science and in-depth analytics to bring products to market that people can feel and see the difference.
A World of Opportunities
AWI Professionals in our talent community share the same passion for excellence and thrives well with these qualities:
 - Goal driven mindset;
 - Firm understanding of business and economics to develop strategies and grow the business;
 - Strong creative and problem-solving skills;
 - Strong management and leadership skills: able to get the best of people and inspire them to follow
 - Excellent communication skills: can interact with different organizational levels;
 - Learning attitude: to keep up with the digital transformation of the organization.
What’s in it for you?
 - Play a key role in the analysis of sales performance;
 - Champion reports finding as a tool to recommend strategy and action plan to optimize sales;
 - Develop and utilize your expertise as we gear towards digital transformation;
 - Maximize career growth opportunities within the organization.
Professional Experience and Required Qualifications:
 - Candidates must be a graduate of Finance, Economics, Industrial Engineering, Mathematics, or any related course;
 - At least 7 years of related experience from a consumer goods set up is an advantage;
 - Strong quantitative and qualitative analysis, and intermediate to advanced excel skills and other common database reporting tools;
 - Ability to create reports that communicate information and insights for both internal and external audiences.
 - Good in verbal and written communication.","Essential Job Functions:
 - Works with sales, brand, trade marketing and operations to process, gather information, conduct analysis, develop reports to drive accurate sales data.
 - Pro-actively analyses win-loss data and reports finding for line manager as tool for the latter to recommend strategy and action plan.
 - Consolidates, reports and evaluates forecast month and quarter focus and reports performance to line manager.
 - Develops presentation that analyze sales activities in the attainment of sales objectives.",,2026-09-04T02:10:49.183888+00:00,2026-09-04T02:10:56.219076+00:00,2026-11-02T16:00:00+00:00,2026-09-07T06:35:14.791250+00:00,True,False,False,public,2026-09-11T11:18:39+00:00
272035,Purchasing Buyer,purchasing-buyer-10,https://www.kalibrr.com/c/toyota-motors-philippines-corporation/jobs/272035/purchasing-buyer-10,Toyota Motor Philippines Corporation,toyota-motors-philippines-corporation,Automotive - Manufacturing,http://www.toyota.com.ph,True,Administration and Coordination,Full time,1,200,0,550,True,False,False,Santa Rosa,Laguna,Philippines,"Santa Rosa, Laguna, Sta. Rosa-Tagaytay National Hwy, Pulong Santa Cruz, Philippines",14.29606,121.10583,True,22000,25000,PHP,month,"Toyota Motor Philippines is looking for a Purchasing Buyer to join our Purchasing Department based in Santa Rosa, Laguna, Philippines.
The Purchasing Buyer is a member of the Facilities & Materials Section that ensures the timely and cost-effective procurement of indirect materials, services, and projects required by the company. The role is responsible for supplier sourcing and accreditation, bidding and contract management, cost reduction initiatives, and supply risk management while ensuring quality, delivery, safety, and continuous improvement in purchasing operations.
In this role, you are expected to be a domain expert in strategic sourcing, supplier management, contract administration, cost management, and purchasing process improvement.
Your role and responsibilities:
 - Conduct sourcing, price reviews, and procurement activities for indirect materials, services, and projects to ensure competitive cost, quality, and on-time delivery.
 - Manage the end-to-end buyer function, including PR/PO processing, supplier accreditation, bidding, negotiation, awarding, and contract administration.
 - Identify, evaluate, and develop reliable suppliers while expanding and strengthening the company's supply base.
 - Lead supplier performance improvement initiatives focusing on safety, quality, cost, and delivery objectives.
 - Conduct cost analysis, cost reduction activities, and financial risk management to support business objectives.
 - Develop and implement purchasing and sourcing strategies that enhance operational efficiency and business continuity.
 - Maintain and manage supplier databases, purchasing records, and procurement reports.
 - Coordinate with internal stakeholders and regional purchasing offices to ensure alignment of procurement activities and requirements.
 - Drive continuous improvement initiatives to strengthen purchasing processes and supplier management systems.","- You have a bachelor's degree in Business Administration major in Operations Management or Supply Chain Management
Skills:
 - Strong analytical, problem-solving, and numerical skills.
 - Excellent negotiation and supplier management skills.
 - Project management and coordination skills.
 - Excellent computer proficiency in Microsoft Office (Excel, Word, PowerPoint).
 - Knowledge of Power BI and other digitalization tools or initiatives is an advantage
 - Excellent English written and verbal communication skills.
 - Highly organized and detail oriented.
 - Ability to work with diverse personalities and cross-functional teams.
 - Strong business acumen and cost management mindset.
 - Resilient, proactive, and results-oriented team player.",,2026-09-04T07:02:28.046777+00:00,2026-09-04T07:05:32.001007+00:00,2026-11-02T16:00:00+00:00,2026-09-11T01:59:29.446522+00:00,True,False,False,public,2026-09-11T11:20:33+00:00
272036,Emergency and Risk Management Staff,emergency-and-risk-management-staff,https://www.kalibrr.com/c/toyota-motors-philippines-corporation/jobs/272036/emergency-and-risk-management-staff,Toyota Motor Philippines Corporation,toyota-motors-philippines-corporation,Automotive - Manufacturing,http://www.toyota.com.ph,True,General Services,Full time,1,200,0,550,True,False,False,Santa Rosa,Laguna,Philippines,"Sta. Rosa-Tagaytay National Hwy, Pulong Santa Cruz, Santa Rosa, Laguna, Philippines",14.29606,121.10583,True,22000,25000,PHP,month,"Toyota Motor Philippines is looking for a proactive, safety-focused, and technically capable Emergency and Risk Management Staff to join the Emergency and Risk Management Group.
This role is responsible for supporting the company's emergency preparedness, fire protection, risk management, compliance, and continuous improvement initiatives through equipment management, technical project execution, training, audits, and emergency response activities.
The ideal candidate has a strong engineering background, analytical and problem-solving skills, and a passion for safety, operational excellence, and continuous improvement.
Key Responsibilities
 - Emergency Preparedness, Response, and Risk Management
 - Support emergency preparedness and response activities, including emergency response brigade management and training programs.
 - Plan, execute, and evaluate company-wide emergency drills, simulations, and exercises.
 - Monitor severe weather conditions and issue timely advisories and recommendations.
 - Conduct fire incident investigations, reporting, information sharing, Yokoten, and Yarikiri activities.
 - Perform Hot Work Permit evaluation, approval, monitoring, and compliance verification.
 - Support internal and external risk management audits and ensure compliance with legal, regulatory, and internal audit requirements.
Fire Protection Equipment Planning and Management
 - Plan, evaluate, renew, maintain, and monitor emergency rescue, firefighting, and fire protection equipment and facilities.
 - Map, visualize, and track equipment condition, status, and performance.
 - Develop short-, mid-, and long-term equipment improvement, replacement, and renewal plans.
 - Monitor implementation progress and recommend corrective or preventive actions to improve equipment reliability and readiness.
System Improvement and Project Management
 - Provide technical assistance for system and process improvement initiatives.
 - Evaluate existing procedures, identify improvement opportunities, and recommend enhancements.
 - Establish, review, and update operational standards, procedures, and controls.
 - Plan, facilitate, and implement improvement projects related to emergency management, fire protection, and risk mitigation.
 - Coordinate with area owners regarding changepoints, facility developments, and risk-related concerns.
 - Facilitate project-related coordination with internal and external stakeholders.
Training, Documentation, and Reporting
 - Plan, develop, and conduct safety, emergency response, risk management, and fire protection training programs.
 - Prepare and maintain technical documents, reports, records, and presentations.
 - Conduct daily safety patrols and monitor corrective action progress.
 - Prepare and update concept papers, project proposals, status reports, and management reports.
 - Maintain accurate documentation related to audits, compliance activities, incidents, projects, and emergency preparedness programs.","Qualifications
 - Bachelor's Degree in Industrial Engineering, Mechanical Engineering or Civil Engineering
 - Must be willing to work onsite and travel or rotate between Santa Rosa, Laguna and Batangas as required by business operations.
 - Demonstrates a high level of commitment and accountability in fulfilling responsibilities, including responding to urgent operational and emergency requirements when needed.
 - Adaptable to changing work demands, locations, and schedules in support of business continuity and emergency preparedness activities.
 - Possesses strong verbal and written communication skills, with the ability to effectively coordinate with stakeholders, facilitate training sessions, and prepare reports and presentations.
Technical Competencies
 - Ability to understand and interpret building plans, engineering drawings, and facility layouts.
 - Knowledge of fire suppression systems, firefighting equipment, and piping layouts.
 - Ability to understand electrical and mechanical plans.
 - Knowledge of time study methodologies, process analysis, and continuous improvement principles.
 - Strong analytical, problem-solving, and project coordination skills.
 - Excellent communication, documentation, and stakeholder management abilities.
Computer Skills
 - Proficient in Microsoft 365 applications and digital solutions development.
 - Knowledge of engineering and design software such as AutoCAD and SketchUp.
 - Familiarity with data visualization, reporting, and process documentation tools is an advantage.
Preferred Experience
 - Emergency response, firefighting, and emergency preparedness activities.
 - Risk management, safety, and compliance programs.
 - Time study, process improvement, and continuous improvement projects.
 - First Aid and Basic Life Support (BLS).
 - Conducting training, workshops, and educational sessions.
 - Equipment planning, maintenance, and project implementation.
 - Driving skills",,2026-09-04T07:14:58.504597+00:00,2026-09-04T07:17:01.661819+00:00,2026-11-02T16:00:00+00:00,2026-09-08T10:52:47.601179+00:00,True,False,False,public,2026-09-11T11:21:45+00:00
272064,Project Staff for Data Management Support,project-staff-for-data-management-support,https://www.kalibrr.com/c/ateneo-de-manila-university-1/jobs/272064/project-staff-for-data-management-support,Ateneo de Manila University,ateneo-de-manila-university-1,Higher Education / Academia,http://www.ateneo.edu/,True,IT and Software,Full time,1,300,0,550,False,False,False,Quezon City,Metro Manila,Philippines,"Katipunan Ave, Loyola Heights, Quezon City, Metro Manila, Philippines",14.67297,121.04949,True,,,,,"Summary Project Scope
The Project Staff will support the implementation of SQMO' data management’s mandate to strengthen institutional data management for key decision-makers and University stakeholders. This project aims to improve the collection, processing, analysis, visualization, and documentation of institutional data by developing user-centered dashboards, reports, and supporting resources that provide accurate, aligned, and actionable information for evidence-based decision-making across the University.
The Project Staff will primarily assist in gathering and processing data, and transforming data into insightful information through the creation of University dashboards, as well as documenting dashboard guides for the University's stakeholders, under the guidance of the Data Management Head and in close collaboration with other members of the Data Management Team.
Principal Accountabilities:
 - Gather, clean, validate, and consolidate institutional data from various University units and data sources.
 - Process, organize, and maintain datasets to ensure data accuracy, consistency, and completeness.
 - Assist in the analysis and interpretation of institutional data to identify key trends, patterns, and insights.
 - Support the design, development, testing, and maintenance of interactive dashboards and data visualizations.
 - Prepare summary reports and analytical narratives that communicate key findings, highlights, trends, and potential areas of concern.
 - Develop and update dashboard documentation, user guides,, and other reference materials.
 - Assist in monitoring data quality by identifying inconsistencies, validating outputs, and recommending corrective actions.
 - Collaborate with the Data Management Head and members of the Data Management Team in implementing data management initiatives and continuously improving reporting processes.
 - Perform other data management and analytics-related tasks as may be assigned in support of SQMO initiatives.
Project Deliverables:
 - Cleaned, validated, and organized institutional datasets ready for analysis and reporting.
 - Interactive dashboards and data visualizations supporting institutional monitoring and strategic decision-making.
 - Summary reports highlighting key findings, trends, patterns, and insights from institutional data.
 - Dashboard user guides, documentation, and reference materials for University stakeholders.
 - Timely completion of assigned data processing, analytics, visualization, and documentation outputs in accordance with project timelines.","Education:
 - Bachelor’s degree in any of the following (or related) fields: Management Information Systems, Computer Science, Data Science, Information Technology, Management, Economics, Business Administration, or any quantitative or analytics-related discipline.
Experience:
 - At least one (1) year of relevant work experience in data management, data processing, data analysis, reporting, business intelligence, dashboard development, or related fields.
 - Experience using Google Sheets, including advanced formulas, pivot tables, lookup functions, and data manipulation techniques.
 - Experience with Google Data Studio (formerly Google Looker Studio) or similar dashboard and data visualization platforms is an advantage.
 - Experience working with institutional, administrative, or operational datasets is an advantage.
 - Experience in a higher education, research, or data-driven environment is an advantage.",,2026-09-05T01:41:54.216893+00:00,2026-09-05T01:42:11.882612+00:00,2026-11-03T16:00:00+00:00,2026-09-09T00:03:01.566655+00:00,True,False,False,public,2026-09-11T11:15:42+00:00
272065,Pharmacist,pharmacist,https://www.kalibrr.com/c/ascend-rx/jobs/272065/pharmacist,Ascend RX,ascend-rx,Pharmaceuticals,https://www.facebook.com/share/19PoKhXxr9/,True,Health and Medical,Full time,1,200,0,550,True,False,False,Makati,Metro Manila,Philippines,"GF Ewest mall, Eton Westend, Chino Roces Ave, San Antonio, Makati, Metro Manila, Philippines",14.55491,121.03512,True,22000,25000,PHP,month,"The Order Management Associate (Pharmacist) provide support in acknowledgment of orders and documentation support to the Order Management team. This role focuses on acknowledgment logging, data organization, and encoding assistance to ensure smooth workflow and timely order processing.
Essential Functions
A. Order Encoding and Documentation Support
 - Receive and organize incoming prescriptions and orders files.
 - Ensure prescriptions are properly labeled and stored in digital folders.
 - Maintain organized tracking logs of all incoming orders.
 - Encode approved orders into designated systems (Compounder, trackers, OneDrive).
 - Prepare and organize prescription files (soft and hard copies).
 - Assist in backlog clearance during peak volume day.
 - Prepares other task requires in order management.
B. Order Acknowledgment Support
 - Assist in acknowledging orders across platforms under guidance of Order Management Specialist II.
 - Flag incomplete or unclear orders for review
 - Ensure acknowledgment logs are updated in real time.
C. Administrative and Reporting Support
 - Assist in preparing weekly OMD reports.
 - Update trackers, dashboards, and monitoring files.
 - Ensure documentation completeness before handover to QA & Logistics.
D. Cross Functional Assistance
 - Perform other operationally required tasks assigned by heads.
 - Adhere to company standards and policies at all times.","Education: A Bachelor of Science in Pharmacy
License: An active Professional Regulation Commission (PRC) Pharmacist License in the Philippines.
Experience: At least one year of working experience in a pharmacy setting.
Travel & Relocation: A high willingness to travel or relocate near the office in Makati for on-site operations.
Location: In-person or on-site work.",,2026-09-05T02:51:51.973669+00:00,2026-09-07T07:13:49.079377+00:00,2026-10-09T16:00:00+00:00,2026-09-07T07:13:48.976784+00:00,True,False,False,public,2026-09-11T11:19:22+00:00
272112,Regulatory Pharmacist,regulatory-pharmacist-5,https://www.kalibrr.com/c/rudolf-lietz-inc/jobs/272112/regulatory-pharmacist-5,"Rudolf Lietz, Inc.",rudolf-lietz-inc,International Trade / Raw Materials Chemical Supply Chain,http://lietz.com/,True,Sales and Marketing,Full time,2,200,0,550,False,False,False,Parañaque,Metro Manila,Philippines,"Lietz Industrial Complex, Edison Avenue (P. Leviste), Parañaque, Metro Manila, Philippines",14.47121,121.02198,True,,,,,"Pharmacist has multiple functions. For regulatory work, he/she is responsible for the renewal of licenses and compliance with government requirements from the FDA, PDEA, DDB and BAI depending on which of these are assigned to the individual. A Pharmacist is also responsible for regulating incoming shipments and outgoing deliveries intended for the Pharma Group. Maintenance of the sample cabinet and writing content for relevant company brochures is also a must.
To contribute to sales, a Pharmacist is responsible for providing technical support to sales colleagues in their product development projects with clients.
Experienced pharmacist will actively promote technically intensive products and create product approvals through direct communication with clients.","Must be a graduate of BS Pharmacy/Pharmacology
Must be Licensed Pharmacist
Must have a minimum of 1 to 2 years of experience in areas of QA/QC and/or regulatory in the pharmaceutical manufacturing/trading/distribution industry
Knowledge and/or experience in FDA, BAI, PDEA procedures highly desirable
Knowledge in ISO QMS and/or Halal an advantage
Above-average communication skills in English and Tagalog and can compose legal and business correspondence.
Pleasant disposition, firm personality, aggressive yet mild-mannered, with natural ability to project the required corporate and professional image personally and through the telephone.
Able to interrelate and maintain good working relationship with all departments in a corporate environment.
Computer literate in Windows environment and other commonly used office software.
Meticulous, energetic, systematic, self-driven, able to work with minimum supervision; ability to report to superiors without prodding.
Cheerful disposition; does not wilt under pressure in our fast-paced trading environment which requires speed and getting things done promptly attitude – no tendency to procrastinate.
Capability/potential for acquiring higher responsibilities",,2026-09-07T03:33:21.790525+00:00,2026-09-07T03:33:26.851852+00:00,2026-10-30T16:00:00+00:00,2026-09-07T03:33:26.811760+00:00,True,False,False,public,2026-09-11T11:21:27+00:00
272123,Librarian III_Photoduplication,librarian-iii-photoduplication-2,https://www.kalibrr.com/c/ateneo-de-manila-university-1/jobs/272123/librarian-iii-photoduplication-2,Ateneo de Manila University,ateneo-de-manila-university-1,Higher Education / Academia,http://www.ateneo.edu/,True,Education and Training,Full time,1,300,0,650,False,False,False,Quezon City,Metro Manila,Philippines,"Katipunan Ave, Loyola Heights, Quezon City, Metro Manila, Philippines",14.67297,121.04949,True,,,,,"Summary of Work Activities and Responsibilities:
The Librarian III provides library services alongside offering user support. Additionally, the position provides support to the management of section operations.
Main Duties and Responsibilities:
I. Library Services
 - Performs tasks related to library technical services, including but not limited to:
 - Cataloging and classifying library materials
 - Maintaining an accurate, up-to-date database of library holdings
 - Physically processing items being added to and withdrawn from the collection
 - Performs archival work related to the long-term preservation and provision of
 - access to special collections
 - Prepares bibliographies and guides, as well as other instructional and research tools, to enhance access to materials
II. Library User Support
 - Conducts comprehensive orientations for library users, both informally and formally at the start of the academic year for undergraduate and graduate students
 - Provides ongoing assistance and services to individuals seeking help throughout the day, fostering a supportive and inclusive library environment
 - Provides Reader’s Advisory Services by directing individuals to materials (print, non-print, electronic) likely relevant to their research interests, suggesting potential sources of information needed, and offering on-the-spot instruction for navigating challenging library resources
 - Responds to reference queries in person, by phone, email, or other communication channels, and offer research assistance and information retrieval support
III. Section Management Support
 - Assists in the supervision of the planning, implementation, and monitoring of programs and activities that support the functions and services of the section
 - Collaborates with other library sections, University offices, organizations, and associations to support library operations, information services, and information literacy initiatives
 - Assists in the development and maintenance of the library section's operations manual, ensuring that policies and procedures are documented and updated as necessary
 - Maintains order within the library, preventing vandalism, theft, and other disruptions
 - In the absence of the Section Head, oversees and manages the day-to-day operations of the section
IV. Performs other duties as may be assigned by the immediate supervisor, or any authorized representative.","Knowledge, Skills, and Abilities:
 - Knowledge of Library Operations and Standards: Demonstrates knowledge of library operations and the current trends/issues in librarianship, including information literacy, intellectual freedom, and copyright laws while exhibiting adherence to industry standards
 - Library Management Software Familiarity: Proficient in utilizing library management software or systems for efficient workflow management
 - Decision-Making Skills: Proficient in analyzing complex situations, weighing options, and making informed decisions to achieve desired outcomes
 - Technological Savvy: Demonstrates proficiency in Microsoft Office Applications, Windows or OSX operating systems and other Internet applications
 - Task Management and Prioritization: Demonstrates the capability to handle multiple tasks concurrently and identify work priorities efficiently
 - Attention to Detail and Organizational Skills: Strong attention to detail and exceptional organizational skills to ensure accuracy and efficiency in tasks
 - Effective Communication Skills: Proficient in communicating effectively both orally and in writing to convey information clearly and concisely to all stakeholders
 - Interpersonal Relations Skills: Ability to foster positive interpersonal relationships with stakeholders in a collaborative environment
 - Commitment to Customer Service Excellence: Dedicated commitment to delivering high-quality customer service and meeting the needs of all library users with professionalism and courtesy
Education and Experience Requirements:
 - Master’s degree in Library Science (MLS) or Library and Information Science (MLIS); or Master’s degree in another field appropriate to tertiary level library needs
 - Licensed Librarian
 - At least 4 years of library experience in a professional area
 - At least 3 years of supervisory experience",,2026-09-07T06:37:40.861592+00:00,2026-09-07T06:37:50.080916+00:00,2026-11-05T16:00:00+00:00,2026-09-07T06:37:49.635453+00:00,True,False,False,public,2026-09-11T11:19:47+00:00
272141,Mid AI Machine Learning Engineer,mid-ai-machine-learning-engineer-2,https://www.kalibrr.com/c/sprout/jobs/272141/mid-ai-machine-learning-engineer-2,Sprout Solutions,sprout,Information Technology / IT,http://sprout.ph/,True,IT and Software,Full time,1,200,0,550,False,True,False,Mandaluyong,Metro Manila,Philippines,"th Floor, United St, Highway Hills, Mandaluyong, Metro Manila, Philippines",14.5789,121.04414,True,,,,,"Main Area of Responsibility:
As an AI/ML Engineer, you will help design, build, and deploy intelligent systems and AI agents that power next-generation experiences across our products. You will work closely with senior engineers and cross-functional teams to implement agentic workflows, orchestration pipelines, and model integrations using frameworks such as LangChain, LangGraph, and other emerging AI toolkits.
Your role will involve developing AI agents, API wrappers, and microservices that connect various systems, enabling contextual reasoning and automation. You will also assist in fine-tuning and deploying machine learning or foundation models where applicable and ensure that AI components are reliable, scalable, and aligned with responsible AI principles.
The AI Chapter owns all AI-specific deployment, observability, and lifecycle operations, and as part of this team, you will support efforts to maintain these pipelines, modernize APIs for AI consumption, and, where required, help implement Model Context Protocol (MCP) or similar interoperability layers to enhance agent-to-system communication.
Responsibilities:
 - Contribute to the development and deployment of AI agents and workflow-based systems that autonomously perform reasoning and decision-making tasks.
 - Implement and maintain AI workflows using orchestration frameworks such as LangChain, LangGraph, or similar, enabling tool use, memory, and contextual understanding.
 - Integrate agents with internal and external APIs, databases, and third-party tools to enable intelligent automation and information retrieval.
 - Assist in the development and maintenance of API wrappers or connectors that allow agents to interact with enterprise systems and external services.
 - Collaborate with platform and engineering teams to modernize and document APIs, ensuring they are optimized for AI agent interoperability, observability, and security.
 - Support the design or implementation of Model Context Protocol (MCP) or similar standards to facilitate seamless interaction between agents and systems.
 - Fine-tune or adapt custom ML or foundation models for specific use cases and deploy them as part of the agentic pipeline when necessary.
 - Support AI-centric DevOps and MLOps workflows, including CI/CD for model services, environment configuration, versioning, and telemetry integration.
 - Participate in the monitoring, evaluation, and continuous improvement of deployed AI systems through feedback loops and observability metrics.
 - Follow responsible AI guidelines, ensuring fairness, transparency, explainability, and safety in all implementations.
 - Collaborate with senior engineers to document designs, improve internal AI frameworks, and maintain clean, production-ready codebases.","- Bachelor’s degree in Computer Science, Artificial Intelligence, Engineering, or a related field is preferred.
 - 2–4 years of experience in AI engineering, software development, intelligent systems, or related fields, preferably involving applied AI, workflow automation, or production-grade solutions.
 - Hands-on experience building, integrating, or deploying AI agents, chatbots, intelligent workflows, or automation solutions, ideally using frameworks such as LangChain, LangGraph, LlamaIndex, Semantic Kernel, or similar.
 - Strong proficiency in Python, including FastAPI, and familiarity with modern software development practices such as version control, testing, and CI/CD.
 - Practical experience with API design and integration, including REST, gRPC, or GraphQL.
 - Understanding of machine learning concepts, including model fine-tuning, embeddings, model evaluation, prompt engineering, LLM operations, and Retrieval-Augmented Generation (RAG).
 - Familiarity with vector databases and retrieval architectures, such as Qdrant, Pinecone, or Weaviate.
 - Exposure to cloud platforms and managed AI/ML services, including Azure, AWS, or GCP.
 - Understanding of DevOps/MLOps practices, including CI/CD, environment automation, telemetry, and production deployment.
 - Familiarity with containerization and orchestration technologies such as Docker and Kubernetes is an advantage.
 - Strong analytical and problem-solving skills, with the ability to collaborate effectively with cross-functional technical teams.
 - Knowledge of Responsible AI principles, human-in-the-loop systems, and AI governance best practices is preferred.
 - Demonstrated curiosity and willingness to stay updated with emerging agentic AI, orchestration, interoperability frameworks (e.g., MCP), and open-source AI technologies.",,2026-09-07T08:47:13.060494+00:00,2026-09-07T08:47:20.582400+00:00,2026-11-05T16:00:00+00:00,2026-09-11T07:41:05.020174+00:00,True,False,False,public,2026-09-11T11:17:06+00:00
272168,Software Designer,software-designer,https://www.kalibrr.com/c/nova-virtual-solutions/jobs/272168/software-designer,Nova Virtual Solutions,nova-virtual-solutions,Hospital / Health Care,https://novavirtualsolutions.com/careers,True,IT and Software,Full time,1,200,0,550,False,False,False,Mandaluyong,Metro Manila,Philippines,"Mandaluyong, Metro Manila, Philippines",14.5789,121.04414,True,,,,,"User Interface Design: Create and refine the user interface (UI) designs for web and mobile applications in Nova Tech Solutions’ product suite. This includes Nova Care’s EVV web portal and mobile app interfaces, as well as UIs for other software projects for affiliated companies. Ensure that designs are clean, modern, and aligned with the functionality requirements.
User Experience Research & Design: Develop user experience (UX) workflows by understanding end-user needs and behaviors. Conduct user research, gather requirements from stakeholders, and translate findings into wireframes, storyboards, user flows, and prototypes. Design intuitive navigation and interaction patterns that make our applications easy to use.
Prototyping & Visualization: Use design and prototyping tools (such as Figma, Sketch, Adobe XD, or similar) to create interactive prototypes and high-fidelity mockups. These prototypes will be used to communicate design ideas to the development team and to gather feedback from stakeholders or test users.
 Collaborating with Development Teams: Work closely with software developers (front-end, mobile) and QA engineers to ensure the feasibility and correct implementation of your designs. Provide developers with necessary design assets (images, icons, style guides) and CSS/HTML guidance if needed. Adjust designs based on technical constraints or feedback while maintaining the integrity of the user experience.
Design System & Consistency: Develop and maintain a cohesive design system and style guide for Nova Tech Solutions’ products. Define UI components, color palettes, typography, and other design elements to ensure a consistent look and feel across all platforms (web and mobile). Update the style guide as new design patterns emerge or products evolve.
Usability Testing & Iteration: Plan and conduct usability tests or user feedback sessions for new interfaces and features. Identify pain points or confusion in the user interaction, and iterate on designs to improve usability and accessibility. Incorporate accessibility standards (e.g., WCAG) to ensure our products are usable by people with disabilities.
Graphic Assets & Branding: Ensure that all UI designs adhere to Nova Tech Solutions’ branding guidelines. Create or coordinate the creation of graphic assets (icons, logos, infographics) as needed for the applications. Work with marketing or branding teams (if applicable) to align the product’s visual identity with overall company branding.
Continuous Improvement: Keep up with the latest UI/UX trends, tools, and best practices. Suggest improvements to existing UIs and user workflows on an ongoing basis, even outside of major redesigns. Champion the cause of the end-user within the development team, ensuring that user experience considerations are integral to the development process.","• Education & Experience: Bachelor’s Degree in Graphic Design, Interaction Design, Human-Computer Interaction (HCI), Computer Science, or a related field. 5+ years of hands-on experience as a UI/UX Designer or Product Designer, working on web and mobile applications.
• Design Tools: Proficiency in industry-standard design and prototyping tools, such as Figma, Sketch, Adobe XD, Adobe Creative Suite (Illustrator/Photoshop), or similar. Ability to create wireframes, mockups, and clickable prototypes to effectively communicate design ideas.
• UX Skills: Strong understanding of UX design principles and methodologies. Experience conducting user research (e.g., interviews, surveys) and usability testing. Ability to create user personas, customer journey maps, and use case scenarios to inform design decisions.
• UI Skills: Excellent visual design skills with attention to detail. Knowledge of layout, typography, color theory, and modern design trends. Experience designing responsive interfaces that work across different screen sizes and devices (desktop, tablet, mobile).
• Web Technologies: Familiarity with front-end development technologies (HTML, CSS, basic JavaScript). While coding is not a primary responsibility, understanding how UIs are implemented helps in creating realistic designs and communicating effectively with developers.
• Communication & Collaboration: Strong communication skills to articulate design rationale and present design concepts to stakeholders or clients. Experience collaborating in cross-functional teams and incorporating feedback from project managers, developers, and users.
• Certifications: At least one relevant certification or formal training in UI/UX or design is preferred. Examples include UX Certification (NN/g UX Certificate), Google UX Design Professional Certificate, or any accredited course in user experience design or human-centered design. These demonstrate a commitment to keeping skills updated.
• Attention to Detail: A keen eye for detail and a commitment to delivering polished, high-quality design work. Ability to self-review and ensure consistency across your work (e.g., consistent padding, font usage, alignment).
• Adaptability: Ability to work on multiple projects simultaneously and adjust to shifting priorities. Comfortable working remotely with a distributed team initially and prepared to collaborate in-person in an office setting when required.
• Cultural Fit: A user-centric mindset and a collaborative approach that fits well with Nova Tech Solutions’ culture of innovation and excellence. Professional attitude with the ability to accept constructive feedback and continuously strive for improvement.",,2026-09-07T14:55:50.199834+00:00,2026-09-08T03:03:50.260685+00:00,2027-09-07T14:53:38.117000+00:00,2026-09-10T09:14:02.354217+00:00,True,False,False,public,2026-09-11T11:17:37+00:00
272170,Tax Accountant,tax-accountant-2,https://www.kalibrr.com/c/toyota-motors-philippines-corporation/jobs/272170/tax-accountant-2,Toyota Motor Philippines Corporation,toyota-motors-philippines-corporation,Automotive - Manufacturing,http://www.toyota.com.ph,True,Accounting and Finance,Full time,1,200,0,550,True,False,False,Santa Rosa,Laguna,Philippines,"Sta. Rosa-Tagaytay National Hwy, Pulong Santa Cruz, Santa Rosa, Laguna, Philippines",14.29606,121.10583,True,,,,,"Toyota Motor Philippines (TMP) is looking for Tax Accountant to join our Advisory & Compliance Team based in Santa Rosa City, Laguna, Philippines.
The Tax Accountant is a member of the Advisory & Compliance Group that is responsible in ensuring compliance with all tax laws and regulations, as well as providing support in tax planning and strategy to minimize tax liabilities.
In this role, you'll play a crucial part in shaping our tax policies and strategies, ensuring compliance. You are expected to be a domain expert in planning, reporting, and providing expert advice on tax-related matters to individuals.
Your role and responsibilities:
 - Prepare supporting schedules, alphalists, and e-filed tax returns (e.g., Excise Tax, Income Tax, VAT, Withholding Taxes, Fringe Benefits Tax, Documentary Stamp Tax, etc.), ensuring accuracy and full compliance with applicable tax laws and regulations
 - Maintain accurate and organized tax records and documentation
 - Review tax accounts and prepare entries to correct balances of such accounts
 - Monitor and ensure that tax reconciling items are booked in a timely manner
 - Review and monitor timely issuance of BIR Forms 2307 and 2306 to Suppliers
 - Assist and collaborate with other departments in the study and evaluation of tax and accounting, impact of new projects, business concepts, tax planning initiatives and strategies
 - Handle tax queries from management and various stakeholders regarding tax treatments
 - Provide information and guidance to management and various stakeholders regarding new or revised tax regulations, BIR rulings and issuances.
 - Coordinate renewal of business permits and monitor and process payment for business and real property taxes
 - Assist in handling BIR/BOC examinations and other projects
 - Assist during annual audit of financial statements","Our perfect match:
 - Graduate of BS Accountancy and must be a Certified Public Accountant
 - Fresh graduate CPAs must have tax exposure
 - With experience as Tax Accountant or Tax Auditor
 - Has strong understanding of Philippine tax laws and regulations and tax compliance
 - Excellent analytical and problem-solving skills
 - Detail-oriented with a high level of accuracy
 - Ability to work independently and with minimal supervision
 - Strong communication and interpersonal skills
Computer Skills:
 - Proficient in MS Office applications (Excel, Word & Powerpoint)
 - Knowledge in SAP is an advantage.",,2026-09-08T01:41:14.045343+00:00,2026-09-08T01:41:17.075490+00:00,2026-11-29T16:00:00+00:00,2026-09-10T11:03:26.545593+00:00,True,False,False,public,2026-09-11T11:20:28+00:00
272181,AI Engineer,ai-engineer-4,https://www.kalibrr.com/c/ncs-philippines/jobs/272181/ai-engineer-4,NCS Philippines Inc. ,ncs-philippines,Information Technology / IT,https://www.ncs.co,True,IT and Software,Full time,4,200,0,550,False,True,False,Taguig,Metro Manila,Philippines,"7th Floor, Fort Bonifacio, Taguig, Metro Manila, Philippines",14.51258,121.05878,True,,,,,"- Independently integrate and configure AI services (e.g., LLMs, vision, speech, language APIs) from Azure, AWS, and GCP
 - Develop, optimize, and test prompts for LLMs and generative AI
 - Prepare, preprocess, and validate data for use with platform AI services
 - Deploy and monitor AI-powered solutions using cloud-native tools
 - Collaborate with architects and platform engineers to deliver AI solutions
 - Document solution configurations, code, and operational procedures
 - Troubleshoot and resolve issues in AI solutions","- Education – Bachelor's degree in Computer Science, Software Engineering, or related field (or equivalent professional experience)
 - Cloud platform certifications (Azure AI Fundamentals, AWS Certified AI Practitioner) are beneficial
 - Related Work Experience 
 - 2-5 years of software development experience
 - 1+ year of experience integrating cloud APIs or services
 - Experience with Python and REST APIs
 - Familiarity with at least one cloud platform (Azure, AWS, or GCP)
 - Knowledge
 - Comprehensive knowledge of Azure AI services (Azure OpenAI, Cognitive Services, Speech, Vision)
 - Comprehensive knowledge of AWS AI services (Bedrock, SageMaker endpoints, Rekognition)
 - Comprehensive knowledge of GCP AI services (Vertex AI, Cloud AI APIs)
 - Advanced knowledge of prompt engineering techniques and optimization
 - Knowledge of data preprocessing and validation
 - Understanding of API design and integration patterns
Basic knowledge of cloud security and compliance
Skills – 
 - Collaboration: Works effectively with architects, platform engineers, and business users
 - Problem Solving: Breaks down AI requirements into manageable configurations
 - Communication: Clearly documents solutions and technical decisions
 - Continuous Learning: Stays current with platform AI capabilities and latest practices",,2026-09-08T04:09:22.315065+00:00,2026-09-08T04:09:29.440326+00:00,2026-12-06T16:00:00+00:00,2026-09-08T13:29:00.244456+00:00,True,False,False,public,2026-09-11T11:16:59+00:00
272209,Loan Specialist,loan-specialist-17,https://www.kalibrr.com/c/pafcpic-philippine-army-finance-center-producers-integrated-cooperative/jobs/272209/loan-specialist-17,PAFCPIC | Philippine Army Finance Center Producers Integrated Cooperative,pafcpic-philippine-army-finance-center-producers-integrated-cooperative,Financial Services ,https://pafcpic.ph/,True,Accounting and Finance,Full time,1,200,0,550,False,False,False,Catbalogan,Samar,Philippines,"Bayani Rd, Western Bicutan, Catbalogan, Samar, Philippines",11.81731,124.8414,True,28000,54000,PHP,month,"Job Description
1. Assesses loan applications and reviews documents.
2. Coordinates with concerned offices relative to loan applications.
3. Processes loan applications and prepares loan vouchers.
4. Computes interest rebates and encodes to Members Benefit & Interest Rebates
System (MBIRS).
5. Segregates loan documents for submission to designated offices.
6. Prepares periodic reports.
7. Performs such other duties as may be directed from time to time.","Minimum Qualifications and Experience
 - At least one (1) year of work-related experience
 - Bachelor’s Degree in Business Administration or any related course;
 - Public and Customer Relations skills;
 - Strong analytical and planning skills;
 - Good communication and presentation skills;
 - Marketing skills;",,2026-09-08T09:05:03.104456+00:00,2026-09-08T09:07:27.909423+00:00,2026-11-06T16:00:00+00:00,2026-09-09T07:51:23.415153+00:00,True,False,False,public,2026-09-11T11:21:17+00:00
272227,Library Assistant,library-assistant-5,https://www.kalibrr.com/c/ateneo-de-manila-university-1/jobs/272227/library-assistant-5,Ateneo de Manila University,ateneo-de-manila-university-1,Higher Education / Academia,http://www.ateneo.edu/,True,Education and Training,Full time,1,200,0,550,True,False,False,Quezon City,Metro Manila,Philippines,"Katipunan Ave, Loyola Heights, Quezon City, Metro Manila, Philippines",14.67297,121.04949,True,,,,,"Summary of Work Activities and Responsibilities:
The Library Assistant IV provides frontline, library use, and section management support in the day-to-day operations of the library collections and circulation counter of KEMC.
Main Duties and Responsibilities:
I. Circulation and Library User Support
 - Provides frontline assistance to students, teachers, parents, and other library patrons regarding services and resources.
 - Responds to informational queries regarding library policies, procedures, and facilities in a professional manner
 - Responds to email and other correspondence concerning circulation, overdue materials, and reservations
 - Guides users in locating specific books and utilizing library resources effectively
 - Handles circulation counter operations to facilitate the efficient movement of library materials
 - Processes check-out, check-in, and renewal transactions using the library management system to maintain accurate records
 - Receives and processes book reservations and retrieves requested materials for library users
 - Maintains the orderliness and professional atmosphere of the circulation area
II. Collection Management Support
 - Maintains the systematic organization and accessibility of the library collection
 - Shelves returned materials accurately according to the prescribed library classification system
 - Performs regular shelf reading to ensure the correct arrangement and easy retrieval of materials
 - Participates in the annual inventory activity to account for the status and condition of all library holdings
 - Performs technical processing and physical maintenance of library materials
 - Labels library materials to support systematic storage and retrieval
 - Identifies damaged or misplaced materials and refers them for repair, replacement, or withdrawal
 - Maintains the physical organization and cleanliness of the library
III. Administrative Support
 - Prepares data and drafts reports required by the KEMC Coordinator
 - Records, collates, and maintains statistical data on the assigned area of responsibility (e.g. daily user statistics, book search requests, number of books returned to shelves)
 - Supports the implementation of library policies, procedures, and service improvements
 - Coordinates the implementation of library programs and community engagement activities
 - Prepares publicity materials, displays, exhibits, and promotional content to encourage library use and reading among the community
 - Collaborates with library staff in creating activities that promote library collections and services
IV. Performs other duties as may be assigned by the immediate supervisor, or any authorized representative","Knowledge, Skills, and Abilities:
 - Knowledge of Library Operations and Standards: Demonstrates basic knowledge of library operations and adherence to industry standards
 - Service Orientation: Actively looking for ways to help people
 - Records Management: Ability to systematically organize, store, update, and protect Office and Staff-related records throughout their life cycle, from the time of creation or receipt to their eventual disposition/turnover
 - Technological Savvy: Ability to utilize information technology and computer and internet systems to accomplish tasks
 - Customer Service Skills: Ability to understand client perspectives and respond to their needs with urgency and serious attention; This includes customer needs assessment, meeting quality standards for services, and evaluation of customer satisfaction
 - Communication Skills: Ability to communicate tactfully and sensitively with all types of personalities and predispositions
 - Active Listening: Giving full attention to what other people are saying, taking time to understand the points being made, asking questions as appropriate, and not interrupting at inappropriate times
 - Secretarial and Administrative Support: Knowledge of administrative and office procedures and systems such as word processing, managing files and records, designing forms, and workplace terminology
Education and Experience Requirements:
 - Graduate of any Bachelor’s Degree
 - At least one (1) year of relevant working experience",,2026-09-09T02:22:21.788313+00:00,2026-09-09T02:22:25.429249+00:00,2026-11-07T16:00:00+00:00,2026-09-11T06:55:36.976064+00:00,True,False,False,public,2026-09-11T11:21:40+00:00
272247,Library Assistant Contract of Service,library-assistant-contract-of-service-7,https://www.kalibrr.com/c/quezon-city-local-government/jobs/272247/library-assistant-contract-of-service-7,Quezon City Local Government,quezon-city-local-government,Government Administration,https://quezoncity.gov.ph/,True,Public Service and NGOs,Full time,2,200,0,350,False,False,False,Quezon City,Metro Manila,Philippines,"Metro Ave, Culiat, Quezon City, Metro Manila, Philippines",14.67297,121.04949,True,,,,,"Assists library patrons using the book mobile.
Coordinates in the selection of the outreach collections.
Maintains files and other records of the Section.
Does other related works assigned by the immediate supervisor.","Preferably a Licensed Librarian or a graduate with a Bachelor’s Degree in Library Science, or Bachelor of Arts major in Library Science.
Assists in the general operation of the Library.
Provides library and information service to users, including assisting readers with their information and research needs.",,2026-09-09T06:52:59.056351+00:00,2026-09-09T07:15:40.854089+00:00,2026-11-10T16:00:00+00:00,2026-09-09T08:03:32.683868+00:00,True,False,False,public,2026-09-11T11:18:34+00:00
272284,Store Compliance Officer,store-compliance-officer,https://www.kalibrr.com/c/knoll-ridges-consultancy-inc/jobs/272284/store-compliance-officer,"Knoll Ridges Consultancy, Inc.",knoll-ridges-consultancy-inc,Outsourcing / Offshoring,https://www.knollridges.com.ph/,True,Customer Service,Full time,3,200,0,550,False,False,False,Taguig,Metro Manila,Philippines,"7th floor, Unit 701 , Taguig, Metro Manila, Philippines",14.51258,121.05878,True,,,,,"The Store Compliance Officer is responsible for ensuring compliance with company policies, operational procedures, and store standards. This role supports operational integrity by monitoring deliveries, auditing sales transactions, performing inventory checks, and supporting loss prevention. Additional duties include administrative support, CCTV monitoring, cashier relief, employee compliance monitoring, and weekly zoning audits to uphold merchandising standards.","- Willingness to learn and be trained (“teachable spirit”). 
 - Flexible with work schedule and store location assignments. 
 - Strong analytical and attention-to-detail skills. 
 - Computer literate.
 - High level of integrity, objectivity, and professionalism. 
 - Ability to work independently and communicate effectively with various teams.",,2026-09-10T02:32:37.154180+00:00,2026-09-10T02:32:52.622976+00:00,2026-11-08T16:00:00+00:00,2026-09-10T12:18:47.191905+00:00,True,False,False,public,2026-09-11T11:19:25+00:00
272296,Plantilla│Information Systems Analyst I,plantilla-information-systems-analyst-i,https://www.kalibrr.com/c/quezon-city-local-government/jobs/272296/plantilla-information-systems-analyst-i,Quezon City Local Government,quezon-city-local-government,Government Administration,https://quezoncity.gov.ph/,True,IT and Software,Full time,1,200,0,550,True,False,False,Quezon City,Metro Manila,Philippines,"5th, Metro Ave, Culiat, Quezon City, Metro Manila, Philippines",14.67297,121.04949,True,,,,,"Develop a comprehensive IT Master Plan and ensure that other computerization processes in the City Government are compatible with the plan. Provide parameters and guidelines in the design and development.
 - Gathering,validating and documenting various system information requirements and needs.
 - Responsible in systems documentation.
 - Provide IT support and systems development.
 - Maintaining software systems.
 - Analyze current systems integration and work flows and suggest ways to optimize or improve the current implementations 
 - Fully Accomplished Personal Data Sheet (PDS) with Work Experience Sheet;
 - Performance Rating in the last rating period, if applicable;
 - Proof of Eligibility or License; and
 - Transcript of Records (TOR)","- 
 Place of Assignment: Information Technology Development Department
 - 
 Division: Systems Development and Management Division
 - 
 Position: Information Systems Analyst I
 - 
 Plantilla Item Number : 30-2
 - 
 Salary Grade: 12
Basic Salary: P 33,947.00
Education: Bachelor's degree graduate relevant to BS in Information Technology or BS in Computer Science but not required
Experience: None Required
Training: None Required
Eligibility: Career Service (Professional) - Second Level Eligibility (Required)",,2026-09-10T03:53:20.660314+00:00,2026-09-10T05:43:39.898651+00:00,2026-09-21T16:00:00+00:00,2026-09-10T07:09:54.383457+00:00,True,False,False,public,2026-09-11T11:16:15+00:00
272314,"Data Engineer [Python , SQL] ⁿ",data-engineer-python-sql-7,https://www.kalibrr.com/c/ncs-philippines/jobs/272314/data-engineer-python-sql-7,NCS Philippines Inc. ,ncs-philippines,Information Technology / IT,https://www.ncs.co,True,IT and Software,Full time,10,400,0,550,False,True,False,Taguig,Metro Manila,Philippines,"7th Floor, Fort Bonifacio, Taguig, Metro Manila, Philippines",14.51258,121.05878,False,60000,65000,PHP,month,"- Education – At least graduate with a Bachelor’s or Master's Degree in IT, Computer Science, Engineering, or any related course.
 - Related Work Experience – experience in data engineering, data analytics, or related fields.
 - Proficiency in Python , with experience in other programming languages as a plus.
 - Hands-on experience with data manipulation tools (e.g., pandas, dplyr, or Spark).
 - Proficiency in Extract, Transform, and Load (ETL) processes for efficient data pipeline management.
 - Expertise in both SQL and NoSQL query languages for database interaction and management.
 - Experience with big data storage and processing solutions, such as MongoDB, Spark, Hive, Snowflake, Redshift, or similar technologies.
 - Experience with cloud-based or server-based data processing environments (e.g., AWS, Azure, GCP).
 - With experience in Apache Nifi (nice to have)
Knowledge – Knowledgeable in the following:
 - Comprehensive understanding of data manipulation tools such as pandas, dplyr, and Spark.
 - In-depth knowledge of big data frameworks and tools like Apache Spark and Hadoop.
 - Familiarity with data warehousing services like AWS Redshift, Snowflake, or similar solutions.
 - Proficiency in AWS Cloud Services, particularly AWS Glue and AWS Lake Formation.
 - Familiarity with business intelligence tools such as Tableau, Power BI, QuickSight, or Google Data Studio.
 - Awareness of data visualization libraries and packages like Dash, Plotly, Matplotlib, ggplot, and Folium.
 - Understanding of machine learning libraries and tools is a plus.
 - Knowledge of data governance, quality control, and security best practices.
 - Skills
 - Problem-Solving: Ability to address technical challenges and deliver efficient data solutions.
 - Communication: Clear and concise communication skills for collaborating with team members and stakeholders.
 - Collaboration: Ability to work effectively within a team environment to achieve shared goals.
 - Time Management: Capacity to manage tasks and meet deadlines in a structured and timely manner.
 - Attention to Detail: Careful and accurate handling of data to ensure quality and integrity.
 - Client-Focus: Ability to understand business needs and align data solutions to support decision-making and strategic objectives.
 - Adaptability: Flexible and open to learning new tools, technologies, and processes in a rapidly changing environment.","Non-negotiable requirements:
 - Python
 - SQL
 - ETL/Data Flows
 - ASAP Starters
Qualifications:
 - Design, build, and maintain scalable, secure data pipelines and storage systems; ensure data quality through ETL processes and regular checks.
 - Implement policies and practices to control, optimize, and secure data assets, ensuring data integrity and accessibility.
 - Develop and maintain data models, structures, and databases to meet business needs; communicate data architecture effectively.
 - Develop, test, and maintain scripts and programs to automate data processing and pipelines, adhering to industry standards.
 - Create and operationalize data visualization solutions to simplify complex data for stakeholders and decision-making.
 - Work with cross-functional teams to gather data requirements, optimize existing processes, and deliver ad hoc reports and insight",,2026-09-10T07:25:41.647031+00:00,2026-09-10T07:28:14.905914+00:00,2026-10-13T16:00:00+00:00,2026-09-11T09:28:30.455838+00:00,True,False,False,public,2026-09-11T11:13:59+00:00
272326,"HR Governance, Compliance and Contract Risk Manager",hr-governance-compliance-and-contract-risk-manager,https://www.kalibrr.com/c/get-hooked-360-inc/jobs/272326/hr-governance-compliance-and-contract-risk-manager,"Get Hooked 360, Inc.",get-hooked-360-inc,Marketing / Advertising / Sales,http://www.gethooked360.com/,True,Human Resources,Full time,1,400,0,550,False,False,False,Quezon City,Metro Manila,Philippines,"2F, 58, Highland Dr, Blue Ridge A, Quezon City, Metro Manila, Philippines",14.67297,121.04949,True,,,,,"Job Summary
This role establishes and maintains the Company’s HR governance and compliance framework, ensuring adherence to labor laws, internal policies, and contractual risk standards.
The role serves as the organization’s subject matter expert in labor compliance and employee relations, while conducting structured risk reviews of commercial contracts to protect the Company from legal, financial, and reputational exposure. It functions as a risk control and compliance gatekeeper, working closely with Legal, Finance, and relevant business units to ensure appropriate safeguards are in place before execution.
Main Responsibilities: 
1. Labor Law Compliance & HR Governance
 - Interpret and apply Philippine labor laws, DOLE issuances, and related regulations.
 - Ensure compliance with statutory labor standards and internal HR policies.
 - Monitor regulatory developments and recommend policy or process adjustments.
 - Conduct HR compliance reviews and risk assessments.
 - Maintain and strengthen HR governance frameworks, controls, and documentation standards.
2. Employee Relations & Case Management
 - Lead and oversee complex employee relations matters, including investigations, due process proceedings, disciplinary actions, grievances, harassment and misconduct, performance cases, and termination/separation matters.
 - Prepare, review, and ensure the legal defensibility of employee relations documentation, including Notices to Explain (NTEs), Notices of Hearing, disciplinary decisions, memoranda, settlement agreements, case summaries, and reports.
3. Contract Risk Review & Governance
 - Review commercial contracts to identify and mitigate legal, financial, and reputational risks.
 - Assess contractual obligations, deliverables, liability, indemnity, risk allocation, termination, cancellation, breach, and other key provisions.
 - Identify ambiguous or unfavorable terms and recommend revisions to strengthen the Company’s legal and commercial protection.
 - Establish minimum contract risk standards, particularly for influencer and KOL engagements.
 - Develop review checklists and risk assessment frameworks and ensure consistent application of contract review protocols.
 - Maintain documentation of contract risk decisions and approvals and escalate high-risk matters to Legal and Management.
 - Coordinate with Legal for final contract validation when necessary.
4. Policy Development & Interpretation
 - Develop, review, and update HR policies and governance guidelines.
 - Ensure policies are legally compliant, clear, and enforceable.
 - Provide guidance on policy interpretation in complex or sensitive cases.
 - Maintain policy version control and governance documentation.
5. Management Advisory & Risk Consultation
 - Advise Management on labor law implications of HR decisions, employee discipline and termination risks, high-risk employee relations matters, contractual risks in influencer/KOL engagements, and complex policy interpretation.
 - Partner with Legal, Finance, HR, and business units on employment and contract-related risk matters.
6. Capability Building & Risk Awareness
 - Conduct training on labor compliance, due process, HR governance, and contract risk awareness.
 - Coach HR and relevant teams on compliant documentation, risk assessment, and decision-making.
 - Scope Boundaries
 - HR governance and compliance
 - Employee relations and case management
 - Labor law interpretation
 - Contract risk review and governance
 - Legal coordination on employment and contract matters","- Minimum 8 years of progressive HR experience.
 - At least 5 years specializing in employee relations, labor compliance, or HR governance.
 - Bachelor’s Degree in Human Resources, Psychology, Legal Management, Political Science, or a related field.
 - Law degree (Juris Doctor) is an advantage but not required
 - Strong knowledge of Philippine labor law
Others: 
 - High attention to contractual and legal detail
 - Strong analytical and risk assessment skills
 - Excellent judgment in sensitive HR and contractual decisions
 - Strong written communication and documentation skills
 - Ability to coordinate effectively with Legal and senior stakeholders
 - High integrity and confidentiality
 - Structured and disciplined approach to governance",,2026-09-10T09:46:21.335824+00:00,2026-09-10T09:46:32.450427+00:00,2026-11-08T16:00:00+00:00,2026-09-10T09:46:32.406425+00:00,True,False,False,public,2026-09-11T11:19:58+00:00
272350,Software Quality Assurance (QA) Intern,software-quality-assurance-qa-intern,https://www.kalibrr.com/c/likha-it/jobs/272350/software-quality-assurance-qa-intern,Likha-iT Inc.,likha-it,Information Technology / IT,https://likhait.com/,True,IT and Software,Contractual,5,100,0,200,False,True,False,Makati,Metro Manila,Philippines,"11th Flr. 142 Amorsolo Bldg., , Amorsolo St, San Lorenzo, Makati, Metro Manila, Philippines",14.55491,121.03512,True,,,,,"As a QA Intern, you will gain hands-on experience in software testing, defect tracking, and automated testing fundamentals. Supported by senior QA mentors, you’ll learn how to write test cases, report bugs, and build beginner-friendly automation scripts using tools like Playwright.
What You’ll Learn & Do
 - Manual Testing: Learn how to test new features, conduct exploratory testing, and identify bugs before software goes live.
 - Intro to Automation: Practice writing basic automated test scripts using JavaScript/TypeScript and Playwright with mentor guidance.
 - Defect & Test Management: Draft step-by-step bug reports in JIRA and learn to organize test cases using Zephyr.
 - Design & Spec Review: Work with mentors to review simple project requirements and build test scenarios around them.
 - Team Collaboration: Participate in daily Agile standups and sprint planning to experience how software teams build products together.","What We’re Looking For
 - Coding Basics: Foundational knowledge of JavaScript, TypeScript, or similar languages from coursework or personal projects.
 - Detail-Oriented: A curious mindset with an eye for spotting unexpected glitches or edge cases.
 - Eagerness to Learn: Enthusiasm for picking up new testing frameworks and tools with mentor support.
 - Adaptability & Flexibility: Ability to pivot smoothly when project assignments, feature priorities, or team needs shift across projects.
 - Clear Communication: Ability to write clear notes when reporting bugs and collaborate respectfully across diverse, international team members.
 - Education Background: Actively pursuing or recently completed coursework/thesis in Computer Science, IT, Software Engineering, or a related field.
Internship Overview
 - Duration: 600 hours (approx. 3–4 months)
 - Work Setup: Hybrid (3 days on-site, 2 days work-from-home)
 - Start Date: October 19, 2026 or November 3, 2026
Hiring Process
 - Culture Fit Interview
 - Technical Interview",,2026-09-11T05:18:02.608360+00:00,2026-09-11T05:22:15.653590+00:00,2026-09-29T16:00:00+00:00,2026-09-11T05:22:15.614654+00:00,True,False,False,public,2026-09-11T11:13:44+00:00
272406,Business Support Engineer,business-support-engineer,https://www.kalibrr.com/c/jebsen-jessen-business-services/jobs/272406/business-support-engineer,Jebsen & Jessen Technology Philippines Inc.,jebsen-jessen-business-services,Construction,https://mhe.jjsea.com/,True,Sales and Marketing,Full time,1,200,0,550,True,True,False,Taguig,Metro Manila,Philippines,"Taguig, Metro Manila, Philippines",14.51258,121.05878,True,30000,40000,PHP,month,"- Knowledgeable with the product range being offered by LAPP (Lapp and non-Lapp products) in order to provide support to the sales team and its customers.
 - Prepares and submits the quotation for the Lapp customers within service level agreement and accurately to achieve the target profit.
 - Coordinates with suppliers (Lapp and non-Lapp products) the specifications, technical data sheets, price and delivery lead time to formulate a competitive offer.
 - To update the status of quotations on the system to help the Sales Team determine the open opportunities for the company.
 - Collaborate with the sales team to understand customer requirements and recommend the necessary support and solution to convert the inquiry into a sales order.
 - Coordinates with the customer service team to ensure that the purchase orders received are accurate and within the pricing guidelines.
 - Monitor and analyze the products and prices of competitors in the market to improve the strategy of Lapp in order to increase its competitiveness in the market.
 - Monitor the factors affecting the cost of Lapp products (Lapp and non-Lapp products), such as the foreign exchange rate, freight cost, duty and brokerage, and copper rate, to determine the impact on the pricing of the products.","- Minimum diploma/degree qualification (technical course or bachelor’s degree)
 - Good communication (spoken and written) and collaboration skills
 - Proficiency in mathematical analysis and cost computation.
 - Computer literate, proficient in MS Office applications
 - Must have knowledge in using SAP-ERP and C4C tools.
 - Minimum 1 year working experience preferably related to engineering such as Industrial and Building Automation and Renewable energy.",,2026-09-14T02:42:47.474785+00:00,2026-09-14T02:43:58.076261+00:00,2026-10-12T16:00:00+00:00,2026-09-14T07:03:49.275720+00:00,True,False,False,public,2026-10-09T08:11:42+00:00
272444,Sr Project Manager,sr-project-manager,https://www.kalibrr.com/c/ncs-philippines/jobs/272444/sr-project-manager,NCS Philippines Inc. ,ncs-philippines,Information Technology / IT,https://www.ncs.co,True,IT and Software,Full time,3,300,0,550,False,True,False,Taguig,Metro Manila,Philippines,"7th Floor, Fort Bonifacio, Taguig, Metro Manila, Philippines",14.51258,121.05878,True,,,,,"- The Senior Project Manager is responsible for managing and leading individual and multi-disciplined projects while overseeing a team of project managers. The role is directly accountable for the team’s ability to meet projected delivery dates and to stay within budget on all projects and solutions. The core elements of the role are about organizing people and time resources and seeing the project through from inception to completion. Leads the team to deliver projects that span across one or more business units.
 - 
 - Leads the development and implementation of a broad, coordinated set of plans and programs to meet the goals and priorities of the department. 
 - Full project life cycle ownership: successful project delivery will include full implementation from initiation to deployment for one major or several minor initiatives simultaneously.
 - Manages teams through all phases of cycle development, including analysis, project design, development, testing periods, installation, and final delivery. 
 - Manages all aspects of multiple related projects to ensure the overall program is aligned to and directly supports the achievement of strategic objectives. 
 - Prepares estimates and detailed project plans for all phases of the project.
 - Manages the day-to-day project activities and resources and chairs the project management team meetings.
 - Provides status reporting regarding project milestones, deliverables, dependencies, risks, issues, and communication across leadership.
 - Participates and/or drives feasibility studies, vendor selections, and proposals for evaluation by appropriate key stakeholders.
 - Develops and manages all aspects of the project and program engagement from planning, external vendor relationships, communications, resources, budget, change, risks, and issues.
 - Sets and continually manage project and program expectations while delegating and managing deliverables with team members and stakeholders.
 - Monitors, tracks, and controls outcomes to resolve issues, conflicts, dependencies, and critical path deliverables.
 - Develops and delivers progress reports, proposals, requirements documentation, and presentations to various audiences, including the project team and sponsors.","- Education – At least graduate with a Bachelor’s or Master’s Degree in IT, Computer Science, Engineering, or any related course.
 - Information Technology Infrastructure Library (ITIL®) and/or Project Management Professional (PMP®) certification is a plus.
 - Related Work Experience – At least 4 years of experience as an IT Professional, with 4+ years experience in Project Management.
 - 4+ years of experience with full product lifecycle with an understanding of development lifecycle and various technology methodologies that support that lifecycle.
 - Highly experienced in handling complex projects following SDLC methodologies (Agile, Scrum, Waterfall).
 - Proven success in providing leadership for project teams by building and motivating team members to meet project goals, adhering to their responsibilities and project milestones.
 - Proven experience working on multiple projects concurrently.
 - Experience working in a high-level collaborative environment and promoting a teamwork mentality.
 - Knowledge – In-depth Knowledge in the following:
 - Project Management
 - Resource Management
 - Developing and Tracking Budgets
 - Process Improvement
 - Skills:
 - Must have the ability to lead and manage a team.
 - Must have the decisiveness in resolving business problems, making decisions, and identifying priorities.
 - Must have excellent time management and organizational skills and experience establishing guidelines in these areas for others.
 - Must have a strong sense of personal accountability regarding decision-making and supervising department teams.",,2026-09-14T09:56:18.587572+00:00,2026-09-14T09:56:23.989495+00:00,2026-11-12T16:00:00+00:00,2026-10-08T15:43:50.980228+00:00,True,False,False,public,2026-10-09T08:10:56+00:00
272458,Production Supervisor,production-supervisor-2,https://www.kalibrr.com/c/mary-grace-foods-inc/jobs/272458/production-supervisor-2,"Mary Grace Foods, Inc.",mary-grace-foods-inc,Restaurants,https://www.marygracecafe.com/careers,True,Manufacturing and Production,Full time,7,300,0,550,False,False,False,Parañaque,Metro Manila,Philippines,"Parañaque, Metro Manila, Philippines",14.47121,121.02198,True,,,,,"Reporting to the Supervisor II, the Supervisor I is responsible for overseeing the daily operations of the assigned department, ensuring food safety and quality, and meeting job orders on time and in full.
Core Job Responsibilities
Operations Management
 - Leads assigned departments to meet daily job orders on time and if full while enforcing adherence to standard operating procedures, food safety, and quality.
 - Supervises daily operations to ensure efficiency and availability of all resources (manpower, machines, materials, and methods).
 - Generates daily reports that will measure the team's performance.
 - Analyzes the current operations system and suggests improvements without violating any standards, company policies, or standard procedures.
 - Performs other tasks assigned by the immediate to achieving departmental goals.
Food Safety and Quality Compliance
 - Ensures that the workforce and production process being performed adhere to food safety and quality standards.
 - Participates in the investigation of incidents involving assigned departments together with the production supervisor.
People Management
 - Guides, coaches, motivates and mentors the team to achieve one common organizational goal.
 - Monitors and conducts performance evaluations and provides constructive feedback to employees on their strengths, areas for improvement, and development opportunities.
 - Addresses performance issues or conflicts promptly and professionally, taking appropriate corrective actions when necessary.
Flexibility and Adaptability
 - Embraces change with positivity and adjust to new circumstances.
 - Performs a variety of tasks with equal effectiveness & efficiency.
Communicating with Integrity and Respect
 - Coordinates with team members, supervisors, and departments to address issues to ensure efficient production operations, safety, and security.
 - Ensures all team members are informed of announcements, policies,
 - Builds trust, fosters positive relationships, and maintains a healthy work environment by striving to provide accurate information, demonstrating empathy and understanding, and taking responsibility for words and actions.","- College Graduate, preferably Industrial Engineering, Manufacturing Engineering, and other related courses.
 - Minimum of 2 years full time work experience in the Food Industry, preferably Manufacturing, in the same position or higher.
 - Proficient in Microsoft Office Applications (Powerpoint, Excel, Word) and Google Applications.
 - Knowledgeable in government regulatory, GMP, Food Safety and Quality
 - Baking Science and/or Food Manufacturing",,2026-09-15T00:35:24.911870+00:00,2026-09-15T00:35:49.260305+00:00,2026-11-13T16:00:00+00:00,2026-09-15T00:35:48.998802+00:00,True,False,False,public,2026-10-09T08:11:23+00:00
272519,Cloud Security Project Engineer,cloud-security-project-engineer,https://www.kalibrr.com/c/stealth/jobs/272519/cloud-security-project-engineer,WAGMI Solutions,stealth,Business Process Outsourcing,http://www.wagmisolutions.io,True,Architecture and Engineering,Full time,5,400,0,550,False,False,True,Makati,Metro Manila,Philippines,"Makati, Metro Manila, Philippines",14.55491,121.03512,True,,,,,"About the Role
We are looking for a Cloud Security Project Engineer to coordinate and support multiple cloud security implementation projects across the ANZ region. The role will work closely with customers, partners, Sales, Support, Engineering, and Professional Services teams to ensure projects are delivered successfully and within agreed timelines and SLAs.
Key Responsibilities
Coordinate multiple Netskope cloud security implementation projects across ANZ customers.
Work with customers, partners, Professional Services Engineers, and internal teams to support successful project delivery.
Assist in project planning, including scope, deliverables, timelines, resources, and milestones.
Track project progress, risks, dependencies, and deliverables, particularly the 90-day TTL (Time to Live) requirement.
Ensure key milestones such as TTFC (Time to First Customer Contact) and TTFTS (Time to First Technical Session) are met.
Follow the Clean Order Process and coordinate orders and customer queries within established SLAs.
Coordinate technical teams and escalate issues or delays when necessary.
Support the regional Hyper-Care Support Program and contribute to process improvements.
Collaborate with Sales, Support, Engineering, and Customer Experience teams to address customer requirements.
Manage projects delivered through Netskope Partners across the assigned region.
Ensure successful project completion, handoff, and customer follow-up.
Follow Netskope policies and maintain professional communication with customers, partners, and internal teams.","- 
 Qualifications & Requirements
 Bachelor's degree in IT, Computer Science, Cybersecurity, Engineering, or a related field.
 6 months to 1 year of experience in Cloud Security or a related field.
 6 months to 1 year of experience with Firewall, Networking, or Network Security.
 Basic understanding of cloud security, networking, firewalls, cybersecurity, or SaaS technologies.
 Strong communication, coordination, and organizational skills.
 Ability to manage multiple projects, tasks, and stakeholders.
 Strong problem-solving and escalation skills.
 Good English communication skills.
 Willingness to coordinate with Australia/New Zealand time zones when required.
 Ability to work independently and in a fast-paced environment.
 Preferred
 Knowledge or experience with Netskope, SASE, SSE, SWG, CASB, ZTNA, DLP, or other cloud security solutions.
 Familiarity with data privacy frameworks such as GDPR, Australian Privacy Act/APPs, and New Zealand Privacy Act.
 Experience working with enterprise customers, technology partners, or technical implementation projects.",,2026-09-15T13:38:16.700628+00:00,2026-09-15T13:39:49.644713+00:00,2026-11-13T16:00:00+00:00,2026-10-08T13:06:48.420085+00:00,True,False,False,public,2026-10-09T08:10:39+00:00
272566,Internal Auditor,internal-auditor-4,https://www.kalibrr.com/c/ateneo-de-manila-university-1/jobs/272566/internal-auditor-4,Ateneo de Manila University,ateneo-de-manila-university-1,Higher Education / Academia,http://www.ateneo.edu/,True,Accounting and Finance,Full time,1,200,0,550,False,False,False,Quezon City,Metro Manila,Philippines,"Katipunan Ave, Loyola Heights, Quezon City, Metro Manila, Philippines",14.67297,121.04949,True,,,,,"Summary of Work Activities and Responsibilities:
The Internal Auditor III is responsible for the timely planning and execution of risk-based audits and other projects to effectively and systematically evaluate and improve the effectiveness of the University’s risk management and internal control systems.
The position shall also evaluate whether financial risks are appropriately identified and managed; financial information and the means to report them are accurate, timely, and actionable; assets are acquired economically and adequately protected; internal controls are adequate and operating as intended; established processes and systems enable compliance and processes are in place to report and investigate fraud, theft and other infractions.
Main Duties and Responsibilities
I. Internal Audit
 - Plans the details of the audit particularly the requirements and testing procedures to obtain the information
 - Performs full audit cycle including risk management and control, operations effectiveness, compliance, and financial health
 - Coordinates with the auditee’s key personnel for the execution of the approved work plan and documents the audit process in conformity with professional audit standards
 - Evaluates the adequacy of process design and effectiveness of controls in meeting business, control, risk management, and compliance objectives, and provides evidential support for findings
 - Participates in closing meetings with the auditees at the end of fieldwork and provides clear explanations for identified issues
 - Prepares concise audit reports for review of the Director to effectively communicate findings and recommendations to management
 - Provides inputs in the development of the annual Audit Plan with inputs from key personnel such as the Unit/Department Heads and the Audit Committee
 - Performs consulting services for management through participation in special projects designed to introduce new and/or changes to processes, systems, and/or procedures
II. Office Support and Client Management
 - Assists the Director in the preparation of the annual budget and its day- to-day management
 - Coordinates the work of the third-party audit firm in developing audit questionnaires, liaising with University personnel, performing fieldwork, etc.
 - Develops and maintains effective working relationships with all levels of staff, senior management, and the members of the Audit Committee
III. Performs other work-related tasks as may be required by the immediate supervisor and authorized representative.","Knowledge, Skills, and Abilities:
 - Technical Acumen: Working knowledge of professional II A performance standards (i.e., planning, testing, sampling and documentation); In depth understanding of accounting principles and financial statements; Solid understanding of risk and control concepts and ability to apply them to evaluate the adequacy and effectiveness of business processes, systems, procedures and practices
 - Technological Savvy: Ability to utilize information technology and computer and internet systems to accomplish tasks; Well-developed skills in Word, Excel and flowcharting software; Basic knowledge of Information Systems
 - Communication Skills: Ability to communicate tactfully and sensitively with all types of personalities and predispositions, utilizing different media directed at different audiences/stakeholders
 - Problem Solving Skills: Identifying problems and reviewing related information to develop and evaluate options and implement solutions
 - Organization and Time Management Skills: Managing one’s own time and the time of others; Well-developed organizational skills with the ability to prioritize multiple assignments
 - Critical and Analytical Thinking: Ability to connect patterns and see the implications of actions to other systems/processes, analyze large scale data (qualitative and quantitative), and come up with recommendations
 - Self-Improvement: Commitment to continuous self-development and expansion of knowledge
 - Integrity: Personal integrity with ethics and values aligned with that of the University; Ability to stand firm on difficult issues if required
 - Adaptability: Demonstrated job commitment and flexibility to meet changing expectations
 - Initiative: Ability to work independently with minimal supervision
Education and Experience Requirements:
 - Bachelor’s degree in Accountancy, or its equivalent
 - Holder of a recognized professional designation in Accounting, preferably
 - Certified Public Accountant (CPA) or Internal Auditor (CIA, CISA, etc.)
 - At least 3 years of work experience as an auditor in a reputable auditing firm",,2026-09-17T01:15:04.814479+00:00,2026-09-17T01:15:09.227649+00:00,2026-11-15T16:00:00+00:00,2026-10-08T06:08:57.012052+00:00,True,False,False,public,2026-10-09T08:12:20+00:00
272604,Technical Services Associate,technical-services-associate,https://www.kalibrr.com/c/ardent-world-inc/jobs/272604/technical-services-associate,Ardent World Inc.,ardent-world-inc,Consumer Goods,https://www.linkedin.com/company/ardent-world-inc/,True,Manufacturing and Production,Full time,1,200,0,550,True,False,False,Makati,Metro Manila,Philippines,"2F Global Enterprise Bldg., 138, H.V. Dela Costa , Makati, Metro Manila, Philippines",14.55491,121.03512,True,,,,,"Essential Job Functions:  
 - Create written documentation and procedures for application testing and compliance. 
 - Perform extensive destructive test to challenge the specification of the packaging. 
 - Collaborate with team to understand product changes and QA testing requirements to deal with issues/defects in a timely manner. 
 - Create operation manuals and training materials that outline operation processes 
 - Discussing the CAPA and pushing for recommendations to Suppliers, Management and stakeholders in acceptance of standards.","Join Our Talent Community
There’s a whole world of opportunities in front of you. 
Our Purpose 
We are Ardent World Inc., an FMCG, in the business of personal care and retail vanity products. AWI is the product of a passionate desire to bring quality, affordable skin care solutions to everyone. We combine passion with science and in-depth analytics to bring products to market that people can feel and see the difference. 
A World of Opportunities 
AWI Professionals in our talent community share the same passion for excellence and thrives well with these qualities: 
 - Goal driven mindset; 
 - Firm understanding of business and economics to develop strategies and grow the business; 
 - Strong creative and problem-solving skills; 
 - Strong management and leadership skills: able to get the best of people and inspire them to follow 
 - Excellent communication skills: can interact with different organizational levels; 
 - Learning attitude: to keep up with the digital transformation of the organization. 
What’s in it for you? 
 - Play a key role in maintaining the established quality standards of the Company; 
 - Champion the technical standards and aesthetic appeal of the product; 
 - Develop and utilize your expertise as we gear towards digital transformation;  
 - Maximize career growth opportunities within the organization. 
Professional Experience and Required Qualifications: 
 - Candidates must be a graduate of Chemistry, Chemical Engineering, Cosmetic Science or any related course from a reputable university/college; 
 - At least 1 year of experience in Quality Assurance or Quality Control; Open to Fresh Graduates
 - Knowledgeable in FDA registration guidelines and regulations. Basic knowledge in FDA cosmetic regulations for local and export set up is an advantage; 
 - Must be thorough and systematic. Comfortable in collaborating with different groups.",,2026-09-17T07:33:33.630571+00:00,2026-09-17T07:33:38.083219+00:00,2026-11-15T16:00:00+00:00,2026-09-18T09:17:53.508953+00:00,True,False,False,public,2026-10-09T08:11:54+00:00
272620,IT Service Management Intern,it-service-management-intern,https://www.kalibrr.com/c/dhl/jobs/272620/it-service-management-intern,DHL Express (Philippines) Corporation,dhl,Logistics / Procurement,https://www.dhl.com,True,IT and Software,Part time,2,100,0,550,False,False,False,Makati,Metro Manila,Philippines,"DHL House, 2306 Chino Roces Extension, Kayamanan C, Makati, Metro Manila, Philippines",14.55491,121.03512,True,,,,,"- Assist in monitoring and managing IT service tickets through the organization's ticketing system.
 - Support the logging, tracking, and resolution of incidents and service requests.
 - Coordinate with IT teams to ensure timely follow-up and closure of tickets.
 - Help maintain accurate records of IT incidents, requests, and service activities.
 - Assist in preparing service management reports, dashboards, and performance metrics.
 - Support the creation and updating of IT documentation, knowledge base articles, and standard operating procedures.
 - Participate in problem management and root cause analysis activities when required.
 - Provide basic technical support and guidance to end users.
 - Assist in conducting user satisfaction surveys and gathering feedback on IT services.
 - Support continuous improvement initiatives for IT service delivery processes.
 - Perform administrative and other tasks assigned by the Service Management Team.","- Currently enrolled in a Bachelor's Degree program in Information Technology, Computer Science, Information Systems, or a related field.
 - Basic understanding of IT infrastructure, systems, and support processes.
 - Familiarity with IT Service Management (ITSM) or ITIL concepts is an advantage.
 - Proficient in Microsoft Office applications (Excel, Word, and PowerPoint).
 - Strong analytical, organizational, and problem-solving skills.
 - Good verbal and written communication skills.
 - Ability to work effectively in a team environment and manage multiple tasks.
 - Willingness to learn and adapt to new technologies and processes.",,2026-09-18T00:05:02.992163+00:00,2026-09-30T00:16:36.093093+00:00,2026-10-29T16:00:00+00:00,2026-09-30T00:16:40.894806+00:00,True,False,False,public,2026-10-09T08:10:08+00:00
272624,Software Developer,software-developer-2,https://www.kalibrr.com/c/emerson-electric-asia-limited/jobs/272624/software-developer-2,Emerson Electric (Asia) Limited,emerson-electric-asia-limited,Electrical / Electronic Manufacturing,http://www.emerson.com,True,IT and Software,Full time,1,200,0,550,False,True,False,Mandaluyong,Metro Manila,Philippines,"39th to 44th floor Mega Tower, Mandaluyong, Metro Manila, Philippines",14.57887,121.04409,True,,,,,"In This Role, Your Responsibilities Will Be:
Design, develop, test, and maintain web‑based and backend software applications that support enterprise‑level systems.
Collaborate with cross‑functional teams to translate requirements into reliable, scalable, and secure technical solutions.
Develop and maintain RESTful APIs that serve as standard system interfaces.
Build and optimize data access layers using document‑based and relational databases.
Apply sound software architecture and design principles, documenting solutions clearly and effectively.
Troubleshoot, debug, and resolve issues in commercial and internally developed software.
Continuously learn and apply modern development tools, frameworks, and methodologies to improve system quality and performance.","For This Role, You Will Need:
Bachelor's degree in Computer science, Information Technology, or a related field.
Minimum of 5 years of hands-on experience in web application development using technologies such as ReactJS and C#.
Working knowledge of database technologies, including Oracle, SQL
Familiarity with CI/CD pipelines and modern software deployment practices.
Understanding of Scaled Agile Framework (SAFe) and Agile development methodologies.
Experience with test automation tools and automated software testing practices.
Excellent problem-solving skills and a collaborative mindset in a fast-paced development environment.",,2026-09-18T01:14:03.161016+00:00,2026-09-18T01:15:12.976640+00:00,2026-11-16T16:00:00+00:00,2026-09-18T07:51:48.991305+00:00,True,False,False,public,2026-10-09T08:10:15+00:00
272625,DevOps Engineer,devops-engineer-2,https://www.kalibrr.com/c/emerson-electric-asia-limited/jobs/272625/devops-engineer-2,Emerson Electric (Asia) Limited,emerson-electric-asia-limited,Electrical / Electronic Manufacturing,http://www.emerson.com,True,IT and Software,Full time,1,300,0,550,False,True,False,Mandaluyong,Metro Manila,Philippines,"39th to 44th floor Mega Tower, Mandaluyong, Metro Manila, Philippines",14.57887,121.04409,True,,,,,"In this Role, Your Responsibilities Will Be:
Implement and maintain CI/CD pipelines, build automation, and release workflows across Dev, Stage, QA, and Production environments, following established team standards.
Manage Azure DevOps repositories, boards, pipelines, release approvals, and environment controls.
Apply source control practices and branching strategies in line with team standards; support deployment gates and automated release processes.
Support development teams in pipeline integration and deployment troubleshooting.
Support Azure cloud resources, Kubernetes / AKS clusters, containerized workloads, and Docker-based environments.
Perform server configuration, patching, infrastructure updates, and operational readiness activities.
Assist with infrastructure as code, configuration management, and environment provisioning.
Support platform operations for Salesforce, Adobe Experience Manager, MS SQL, Oracle, Linux, and Windows-based services.
Monitor platform health, application performance, Kubernetes resources, Azure services, and automation alerts.
Troubleshoot deployment failures, pipeline issues, environment incidents, and service requests within agreed SLAs.
Handle low and medium severity support tickets; coordinate escalation as needed.
Maintain operational runbooks, deployment procedures, and troubleshooting guides.
Identify and implement automation opportunities to reduce manual effort and improve delivery consistency.
Contribute to root cause analysis, incident post-mortems, and process improvement initiatives.
Stay current on DevOps trends, tools, and best practices; recommend enhancements to existing workflows.
Support DevSecOps practices and participate in continuous improvement projects under guidance of senior team members.","Bachelor's degree in Computer Science, Computer Information Systems, Information Technology, Engineering, or any related technical field.
3+ years of relevant experience in DevOps, cloud operations, system administration, application support, release management, or related technical operations.
Experience supporting CI/CD pipelines, build and release automation, deployment troubleshooting, and source control workflows.
Experience with Azure DevOps, Git, YAML pipeline configuration, PowerShell, Bash, or similar scripting tools.
Building proficiency in Azure Cloud Platform, Kubernetes / AKS, Docker, Linux, and Windows Server; familiarity with Apache, Solr, DNS, TCP/IP, firewall rules, proxy, and network troubleshooting.
Experience with monitoring, alerting, log analysis, performance monitoring, capacity planning, and incident response.
Experience supporting Dev, Stage, QA, and Production environments including code deployments, patching, rollback support, and service validation.
Experience troubleshooting technical problems, documenting solutions, and contributing to knowledge base repositories.
Core technical proficiency in: Azure DevOps, Git, CI/CD pipeline management, YAML, PowerShell / Bash scripting, Kubernetes / AKS, Docker, Azure cloud services, monitoring and alerting tools, and Linux / Windows Server administration.",,2026-09-18T01:18:00.637705+00:00,2026-09-18T01:18:09.979293+00:00,2026-11-16T16:00:00+00:00,2026-09-22T01:42:01.426094+00:00,True,False,False,public,2026-10-09T08:10:29+00:00
272671,Solutions Architect,solutions-architect-5,https://www.kalibrr.com/c/questronix-corporation/jobs/272671/solutions-architect-5,Questronix Corporation,questronix-corporation,Information Technology / IT,https://questronix.com.ph/,True,IT and Software,Full time,1,400,0,550,False,False,False,Makati,Metro Manila,Philippines,"Makati, Metro Manila, Philippines",14.55491,121.03512,True,,,,,"The Solution Architect is an individual contributor within the CTO organization. The Solutions Architect will be a versatile and motivated technologist who has a broad understanding of business problems and solutions. She/He will work closely with business stakeholders, technology suppliers and technology teams to research, design and implement technology solutions, identify areas for modification in existing programs and subsequently develop these modifications. She/He is also responsible for helping to drive the adaption and implementation of SBC's enterprise architecture guardrails to their associated BU.","Qualifications:
 - Years of experience: Typically 8-10 years of experience in solution architecture, with a minimum of 5 years in a similar role in the banking or financial services industry
 - Education: Bachelor's degree in Computer Science, Information Technology, or related field; advanced degree in a related field is highly desirable
 - Strong understanding of IT infrastructure and architecture, including cloud, on-premises, and hybrid environments
 - Experience with multiple architecture methodologies and frameworks (e.g. TOGAF, Zachman, etc.)
 - Strong analytical and problem-solving skills
 - Excellent verbal and written communication skills
 - Strong leadership and team management skills
 - In-depth knowledge of banking and financial services industry, including regulations and compliance requirements
 - Understanding of key technologies and trends in the industry, including digital, cloud, and security
 - Knowledge of project management methodologies and agile development practices.",,2026-09-21T01:17:50.711094+00:00,2026-09-21T01:17:54.520492+00:00,2026-11-19T16:00:00+00:00,2026-09-30T08:42:24.080945+00:00,True,False,False,public,2026-10-09T08:10:31+00:00
272689,Junior IT and Admin Assistant,junior-it-and-admin-assistant,https://www.kalibrr.com/c/hire-manila/jobs/272689/junior-it-and-admin-assistant,Hire Manila,hire-manila,Staffing / Recruiting,https://hiremanila.com/ ,True,Administration and Coordination,Full time,1,200,0,550,True,False,False,Quezon City,Metro Manila,Philippines,"Quezon City, Metro Manila, Philippines",14.67297,121.04949,True,,,,,"We are currently hiring a Junior IT & Admin Assistant for one of our clients based in Cubao, Quezon City. We’re looking for someone reliable, hands-on, and comfortable taking on a mix of IT support, administrative work, and day-to-day operational coordination.
 - Provide basic IT support, troubleshooting, and equipment setup.
 - Assist with CCTV installation, monitoring, and basic maintenance.
 - Update and maintain e-commerce inventory and product information.
 - Coordinate with staff and provide management with regular operational updates.
 - Assist with general administrative and operational tasks as needed.","- Graduate of IT, Computer Science, Computer Engineering, or a related course; fresh graduates are welcome.
 - Basic knowledge of computer hardware, software, networks, and troubleshooting.
 - Comfortable handling basic CCTV setup and other office technology.
 - Familiar with e-commerce platforms, inventory updates, or willing to learn.
 - Organized, dependable, and able to handle different tasks throughout the day.
 - Good communication skills and comfortable coordinating with both management and staff.
 - Willing to work on-site in Cubao, Quezon City.",,2026-09-21T06:25:12.451560+00:00,2026-09-21T06:26:11.533143+00:00,2026-11-24T16:00:00+00:00,2026-10-09T02:59:03.765146+00:00,True,False,False,public,2026-10-09T08:09:50+00:00
272716,Remote Content Assistant,remote-content-assistant,https://www.kalibrr.com/c/accordinnovations/jobs/272716/remote-content-assistant,Accord Innovations Indonesia,accordinnovations,Information Technology / IT,https://www.accordinnovations.com/,True,Administration and Coordination,Full time,1,100,0,200,False,False,True,Quezon City,Metro Manila,Philippines,"Quezon City, Metro Manila, Philippines",14.67297,121.04949,True,,,,,"We are looking for a Remote Content Assistant to help maintain and organize information online. The work includes reviewing existing content, checking basic details, updating simple information, and organizing data according to provided instructions. No previous experience is required. Clear instructions and training will be provided.","No previous work experience is required. Candidates should have basic computer or smartphone skills, access to a reliable internet connection, and the ability to follow written instructions carefully. Training will be provided before starting.",,2026-09-21T12:09:38.094421+00:00,2026-09-21T12:10:16.535918+00:00,2026-11-19T16:00:00+00:00,2026-10-09T00:55:15.827067+00:00,True,False,False,public,2026-10-09T08:11:26+00:00
272788,RPA Developer,rpa-developer,https://www.kalibrr.com/c/ncs-philippines/jobs/272788/rpa-developer,NCS Philippines Inc. ,ncs-philippines,Information Technology / IT,https://www.ncs.co,True,IT and Software,Full time,3,200,0,550,False,False,False,Taguig,Metro Manila,Philippines,"7th Floor, Fort Bonifacio, Taguig, Metro Manila, Philippines",14.51258,121.05878,True,,,,,"The RPA Developer - UiPathdesigns, develops, and deploys automation solutions using the UiPath platform to streamline business processes. Collaborates with stakeholders to identify automation opportunities, implement solutions, and ensure continuous optimization.
 - Collaborate with business stakeholders to analyze, define, and document business processes, identifying opportunities for automation.
 - Design, develop, and test robust and scalable automation workflows and solutions using UiPath Studio, ensuring they meet business requirements.
 - Manage the deployment of RPA solutions to production environments using UiPath Orchestrator, monitor their performance, and provide timely support for any issues.
 - Work closely with business analysts, IT teams, and other stakeholders to gather requirements, ensure seamless integration with existing systems, and deliver successful automation projects.
 - Create and maintain comprehensive technical documentation for all developed automation processes, including Process Design Documents (PDDs) and Solution Design Documents (SDDs).
 - Provide ongoing support for deployed automations, troubleshoot and resolve issues, and continuously optimize processes for improved efficiency, reliability, and performance.
 - Adhere to and contribute to RPA development best practices, including code standards, version control, and exception handling.","- Education – Bachelor’s degree in Computer Science, Information Technology, Engineering, or a related field.
 - Certifications: Preferred – UiPath Certified RPA Associate (UiRPA) or UiPath Certified Advanced RPA Developer (UiARD).
 - Related Work Experience - 3 to 5 years of relevant experience in Robotic Process Automation (RPA) development, with a strong understanding of the complete RPA project lifecycle (analysis, design, development, testing, deployment, and support).
 - Experience in programming languages such as C#, VB.NET, Python, or Java.
 - Experience working in Agile development environments is an advantage.
 - Extensive hands-on experience in UiPath Studio, UiPath Orchestrator, and Robots.
 - Knowledge – 
 - Deep understanding of process design, exception handling, logging, and version control in RPA development.
 - Proficiency in C#, VB.NET, or Python for workflow logic and integration; experience with REST APIs and SQL for database operations.
 - Skilled in creating and maintaining Process Design Documents (PDDs) and Solution Design Documents (SDDs).
 - Familiarity with UiPath AI Center, Document Understanding, Process Mining, or Automation Hub.
 - Foundational knowledge of HTML, CSS, and data structures used in automated workflows.
 Skills – 
 - Shows exceptional analytical and critical-thinking skills to identify automation opportunities and streamline business processes effectively.
 - Communicates clearly with stakeholders at all levels, ensuring accurate understanding of automation goals and requirements.
 - Demonstrates strong attention to detail and accountability, ensuring all RPA solutions are reliable, scalable, and well-documented.
 - Adapts to changing priorities and technologies with a proactive, solutions-driven mindset, maintaining focus on continuous process improvement.",,2026-09-23T02:47:26.072108+00:00,2026-09-23T02:47:30.889912+00:00,2026-12-21T16:00:00+00:00,2026-09-23T19:42:42.449199+00:00,True,False,False,public,2026-10-09T08:11:00+00:00
272842,Field Credit Investigator and Appraiser,field-credit-investigator-and-appraiser,https://www.kalibrr.com/c/unicapital-incorporated/jobs/272842/field-credit-investigator-and-appraiser,Unicapital Group,unicapital-incorporated,Financial Services,http://www.unicapital-inc.com,True,Sales and Marketing,Full time,1,300,0,550,False,False,False,Makati,Metro Manila,Philippines,"3F Majalco Building, Makati, Metro Manila, Philippines",14.55491,121.03512,True,,,,,"Main Responsibilties: 
Responsible for conducting credit investigations via telephone or field verification to determine their eligibility/qualification of the borrower according to set standards or credit parameters. Responsible for gathering, verifying and investigating information concerning personal background as well as past and present credit dealings of loan applicants. Responsible for inspecting, investigating, verifying and appraising property (real and chattel) offered as collateral to establish its value and acceptability
Job Responsibilities:
 - Ensures adherence to TAT.
 - Conducts telephone verification on Trade and Customer reference, Bank Verification and Credit Reference.
 - Verifies assigned receivables for PO financing for availment
 - Checks completeness and authenticity of the submitted documents for Group Salary
 - Loans (GSL) Applications and endorses for approval.
 - Coordinates approved Group Salary Loans (GSL) Applications to Sales.
 - Conducts random inspection of the inventories to be assigned using the list provided by the Loan Client.
 - Conducts ocular verification and prepares reports on PDRN, BVR, EVR and other field verification requests by UI group of companies’ borrowers and employees.
 - Conducts Title verification, traceback, and title and tax declaration searches with the Registry of Deeds and Assessor's Office for real estate collateral for new accounts for assessment
 - Liaises with government agencies such as the Registry of Deeds, Land Transportation Office and the like for the performance of registration and cancellation of mortgages and encumbrances.
 - Conduct property appraisals assigned by different units
 - Input/update data and information requirements in ZOHO and other company systems that require information coming from the Field Credit Investigator.
 - Other tasks that may be assigned from time to time that will support organisational goals and objectives","- College Graduate of Business administration, Banking and Finance, Accountancy, Economics, Legal Management, Criminology or a related field
 - Preferably with minimum 2 years’ experience or exposure in credit investigation, credit analysis, or loan processing gained from a reputable bank, financial institution, or lending company.
 - Strong analytical thinking, keen attention to detail, good interpersonal communication for interviewing sources, and proficiency in office productivity software.
 - Willingness to conduct frequent local field travel and ocular
 - Ethical and trustworthy
 - Computer literate
 - Know how to drive a motorcycle
 - Integrity, Excellence, Customer Focus, Teamwork, Innovation",,2026-09-24T03:05:05.400307+00:00,2026-09-24T03:05:12.814968+00:00,2026-11-22T16:00:00+00:00,2026-09-29T10:15:32.519116+00:00,True,False,False,public,2026-10-09T08:12:00+00:00
272943,Solutions Architecture Manager,solutions-architecture-manager,https://www.kalibrr.com/c/electronic-commerce-payments-inc/jobs/272943/solutions-architecture-manager,"Electronic Commerce Payments, Inc. (ECPay) ",electronic-commerce-payments-inc,Financial Services,http://www.ecpay.com.ph,True,IT and Software,Full time,1,400,0,550,False,False,False,Quezon City,Metro Manila,Philippines,"11/F, Eastwood Ave, Bagumbayan, Quezon City, Metro Manila, Philippines",14.67297,121.04949,True,,,,,"What You'll Be Doing
 - Leads a team of Solutions Architects to design and deliver robust, scalable, and secure technology solutions that align with business goals
 - Ensures technical solutions meet both functional and non-functional requirements and are aligned with the company’s enterprise architecture and technology strategy
 - Collaborate with stakeholders, including product managers, developers, and operations teams to understand business requirements and translate them into architectural designs
 - Oversee architectural governance and provide sign-offs for key architectural decisions
 - Evaluate new technologies and tools to support continuous improvement and innovation","What You'll Need
 - Strong proficiency in Enterprise Architecture Frameworks
 - Deep understanding of cloud (AWS, Azure, GCP), microservices, APIs, database architecture, network, and system integration
 - AWS Certified Solutions Architect is a plus
 - Bachelor’s degree in Computer Science, Information Technology, Engineering, or a related field
 - 8+ years of experience in solution architecture, software development, systems design, or enterprise architecture
 - 2+ years in a managerial or team leadership role overseeing technical teams",,2026-09-28T05:41:45.977758+00:00,2026-09-28T05:44:07.706981+00:00,2026-11-29T16:00:00+00:00,2026-10-07T03:06:24.440035+00:00,True,False,False,public,2026-10-09T08:09:59+00:00
272958,Solutions Designer,solutions-designer-3,https://www.kalibrr.com/c/ncs-philippines/jobs/272958/solutions-designer-3,NCS Philippines Inc. ,ncs-philippines,Information Technology / IT,https://www.ncs.co,True,IT and Software,Full time,3,300,0,550,False,True,False,Taguig,Metro Manila,Philippines,"7th Floor, Fort Bonifacio, Taguig, Metro Manila, Philippines",14.51258,121.05878,True,,,,,"- The Solutions Designer serves as the overall technical lead for assigned projects. This role is responsible for translating high-level architectural designs into detailed technical solutions, leading the technical implementation, and ensuring end-to-end system integration and delivery that meets business and operational requirements.
 - Leads the creation of the Solution Plan (SP) based on the High-Level Solution (HLS) provided by the Solution Architect.
 - Collaborates with the System Analyst to break down the HLS into actionable technical packages across applications and components.
 - Works closely with the Project Manager (PM) and Business Analyst (BA) to refine and validate business and technical requirements.
 - Reviews and validates the Detailed Functional Specification (DFS) with the System Analyst to ensure alignment with the planned solution.
 - Coordinates with Subject Matter Experts (SMEs), Network Engineers, and Security teams to ensure holistic and secure end-to-end system design.
 - Oversees the setup of testing and production environments in collaboration with System Administrators and Database Administrators through the System Analyst.
 - Supports the Systems Analyst during the production handover process.
 - Leads technical readiness activities, ensuring support teams are prepared to manage the system post-deployment.
 - Oversees cutover planning and execution for deploying system enhancements into production.
 - Provides technical leadership during the stabilization period after deployment, managing escalations and production issues.
 - Partners with the PM and Service Management team to monitor system performance and assist with project closeout and knowledge transfer.","- Education – Bachelor’s degree in Information Technology, Computer Science, Engineering, or a related discipline.
 - Related Work Experience
 - Minimum of 3–5 years of experience in telecommunications, IT, or Cloud services.
 - Prior experience as a technical lead in solution design or systems integration projects is highly preferred.
 - Experience in designing or supporting systems or core processes and functional areas relevant to the vertical or industry to which the role is assigned. This may include, but is not limited to, transaction processing, billing and settlement, order management, user experience platforms, service provisioning, system integration, payment systems, and infrastructure upgrades.
 - Knowledge: Must be knowledgeable and have basic knowledge in the following:
 - Strong understanding of the SDLC and Agile/DevOps methodologies
 - Working knowledge of Unix/Linux, shell scripting, Java, SQL, and cloud fundamentals
 - Familiarity with SOAP/REST APIs and enterprise integration patterns
 - Solid understanding of project delivery frameworks and governance",,2026-09-29T01:50:28.238840+00:00,2026-09-29T01:50:37.557359+00:00,2026-12-27T16:00:00+00:00,2026-10-09T00:03:47.969754+00:00,True,False,False,public,2026-10-09T08:10:34+00:00
273033,Marketing Intern,marketing-intern,https://www.kalibrr.com/c/moongig/jobs/273033/marketing-intern,Moongig,moongig,Information Technology / IT,http://www.moongig.xyz,True,Sales and Marketing,Part time,1,100,0,200,False,True,False,Makati,Metro Manila,Philippines,"Makati, Metro Manila, Philippines",14.55491,121.03512,True,,,,,"About the Role:
We're looking for a creative, camera-comfortable intern to help grow our brand on social media. Students in the medical or health sciences field are strongly preferred, as you'll help translate health topics into engaging, credible content.
Key Responsibilities:
 - Plan, create, and publish engaging content (photo, video, captions) that supports our social media strategy
 - Ideate and execute creative campaigns and releases across online and offline platforms
 - Appear on camera and help produce short-form video content
 - Track content and campaign performance, and prepare weekly reports with insights
 - Research competitors, trends, and audience insights to inform content idea","Qualifications:
 - Currently studying in a medical or health-related field (preferred)
 - Social media savvy, with a good sense of trends and platform best practices
 - Confident on camera and comfortable creating video content
 - Strong writing skills for captions and short-form copy
 - Organized, proactive, and able to manage multiple tasks and deadlines
 - Knowledgeable with editing softwares or apps
 - Amenable to work onsite at least once a week",,2026-09-30T08:58:46.204012+00:00,2026-09-30T09:08:45.841596+00:00,2026-10-30T16:00:00+00:00,2026-10-09T05:54:14.191243+00:00,True,False,False,public,2026-10-09T08:12:06+00:00
273049,SDG Operations Manager,sdg-operations-manager,https://www.kalibrr.com/c/pc-worx-it-solutions/jobs/273049/sdg-operations-manager,PC Worx IT Solutions,pc-worx-it-solutions,Information Technology / IT,https://pcworx.ph/,False,General Services,Full time,1,400,0,550,False,False,False,Quezon City,Metro Manila,Philippines,"GF , Quezon City, Metro Manila, Philippines",14.67297,121.04949,False,,,,,"Duties and Responsibilities
1. Operational Management and Service Delivery Oversight
 - Oversee the daily operations of the FSS, Service Desk, and ASM teams.
 - Ensure compliance with client SLAs, KPIs, and contractual obligations.
 - Monitor ticket aging, dispatch efficiency, escalations, workforce productivity, and service quality.
 - Drive operational stability and ensure the timely resolution of incidents and service requests.
 - Ensure effective coordination between operational units and support teams.
2. Client and Escalation Management
 - Act as the primary escalation point for critical operational and client-related concerns.
 - Participate in client meetings, operational reviews, and business reviews.
 - Ensure proper communication and timely updates to clients during critical incidents.
 - Lead recovery actions for operational gaps, SLA risks, and client escalations.
 - Build and maintain strong professional relationships with clients and key stakeholders.
3. Team Leadership and People Management
 - Lead Service Delivery Managers, Team Leads, ASMs, and operational support personnel.
 - Conduct coaching sessions, performance reviews, and operational alignment meetings.
 - Drive accountability and enforce operational standards and governance.
 - Identify staffing gaps, training needs, and succession planning opportunities.
 - Support employee engagement, retention, and team development initiatives.
4. Performance Monitoring and Continuous Improvement
 - Analyze operational reports, workforce trends, SLA performance, and productivity metrics.
 - Identify process gaps and implement operational improvements.
 - Standardize operational procedures, documentation, and escalation processes.
 - Ensure adherence to internal policies, client processes, and compliance requirements.
 - Lead initiatives focused on operational optimization, automation, and efficiency.
5. Workforce and Resource Management
 - Oversee manpower allocation, scheduling strategies, and operational coverage.
 - Ensure proper utilization of field engineers, Service Desk agents, and support teams.
 - Coordinate with Workforce and Reporting teams regarding staffing forecasts and performance analytics.
 - Monitor attendance, productivity, and operational compliance across all SDG teams.
6. Reporting and Governance
 - Review and validate operational reports, incident reports, client updates, and performance dashboards.
 - Ensure accurate documentation of escalations, coaching logs, corrective actions, and operational findings.
 - Present operational updates, key findings, and recommendations to management as needed.
 - Support audit requirements and operational governance initiatives.","- 
 Bachelor’s degree in IT, Computer Engineering, Business Administration, Management, or related field.
 - 
 At least 7 years of supervisory or managerial experience in operations or service delivery, preferably in an IT/BPO environment.
 - 
 Extensive experience in Managed Services, Service Desk, Field Support, and Client Operations.
 - 
 Strong knowledge of service delivery, SLA governance, client management, workforce management, escalations, and process improvement.
 - 
 Strong leadership, communication, analytical, and people management skills.
 - 
 ITIL and/or Six Sigma certification is an advantage but not required.",,2026-10-01T02:42:57.213739+00:00,2026-10-01T02:44:23.704417+00:00,2026-11-29T16:00:00+00:00,2026-10-03T07:00:13.546481+00:00,True,False,False,public,2026-10-09T08:12:02+00:00
273068,IT Support Lead | Makati,it-support-lead-makati,https://www.kalibrr.com/c/medgrocer/jobs/273068/it-support-lead-makati,MedGrocer,medgrocer,Hospital / Health Care,http://www.medgrocer.com,True,IT and Software,Full time,1,300,0,550,False,False,False,Makati,Metro Manila,Philippines,"24F, Poblacion, Makati, Metro Manila, Philippines",14.55491,121.03512,True,40000,60000,PHP,month,"MedGrocer's digitally-enabled medicine programs, telehealth services, and corporate clinic medical staff work with hundreds of employers and pharma companies to improve the physical and mental health of over one million Filipinos every year.
The IT Support Lead leads the daily operations of the IT team, driving technical execution and ensuring system uptime. This role is crucial for providing hands-on technical guidance and managing the internal support systems that allow our clinicians and staff to serve patients without interruption.
Why Join MedGrocer?
You will have the autonomy to refine technical workflows and spearhead operational IT projects that enhance your management skills in a fast-paced environment. You ensure the stability of the digital tools that enable us to deliver medicine-as-a-service, directly impacting our ability to serve patients effectively.
Key Responsibilities
 - Supervise daily IT operations, including network stability, hardware maintenance, and helpdesk support for all staff.
 - Manage the deployment and configuration of company hardware and software to ensure operational readiness across all departments.
 - Guarantee system security by overseeing regular backups, software updates, and adherence to internal data privacy policies.
 - Lead the implementation of technical standard operating procedures to improve hardware lifecycle management and team efficiency.
 - Coordinate with external service providers and vendors to ensure timely resolution of technical issues and procurement of equipment.
Perks and Benefits
 - Performance Incentives & Career Progression: Recognition through clear pathways for advancement, promotion opportunities, and performance-based bonuses.
 - Growth & Impact: A clear path for professional development and the opportunity to make a tangible impact on patient health.
 - Cross-Functional Learning: Opportunities to collaborate across different teams, expanding your skill set and broadening your understanding of the business.
 - Health & Wellness Coverage: HMO benefits to ensure your peace of mind, paired with free medical consultations and unlimited essential medicines.
 - Paid Time Off: Paid leaves to rest, recharge, and attend to personal priorities.
Application Process
Our application process typically takes one to three weeks, depending on your availability and progress:
Step 1: Submit your application form and complete the online assessment within seven days. Results are shared in one to three business days.
Step 2: Qualified candidates attend a full-day onsite evaluation. Progression depends on performance at each stage. HR will notify you if your evaluation concludes early. Please arrive at the venue between 8:00 AM and 9:00 AM. The detailed schedule is as follows:
Initial Assessment
 - 8:00 AM - 10:00 AM: Onsite Assessment
Supplementary Assessment (as needed)
 - 10:00 AM – 12:00 PM: HR Panel Interview
 - 12:00 PM – 1:00 PM: Lunch Break
 - 1:00 PM – 4:00 PM: One-on-One Interviews
 - 4:00 PM – 5:30 PM: CEO Forum
Step 3: Final review and background checks occur within three business days. Additional interviews may be requested.
Step 4: Receive final results within five to seven business days.","- Bachelor's degree in Information Technology, Computer Science, or a related field.
 - A minimum of 2 years of experience in an IT supervisory or management role.
 - Strong proficiency in network administration, hardware troubleshooting, and Google Workspace management.
 - Proven ability to lead a technical team and manage multiple operational tickets and projects simultaneously.
 - Must be willing to work onsite in Makati City.",,2026-10-01T06:25:07.141351+00:00,2026-10-07T05:57:11.695951+00:00,2026-11-02T16:00:00+00:00,2026-10-08T00:09:05.177559+00:00,True,False,False,public,2026-10-09T08:09:47+00:00
273072,Digital Health Coordinator | Makati,digital-health-coordinator-makati,https://www.kalibrr.com/c/medgrocer/jobs/273072/digital-health-coordinator-makati,MedGrocer,medgrocer,Hospital / Health Care,http://www.medgrocer.com,True,Health and Medical,Full time,1,200,0,550,True,False,False,Makati,Metro Manila,Philippines,"24F, Poblacion, Makati, Metro Manila, Philippines",14.55491,121.03512,True,18000,26000,PHP,month,"MedGrocer's digitally-enabled medicine programs, telehealth services, and corporate clinic medical staff work with hundreds of employers and pharma companies to improve the physical and mental health of over one million Filipinos every year.
The Digital Health Coordinator is a key member of the operations team, responsible for ensuring the smooth and efficient delivery of our virtual care services, encompassing both Telehealth and ePharmacy/Logistics. This role involves performing routine coordination tasks with healthcare professionals (HCPs) and the IT/Tech team, managing simple escalations, and maintaining up-to-date schedules and records to ensure a seamless digital experience for our patients and partners.
Key Responsibilities:
 - Manage and resolve routine escalations from various stakeholders, including HCPs, patients, and corporate accounts, directing complex issues to senior staff.
 - Monitor service dashboards to track key performance indicators and assist in data collection for routine reports.
 - Maintain accurate records of virtual consultations and patient-related data to ensure service quality and compliance.
Perks and Benefits
 - Performance Incentives & Career Progression: Recognition through clear pathways for advancement, promotion opportunities, and performance-based bonuses.
 - Growth & Impact: A clear path for professional development and the opportunity to make a tangible impact on patient health.
 - Cross-Functional Learning: Opportunities to collaborate across different teams, expanding your skill set and broadening your understanding of the business.
 - Health & Wellness Coverage: HMO benefits to ensure your peace of mind, paired with free medical consultations and unlimited essential medicines.
 - Paid Time Off: Paid leaves to rest, recharge, and attend to personal priorities.
Application Process
Our application process typically takes one to three weeks, depending on your availability and progress:
Step 1: Submit your application form and complete the online assessment within seven days. Afterwards, results are shared in one to three business days.
Step 2: Qualified candidates attend a full-day onsite evaluation. Progression depends on performance at each stage. HR will notify you if your evaluation concludes early. Please arrive at the venue between 8:00 AM and 9:00 AM. The detailed schedule is as follows:
Initial Assessment
 - 8:00 AM - 10:00 AM: Onsite Assessment
Supplementary Assessment (as needed)
 - 10:00 AM – 12:00 PM: HR Panel Interview
 - 12:00 PM – 1:00 PM: Lunch Break
 - 1:00 PM – 4:00 PM: One-on-One Interviews
 - 4:00 PM – 5:30 PM: CEO Forum
Step 3: Final review and background checks occur within three business days. Additional interviews may be requested.
Step 4: Receive final results within five to seven business days.","- Knowledge in Google Workspace (Google Sheets, Google Docs, etc.) and relevant computer applications.
 - Bachelor's degree in a related field.
 - Strong organizational and project management skills.
 - Proficient in data analysis and reporting.
 - Knowledge in Google Workspace applications.
 - Must work onsite in Makati City.",,2026-10-01T06:32:51.477617+00:00,2026-10-07T06:31:03.448851+00:00,2026-11-02T16:00:00+00:00,2026-10-08T07:28:50.121632+00:00,True,False,False,public,2026-10-09T08:11:35+00:00
273080,Senior Automation and Process Specialist [Remote WFH],senior-automation-and-process-specialist-remote-wfh,https://www.kalibrr.com/c/thumbtack-ph/jobs/273080/senior-automation-and-process-specialist-remote-wfh,Thumbtack Philippines,thumbtack-ph,Internet,https://www.thumbtack.com/,True,Customer Service,Full time,,300,0,200,False,False,True,Makati,Metro Manila,Philippines,"6754 Ayala Avenue, Legazpi Village, Makati, Metro Manila, Philippines, Makati, Metro Manila, Philippines",14.55491,121.03512,False,99000,161000,PHP,month,"About the Service Team
We are a close-knit team of process, program management, customer experience, and workforce management professionals committed to delivering world class service through operational excellence and strategic enablement. We work closely with our frontline Service, Business Apps, QA, Enablement, and Analytics teams to identify friction points in customer and pro support journeys and redesign them using AI driven automation and improved processes. Our goal is to create service experiences that are efficient for our operations team and effective for our customers and pros.
About the role
As Sr. Automation & Process Specialist, you will play a key role in Thumbtack’s service experience transformation. You will take ownership of specific business challenges within the service journey and lead process redesign supported by targeted automation and AI applications. Your focus is on achieving outcomes such as faster resolution, more consistent quality, and smarter operations - not just configuring systems.
What you’ll do
 - Identify and lead 0→1 initiatives that create entirely new processes or fundamentally reinvent existing ones, rather than making incremental improvements.
 - Design and execute future-state workflows that combine policy, process, and automation to deliver measurable business impact.
 - Own end-to-end delivery of automation initiatives, from discovery and design through implementation, testing, and launch.
 - Leverage AI tools and automation platforms (for example, conversational AI, agent assist, and self-service) to enhance service speed, consistency, and scalability.
 - Partner with QA, Analytics, Data Science, and frontline teams to gather insights and validate opportunities for major improvement.
 - Collaborate with Business Applications to ensure solution designs align with business goals and represent a true step forward in operational effectiveness.
 - Track key performance metrics to assess impact, document learnings, and build playbooks that enable continued innovation across teams.","In order to be successful, you must bring
 - 5+ years of experience in service operations or continuous improvement, with a proven record of leading 0 to 1 initiatives. Experience in customer experience strategy is preferred.
 - Strong process thinking with the ability to simplify complex systems, reduce handoffs, and remove waste.
 - Experience with AI- or automation-enhanced service environments (e.g., bots, agent assist, self-service) and a vision for their transformative potential.
 - Skilled in leading discovery sessions, facilitating collaboration, and driving cross functional problem solving focused on breakthrough solutions.
 - Strong analytical and strategic skills to connect customer experience outcomes with operational and financial results.
 - Passion for building excellent, scalable systems that represent a paradigm shift, not just optimizing existing tools.",,2026-10-01T07:52:01.258200+00:00,2026-10-01T07:53:04.985093+00:00,2026-11-29T16:00:00+00:00,2026-10-01T07:53:04.895192+00:00,True,False,False,public,2026-10-09T08:11:13+00:00
273103,Sales Associate,sales-associate,https://www.kalibrr.com/c/qne-software-philippines-inc/jobs/273103/sales-associate,"QNE Software Philippines, Inc.",qne-software-philippines-inc,Information Technology / IT,https://qne.cloud/ph/,True,IT and Software,Full time,1,200,0,550,True,False,False,Makati,Metro Manila,Philippines,"3103, Makati, Metro Manila, Philippines",14.55491,121.03512,True,,,,,"- Coordinate with consultants for support, including proposals, approvals, payments, and monitoring.
 - Send product overviews and company profiles to prospective clients.
 - Conduct initial qualification and follow-up of leads from marketing activities, referrals, events, and other sources.
 - Act as custodian for departmental documents, including preparing quotations and maintaining records of sales and after-sales accounts.
 - Assist with lead inquiries, report preparation, group demonstrations, and event engagements.
 - Maintain the schedule of Consultants and coordinate demonstration appointments, client meetings, and schedule changes with prospects.
 - Cold call leads and answer sales inquiries via email or phone.
 - Assist Consultants during product demonstrations, client meetings, and presentations when needed.
 - Coordinate the processing and proper handover of documents for closed sales to the appropriate internal teams.
 - Support sales events, seminars, webinars, and other marketing activities.
 - Perform any other duties as required by the company.","- Open to candidates with a Bachelor's degree in Computer Science, Information Technology, Finance, Accountancy, Banking, Marketing, or Mass Communications.
 - Sales experience in the IT industry is advantageous.
 - Excellent English and Filipino communication skills, both oral and written.
 - Proficient in MS Office applications and data recording.
 - Organized, multitasking ability, and can perform under pressure.
 - Fresh graduates of Sales and Marketing are encouraged to apply.",,2026-10-02T06:04:21.256843+00:00,2026-10-02T06:06:15.996531+00:00,2027-10-02T02:20:13.243000+00:00,2026-10-02T06:06:15.948028+00:00,True,False,False,public,2026-10-09T08:09:54+00:00
273106,Paralegal,paralegal-4,https://www.kalibrr.com/c/hire-manila/jobs/273106/paralegal-4,Hire Manila,hire-manila,Staffing / Recruiting,https://hiremanila.com/ ,True,Legal,Full time,1,200,0,550,False,False,False,Quezon City,Metro Manila,Philippines,"Quezon City, Metro Manila, Philippines",14.67297,121.04949,False,25000,27000,PHP,month,"We are looking for a talented paralegal who will support in-house legal counsel for a focus on business registration services. This role will help businesses and startups register, operate, and renew business licenses, permits, and contracts in Metro Manila.
You will be involved in the documentation for partnerships and legal transactions. Your main goal is to ensure that all documents are in order, checklists are completed, and comply with government requirements.
Your Responsibilities:
 - Preparing and or assisting in drafting of corporate legal documents such as affidavits, contract, memoranda, and other corporate documents
 - Coordinate with government agencies and Legal Counsel for legal/litigation/compliance matters
 - Administer business permit registration for sole proprietorship, domestic and foreign corporations
 - Draft and file court and legal documents, such as, but not limited to, memorandum of agreement, non-disclosure and data sharing agreements, company policies
 - Conduct research on relevant laws, regulations, and legal articles
 - Assist the Executives or Finance Manager in securing government permits and licenses, registration of companies with SEC and BIR and coordinate with lawyers regarding corporate and litigation matters
 - Responsible for the timely submission of all legal documents and regulatory compliance requirements
 - Guide management on regulatory and compliance issues to ensure compliance with legal regulations
 - Evaluate new business partnerships with vendors and subcontractors","- Candidate must have a Bachelor’s Degree preferably Political Science or Legal Management OR equivalent experience
 - Preferably 1-2 years working experience as Legal Assistant or Paralegal
 - Must have experience in business permit registration for sole proprietorship, domestic and foreign corporations.
 - With background in legal, notarial department/government office
 - Knowledgeable of Obligations and Contracts, Labor Law and Data Privacy Law and a high level of research skills
 - Excellent communication skills, both verbally and in writing
 - Strong interpersonal and presentation skills, along with the ability to communicate effectively with others at all levels of the organization
 - Highly analytical with strong attention to detail
 - Ability to maintain confidentiality
 - Must be able to adapt in a fast-paced working environment working with multiple clients at a time",,2026-10-02T06:23:32.249537+00:00,2026-10-02T06:24:10.841521+00:00,2026-10-30T16:00:00+00:00,2026-10-09T00:28:45.143391+00:00,True,False,False,public,2026-10-09T08:11:57+00:00
273109,Mid level Project Manager,mid-level-project-manager,https://www.kalibrr.com/c/ncs-philippines/jobs/273109/mid-level-project-manager,NCS Philippines Inc. ,ncs-philippines,Information Technology / IT,https://www.ncs.co,True,IT and Software,Full time,3,300,0,550,False,True,False,Pasig,Metro Manila,Philippines,"7th Floor, Fort Bonifacio, Pasig, Metro Manila, Philippines",14.57937,121.0866,True,,,,,"- The Senior Project Manager is responsible for managing and leading individual and multi-disciplined projects while overseeing a team of project managers. The role is directly accountable for the team’s ability to meet projected delivery dates and to stay within budget on all projects and solutions. The core elements of the role are about organizing people and time resources and seeing the project through from inception to completion. Leads the team to deliver projects that span across one or more business units.
 - 
 - Leads the development and implementation of a broad, coordinated set of plans and programs to meet the goals and priorities of the department. 
 - Full project life cycle ownership: successful project delivery will include full implementation from initiation to deployment for one major or several minor initiatives simultaneously.
 - Manages teams through all phases of cycle development, including analysis, project design, development, testing periods, installation, and final delivery. 
 - Manages all aspects of multiple related projects to ensure the overall program is aligned to and directly supports the achievement of strategic objectives. 
 - Prepares estimates and detailed project plans for all phases of the project.
 - Manages the day-to-day project activities and resources and chairs the project management team meetings.
 - Provides status reporting regarding project milestones, deliverables, dependencies, risks, issues, and communication across leadership.
 - Participates and/or drives feasibility studies, vendor selections, and proposals for evaluation by appropriate key stakeholders.
 - Develops and manages all aspects of the project and program engagement from planning, external vendor relationships, communications, resources, budget, change, risks, and issues.
 - Sets and continually manage project and program expectations while delegating and managing deliverables with team members and stakeholders.
 - Monitors, tracks, and controls outcomes to resolve issues, conflicts, dependencies, and critical path deliverables.
 - Develops and delivers progress reports, proposals, requirements documentation, and presentations to various audiences, including the project team and sponsors.","- Education – At least graduate with a Bachelor’s or Master’s Degree in IT, Computer Science, Engineering, or any related course.
 - Information Technology Infrastructure Library (ITIL®) and/or Project Management Professional (PMP®) certification is a plus.
 - Related Work Experience – At least 3 years of experience as an IT Professional, with 3+ years experience in Project Management.
 - 3+ years of experience with full product lifecycle with an understanding of development lifecycle and various technology methodologies that support that lifecycle.
 - Highly experienced in handling complex projects following SDLC methodologies (Agile, Scrum, Waterfall).
 - Proven success in providing leadership for project teams by building and motivating team members to meet project goals, adhering to their responsibilities and project milestones.
 - Proven experience working on multiple projects concurrently.
 - Experience working in a high-level collaborative environment and promoting a teamwork mentality.
 - Knowledge – In-depth Knowledge in the following:
 - Project Management
 - Resource Management
 - Developing and Tracking Budgets
 - Process Improvement
 - Skills:
 - Must have the ability to lead and manage a team.
 - Must have the decisiveness in resolving business problems, making decisions, and identifying priorities.
 - Must have excellent time management and organizational skills and experience establishing guidelines in these areas for others.
 - Must have a strong sense of personal accountability regarding decision-making and supervising department teams.",,2026-10-02T07:00:13.128430+00:00,2026-10-02T07:02:03.464888+00:00,2026-11-12T16:00:00+00:00,2026-10-02T11:21:38.656202+00:00,True,False,False,public,2026-10-09T08:10:52+00:00
273110,Software Architect,software-architect-3,https://www.kalibrr.com/c/ncs-philippines/jobs/273110/software-architect-3,NCS Philippines Inc. ,ncs-philippines,Information Technology / IT,https://www.ncs.co,True,IT and Software,Full time,3,400,0,550,False,True,False,Taguig,Metro Manila,Philippines,"7th Floor, Fort Bonifacio, Taguig, Metro Manila, Philippines",14.51258,121.05878,True,,,,,"- Requirements Definition and Management
Participates in proposal generation; i.e. review of the requirement, designing application features and architecture, coming up with the development estimates.
Translates the user requirements into a high-level application design, and coordinates these specifications with the relevant project stakeholders (e.g. Business Analysts when defining the product features).
 - Solution Design and Architecture:
Provides technical solutions for the projects such as Application Architecture, Database Architecture, Infrastructure, Integration, and any other system analysis and design needed.
Architect end-to-end solutions with detailed designs encompassing system components, interfaces, and integrations to meet business needs, ensuring scalability, reliability, security, and deliverability.
 - Systems Design, Integration and Build:
Design system components and implement integration strategies for connecting disparate systems and applications using appropriate techniques and standards.
Defines software modules, and ensure seamless data flow and interoperability across the solution landscape
 - Data Modeling and Database Design:
Applies standard data modeling and design techniques based on detailed requirements.
Develops relevant physical design elements and maintaining mechanisms for storing and accessing data.
 - Documentation, Architecture Governance and Collaboration: 
Create and maintain technical documentation, including architecture diagrams, design documents, and implementation guidelines to ensure performance, resiliency, scalability and compliance with security and project requirements.
Conduct architecture reviews to mitigate risk and ensure adherence to approved technical solutions.
Review code, designs, and technical deliverables for alignment with architectural principles and quality standards.
Collaborate with project stakeholders to drive consensus on technical solutions.
Participates in training, design, documentation, and delivery efforts with the Project Manager.","- Education – Graduate with a Bachelor’s Degree in IT, Computer Science, Engineering or any related course.
 - Related Work Experience – At least 5 years of working experience in Software Development, providing technical solutions such as system architecture, infrastructure design, and database structure.
 - At least 2 years of experience in software engineer roles such as web and mobile application development.
 - Knowledge – In-depth experience, knowledge, and understanding of the following:
 - OOP and software design
 - Software development languages such as PHP, Java, Python, .NET
 - Infra as a Code such as Terraform and Cloud Formation
 - Any integration protocols such as Smpp, Emiucp and Http
 - Public or social media APIs like google API and others
 - Version control (e.g. Svn, Git).
 - Debugging and optimization skills
 - Collaboration and documentation tools such as Confluence, Jira, Asana, or Trello
 - Cloud Experience in AWS, Azure and Google Cloud is a plus.
 - Frameworks such as Togaf and Zachman is a plus",,2026-10-02T07:05:57.126166+00:00,2026-10-02T07:07:12.421354+00:00,2026-12-30T16:00:00+00:00,2026-10-04T14:56:37.494559+00:00,True,False,False,public,2026-10-09T08:10:37+00:00
273151,Member Success Intern,member-success-intern,https://www.kalibrr.com/c/perigon-projects-inc/jobs/273151/member-success-intern,"Paradigm Projects, Inc. / Perigon Projects, Inc.",perigon-projects-inc,Other Industry,https://instagram.com/strong_philippines,True,Customer Service,Part time,1,100,0,550,False,True,False,Makati,Metro Manila,Philippines,"Makati, Metro Manila, Philippines",14.55491,121.03512,True,,,,,"The Role in a Nutshell
As a Member Success Intern at Strong Pilates Philippines, you help make sure every member gets what they came for: a routine they keep, results they can feel, and a studio that feels like theirs. You support the Member Success team across inquiries, follow-ups, and community initiatives, while learning how a boutique fitness business converts, retains, and grows its members.
This is a hands-on, paid internship built as a path to a full-time role. You will work with real members, real leads, and real events, not busywork. We are not hiring someone to fill in for a few months. We are hiring the person we hope becomes our next full-time Member Success Associate.
Internship Details
 - Paid internship, with the opportunity for full-time employment
 - Schedule: Flexible and inquiry-driven. You respond to member inquiries and touchpoints as they come in, and join in-studio for events and initiatives as needed
 - Duration: 3 months, with the possibility of extending to 6 months, leading to a full-time Member Success Associate role
 - Location: Hybrid. Inquiries are handled remotely, with in-studio presence for member touchpoints and events
 - Reports to: Member Success Lead
What You’ll Do
Member Support and Sales:
 - Respond to email, social media, and in-studio inquiries promptly and on brand, escalating anything outside your scope.
 - Follow up with leads and trial clients, guiding them toward the membership or package that fits their goals.
 - Perform touchpoints with new and recurring members, such as first-class check-ins, milestone messages, and re-engagement of lapsed members, documenting their needs and preferences in the CRM.
 - Help keep the sales pipeline clean and current, from first inquiry through follow-up and after-sales.
 - Assist in tracking and following up on failed payments.
 - Support CRM-driven campaigns for lead nurturing, retention, and win-back.
 - Help prepare weekly reports on leads, conversions, and retention.
Community and Member Experience:
 - Help plan and run member initiatives and events, from preparation and setup to documentation and follow-up.
 - Support our referral, loyalty, and ambassador programs.
 - Collect and organize member feedback, and flag recurring patterns to the team.
 - Assist with retention initiatives such as Strong Human of the Month.
 - Contribute ideas to improve our workflows, SOPs, and overall member experience.
Other Key Responsibilities
 - Take pride in Strong Pilates Philippines studio/s as if they were your own.
 - Be a proud and visible ambassador for Strong Pilates Philippines, on- and off-site.
 - Contribute to nurturing the sense of community within Strong Pilates Philippines.
 - Learn our CRM and booking systems, sales approach, and brand standards, and apply them consistently.
 - Ensure compliance with data privacy laws and company standards in handling member information.
What You’ll Gain
 - Paid internship, with compensation discussed during the interview
 - Hands-on training in sales, CRM, and member experience in boutique fitness
 - Mentorship from the Member Success team, with exposure to the founders
 - Complimentary studio access across Strong and Perigon
 - Certificate of completion, with hours creditable toward school requirements
 - Consideration for a full-time Member Success Associate role, based on performance
We expect your dedication and passion to be exclusive to Strong Pilates Philippines and its affiliated lifestyle brand, Perigon Rhythmic Cycling. School requirements are understood, but concurrent internships, part-time roles, freelance clients, or outside retainers are not compatible with this position.","Who You Are
 - Currently enrolled in, or a recent graduate of, a college degree program, ideally in Business, Marketing, Communications, Hospitality, Sports Science, or a related field
 - Customer service, sales, or student organization experience is a plus, but not required
 - Genuinely enjoys people, with clear, warm communication in person and online
 - Organized and detail-oriented, with follow-through on every lead and message
 - Proactive and reliable, with a strong sense of accountability and commitment to deadlines
 - Coachable, and responsive when inquiries come in, including evenings and weekends
 - Open to joining full-time after the internship
 - Passion for fitness and wellness, with Pilates experience a bonus
 - Familiarity with Google Workspace; experience with CRM or booking systems is a plus",,2026-10-04T09:00:22.443261+00:00,2026-10-04T09:00:29.651376+00:00,2026-10-29T16:00:00+00:00,2026-10-09T01:57:47.064581+00:00,True,False,False,public,2026-10-09T08:11:51+00:00
273169,Quality Assurance Engineer,quality-assurance-engineer,https://www.kalibrr.com/c/emerson-electric-asia-limited/jobs/273169/quality-assurance-engineer,Emerson Electric (Asia) Limited,emerson-electric-asia-limited,Electrical / Electronic Manufacturing,http://www.emerson.com,True,IT and Software,Full time,1,200,0,550,False,False,False,Mandaluyong,Metro Manila,Philippines,"39th to 44th floor Mega Tower, Mandaluyong, Metro Manila, Philippines",14.57887,121.04409,True,,,,,"In This Role, Your Responsibilities Will Be:
Champion quality throughout the software delivery lifecycle by identifying risks early and supporting informed release decisions.
Develop a strong understanding of software platform, customer workflows, integrations, and operational use cases to ensure effective test coverage.
Translate business and technical requirements into comprehensive test strategies that address functional, integration, regression, and end-to-end scenarios.
Execute exploratory, functional, regression, API, integration, and end-to-end testing activities while documenting results and communicating outcomes clearly.
Investigate, document, and verify software defects, working collaboratively with stakeholders to drive effective resolution.
Design, develop, and maintain automated tests that improve efficiency, reduce repetitive manual effort, and strengthen release confidence.
Partner with developers, product owners, and subject matter experts to improve requirements clarity, acceptance criteria, and testability early in the development process.
Utilize AI-enabled tools responsibly to support test design, automation development, test data creation, analysis, documentation, and defect investigation while validating outputs for accuracy and quality.
Analyze testing trends and quality metrics to identify opportunities for product, automation, and process improvements.
Collaborate with product management, development, user experience, architecture, operations, support, and domain experts to deliver customer-focused solutions.
Actively contribute to Agile, Scrum, and SAFe ceremonies, promoting quality-focused practices and continuous improvement.","For This Role, You Will Need:
Bachelor’s Degree in Computer Science, Computer Engineering, Software Engineering, or a related field, or an equivalent combination of education, training, and relevant experience.
Minimum of 4 years’ experience in software quality assurance, including both manual and automated testing of web-based, enterprise, or complex software applications.
Knowledge of software testing principles, exploratory testing, test design techniques, defect management, and risk-based testing approaches.
Experience designing and executing tests across user interfaces, APIs, integrations, backend services, and data workflows.
Experience developing or maintaining automated tests using modern frameworks such as Playwright, Cypress, Selenium, or similar tools.
Proficiency in at least one programming or scripting language such as C#, JavaScript, TypeScript, Python, or Java.
Experience using relational databases and SQL for test data management, validation, and troubleshooting.
Strong analytical, problem-solving, communication, and collaboration skills.",,2026-10-05T03:33:04.274363+00:00,2026-10-05T03:33:38.354424+00:00,2026-12-03T16:00:00+00:00,2026-10-05T06:56:48.975658+00:00,True,False,False,public,2026-10-09T08:10:25+00:00
273170,Full Stack Developer,full-stack-developer-2,https://www.kalibrr.com/c/emerson-electric-asia-limited/jobs/273170/full-stack-developer-2,Emerson Electric (Asia) Limited,emerson-electric-asia-limited,Electrical / Electronic Manufacturing,http://www.emerson.com,True,IT and Software,Full time,1,200,0,550,False,True,False,Mandaluyong,Metro Manila,Philippines,"39th to 44th floor Mega Tower, Mandaluyong, Metro Manila, Philippines",14.57887,121.04409,True,,,,,"Design, develop, test, and maintain web‑based and backend software applications that support enterprise‑level systems.
Collaborate with cross‑functional teams to translate requirements into reliable, scalable, and secure technical solutions.
Develop and maintain RESTful APIs that serve as standard system interfaces.
Build and optimize data access layers using document‑based and relational databases.
Apply sound software architecture and design principles, documenting solutions clearly and effectively.
Troubleshoot, debug, and resolve issues in commercial and internally developed software.
Continuously learn and apply modern development tools, frameworks, and methodologies to improve system quality and performance.","For This Role, You Will Need:
Bachelor's degree in Computer science, Information Technology, or a related field.
Minimum of 5 years of hands-on experience in web application development using technologies such as ReactJS and C#.
Working knowledge of database technologies, including Oracle, SQL
Familiarity with CI/CD pipelines and modern software deployment practices.
Understanding of Scaled Agile Framework (SAFe) and Agile development methodologies.
Experience with test automation tools and automated software testing practices.
Excellent problem-solving skills and a collaborative mindset in a fast-paced development environment.",,2026-10-05T03:54:28.982563+00:00,2026-10-05T03:55:33.012932+00:00,2026-11-16T16:00:00+00:00,2026-10-05T06:15:28.553683+00:00,True,False,False,public,2026-10-09T08:10:11+00:00
273179,Sales Development and Marketing Representative,sales-development-and-marketing-representative,https://www.kalibrr.com/c/ithinkweb-corporation/jobs/273179/sales-development-and-marketing-representative,Quality Trade Asia Corp,ithinkweb-corporation,Information Technology / IT,https://group.qualitytrade.com/,True,Sales and Marketing,Full time,1,300,0,550,False,False,True,Pasig,Metro Manila,Philippines,"20D, F. Ortigas Jr. Rd, San Antonio, Pasig, Metro Manila, Philippines",14.57937,121.0866,True,,,,,"Sales Development & Marketing Representative 
The Sales Development & Marketing Representative is a core growth driver for QualityTrade commercial team, combining outbound sales development with digital marketing. The SDR finds and engages potential clients, qualifies their interest, and hands qualified opportunities to the Head of Sales, while building brand awareness on social channels and producing the research and collateral that make outreach effective. The SDR does not close deals; success is measured by the quality and volume of pipeline created and the reach of QualityTrade’s brand among target buyers.
Key Duties and Responsibilities
 - Outbound Sales and Lead Generation 
 - Run multi-channel outbound campaigns (email and LinkedIn) to identify and engage potential buyers/customers.
 - Qualify inbound inquiries and self-sourced prospects, schedule discovery calls, and route qualified opportunities to the Head of Sales.
 - Use social selling on LinkedIn to start and nurture conversations with specific prospects.
 - Keep CRM records accurate and complete, with consistent follow-up sequences and activity tracking.
 - Social Channel Management and Brand Outreach 
 - Execute the content plan on QTA's social channels (primarily LinkedIn) to raise brand awareness among target buyers.
 - Monitor social interactions and take part in relevant industry discussion, while cultivating prospective leads through social selling techniques.
 - Coordinate social campaigns and reports directly with the Head of Sales, and track audience engagement metrics.
 - Market Research and Opportunity Scouting 
 - Research industries, accounts, and buyers to build target account lists with the right decision-makers.
 - Analyze market trends, competitor positioning, and client pain points to sharpen outreach messaging.
 - Use CRM and analytics data to spot untapped segments and improve outreach performance.
 - Sales Enablement and Deal Support 
 - Assist in tailoring presentation decks, outreach messaging, and marketing collateral for specific target industries.
 - Develop and update client case studies and ROI proof points for sales campaigns.
 - Other Duties
Perform Sales, Marketing, and Business-related tasks as may be assigned from time to time.
Skills:
 - Leadership and accountability
 - Proactive, disciplined, and resourceful
 - Strong interpersonal and teamwork skills
 - Organized and detail-oriented
 - High work integrity and professional ethics","- 1-3 years experience in Internship or hands-on experience in SDR work, outbound prospecting, or digital/social media marketing preferred.
 - Candidates must possess at least a Bachelor's degree or equivalent practical experience; Business, Marketing, Communications, or a related field preferred.
 - Experience in outbound prospecting and lead qualification
 - Proficient in LinkedIn and social media, including content creation, social selling, and analytics
 - Exceptional copywriting and written communication, with persuasive messaging across email and social platforms.
 - Proficient in market, account, and competitor research
 - Presentation and sales collateral development skills 
 - Highly organized, resilient self-starter comfortable in a fast-paced environment (required).
 - Strong interest in a hybrid sales and marketing career path.
 - Proficient in the use of common computer applications and software such as within Microsoft Office (excel, Word, Powerpoint etc.), Google Workspace, CRM (e.g., HubSpot / Salesforce), LinkedIn & LinkedIn Sales Navigator, Email Sequencing / Scheduling Tools, and Canva or Similar Design Tool. 
 - Work Set Up: Remote",,2026-10-05T06:17:35.587394+00:00,2026-10-05T06:19:51.025310+00:00,2027-01-04T16:00:00+00:00,2026-10-08T04:10:45.418081+00:00,True,False,False,public,2026-10-09T08:12:10+00:00
273214,Visa Compliance Officer,visa-compliance-officer,https://www.kalibrr.com/c/ateneo-de-manila-university-1/jobs/273214/visa-compliance-officer,Ateneo de Manila University,ateneo-de-manila-university-1,Higher Education / Academia,http://www.ateneo.edu/,True,Legal,Full time,1,300,0,550,False,False,False,Quezon City,Metro Manila,Philippines,"Katipunan Ave, Loyola Heights, Quezon City, Metro Manila, Philippines",14.67297,121.04949,True,,,,,"Summary of Work Activities and Responsibilities:
The Visa Compliance Officer facilitates and ensures the University’s compliance with Philippine laws and policies relevant to inbound non-Filipino students / academics / other personnel, as well as outbound Ateneo students / academics / other personnel.
The Visa Compliance Officer reports directly to the Head of the International Mobility Section of the OAVP-UPI, and oversees the work of the Visa Processing Assistant and the Visa Liaison.
Main Duties and Responsibilities:
1. Compliance Management Support:
 - Surveys and keeps abreast of all relevant information about laws, regulatory requirements, policies, protocols, and other such guidelines, that are pertinent to the mobility of students, academics, and other personnel.
 - Surveys and keeps abreast of all relevant information on processes, requirements, and timelines of the application for relevant permits and visas that are necessary to enable the mobility of students, academics, and other personnel.
 - Liaises with relevant government agencies to ensure that information related to mobility and necessary permits is up-to-date and accurate. These agencies include but are not limited to Department of Labor and Employment, Bureau of Immigration, Professional Regulatory Commission, and Commission on Higher Education.
 - Assists the Head of the International Mobility Section in the conduct of reviews of University policies, standards, and guidelines to ensure compliance with government regulations related to international inbound and outbound mobility of students, academics, and other personnel.
 - Provides effective guidance to concerned University units, especially academic departments, about application requirements, supporting documents, and processing timelines for appropriate visas and permits that are necessary for both inbound and outbound mobility of students, academics, and other personnel.
 - Oversees the system designed to monitor the expiration dates of relevant permits and visas, and triggers the issuance of timely advisories in anticipation of such expiration dates.
 - Submits and tracks requests for cash advances and liquidation of all visa-related procedure
 - Provides guidance to University offices regarding regulation compliance reporting requirements, and reviews and facilitates the submission of such to government regulatory agencies.
2. Reports and Documentation Support
 - Reviews and endorses reports related to mobility of students, academics, and personnel in compliance with government and regulatory agencies.
 - Collates, analyzes, and presents data related to requested endorsement processing services and actual administration, and all pertinent data related to the applied endorsements
3. Section Management Support
 - Assists the Head of the International Mobility Section in supervising and managing the combined work of the Visa Processing Assistant and the Visa Liaison.
 - Assists in the efficient and effective usage of the Visa Revolving Fund, in accordance with University guidelines and protocols that govern such resources.
 - Provides advice to the Section Head regarding complementary resource requirements of the Visa Team which may improve productivity and efficiency.
4. Performs other university-related duties as may be required by the immediate supervisor and any authorized representatives","Education and Experience Requirements:
 - Bachelor’s Degree
 - At least 3-5 years of relevant work experience preferred; visa-related work an advantage
Knowledge, Skills, and Abilities:
 - Knowledge on Philippine Visa Processing: familiarity with the procedures applications and renewals of Philippine visas, study permits, employment permits, etc.
 - Integrity: consistently demonstrates honesty, ethical behavior, and strong moral principles in all aspects of work. Maintains confidentiality, takes accountability for actions, and upholds organizational values even in challenging situations
 - Attention to Detail: thorough when performing work and conscientious about details
 - Planning and Evaluating: ability to organize work, sets priorities, and determines resource requirements; determines short- and/or long-term goals and strategies to achieve them; coordinates with other organizations or parts of the organization to accomplish goals; monitors progress and evaluates outcomes
 - Interpersonal Skills: ability to relate, collaborate, and negotiate with different job levels in different circumstances, taking into consideration their needs, feelings, and context. Equally comfortable dealing with employees, and administrators/management
 - Writing: ability to communicate effectively in writing as appropriate for the needs of the audience
 - Oral Communication: ability to convey information to individuals or groups effectively, considering the audience and nature of the information; makes clear and convincing oral presentations; listens to others, attends to nonverbal cues, and responds appropriately
 - Technological Proficiency: ability to utilize information technology and computer and internet systems to accomplish tasks; proficient in MS Office Applications",,2026-10-06T02:25:26.275499+00:00,2026-10-07T07:17:14.311005+00:00,2026-11-29T16:00:00+00:00,2026-10-08T05:58:54.238864+00:00,True,False,False,public,2026-10-09T08:12:16+00:00
273232,AI Engineer,ai-engineer,https://www.kalibrr.com/c/elite-worldgroup/jobs/273232/ai-engineer,Elite Worldgroup,elite-worldgroup,Other Industry,http://www.translations.ph,True,IT and Software,Full time,1,200,0,550,False,True,False,Pasig,Metro Manila,Philippines,"28th flr, Ortigas Ave, Santa Lucia, Pasig, Metro Manila, Philippines",14.57937,121.0866,True,,,,,"- Design, develop, test, and deploy AI and machine learning solutions for translation and localization workflows.
 - Develop and integrate AI-powered applications using Large Language Models (LLMs), natural language processing (NLP), and other AI technologies.
 - Build AI automation tools that improve productivity, quality, and operational efficiency.
 - Integrate AI models and third-party AI APIs into existing applications and business processes.
 - Develop prompts, AI workflows, and evaluation frameworks to improve the accuracy and reliability of AI-generated content.
 - Process, analyze, and prepare datasets for AI and machine learning applications.
 - Evaluate AI model performance and identify opportunities for optimization and improvement.
 - Collaborate with translators, project managers, developers, and other stakeholders to identify opportunities for AI-driven solutions.
 - Monitor AI systems in production and troubleshoot performance, accuracy, and integration issues.
 - Stay current with emerging developments in generative AI, LLMs, NLP, machine learning, and AI automation.
 - Ensure AI solutions follow appropriate standards for data privacy, security, quality, and responsible AI use.
 - Document AI systems, workflows, technical processes, and implementation procedures.","- Bachelor’s degree in Computer Science, Information Technology, Artificial Intelligence, Data Science, Engineering, or a related field.
 - Experience developing AI, machine learning, or software engineering solutions.
 - Strong programming skills in Python or a similar programming language.
 - Familiarity with LLMs, generative AI, NLP, machine learning, and AI APIs.
 - Experience working with APIs, databases, cloud platforms, and software development tools.
 - Understanding of model evaluation, prompt engineering, data processing, and AI system integration.
 - Strong analytical and problem-solving skills.
 - Ability to work independently while collaborating effectively with cross-functional teams.
 - Strong communication and documentation skills.",,2026-10-06T05:47:27.949909+00:00,2026-10-06T05:47:31.830619+00:00,2026-12-04T16:00:00+00:00,2026-10-09T03:55:34.382474+00:00,True,False,False,public,2026-10-09T08:10:05+00:00
273238,"Software Developer with Oracle SQL, Java, Spring Boot",software-developer-with-oracle-sql-java-spring-boot,https://www.kalibrr.com/c/emerson-electric-asia-limited/jobs/273238/software-developer-with-oracle-sql-java-spring-boot,Emerson Electric (Asia) Limited,emerson-electric-asia-limited,Electrical / Electronic Manufacturing,http://www.emerson.com,True,IT and Software,Full time,1,300,0,550,False,True,False,Mandaluyong,Metro Manila,Philippines,"39th to 44th floor Mega Tower, Mandaluyong, Metro Manila, Philippines",14.57887,121.04409,True,,,,,"If you are a Senior Developer with strong Oracle SQL and Java/Spring Boot expertise, this role offers the chance to design, develop, maintain, and support enterprise applications. You will work across Oracle Database, backend services, and web applications, with a strong focus on delivering reliable solutions, optimizing existing applications, troubleshooting production issues, and supporting legacy systems. You will collaborate with Product Owners, System Analysts, QA teams, and other technical stakeholders in an Agile environment while contributing to technical decisions, code reviews, documentation, and continuous improvement of enterprise applications. 
If this sounds like a perfect fit for you, apply now and join our team in Mandaluyong City, Philippines! 
In This Role, Your Responsibilities Will Be: 
 - Design, develop, maintain, and enhance enterprise applications using Java, Spring Boot, Oracle Database, and modern web technologies. 
 - Write, analyze, and optimize complex Oracle SQL queries to support application functionality, data processing, reporting, and overall system performance. 
 - Support and enhance complex legacy applications by analyzing existing code and architecture while identifying opportunities for modernization, maintainability, and performance improvements. 
 - Troubleshoot, debug, and resolve production issues across application, database, API, and integration layers, ensuring timely and effective resolution. 
 - Analyze business requirements and technical problems, translating them into scalable, maintainable, and reliable software solutions. 
 - Develop and maintain Java/Spring Boot REST APIs, including business logic, integrations, and services connected to Oracle Database. 
 - Develop and maintain web application components using JavaScript and HTML and potentially include front-end frameworks like React as required by the application architecture. 
 - Support and contribute to integrations with enterprise platforms and services, including authentication/SSO and other third-party or internal systems. 
 - Participate in code reviews, testing, deployment, and CI/CD practices, following established software development and quality standards. 
 - Create and maintain technical documentation, including technical specifications, API documentation, and troubleshooting guides. 
 - Collaborate with Product Owners, System Analysts, QA teams, and other technical stakeholders to deliver solutions and resolve complex technical issues. 
 - Identify technical risks and dependencies, take ownership of issues, and proactively contribute to application reliability and maintainability.","For This Role, You Will Need: 
 - Bachelor's degree in Computer Science, Software Engineering, or a related field. 
 - 5+ years of software development experience with hands-on delivery across Java and Oracle Database. 
 - Strong Oracle SQL skills with experience writing, analyzing, and optimizing complex SQL queries, including joins, subqueries, aggregations, and data-intensive operations. 
 - Solid experience developing Java applications and REST APIs using Spring Boot, including business logic, service-layer development, and integration with Oracle Database. 
 - Strong understanding of Oracle Database and experience working with relational data models, database objects, and application-to-database integrations. 
 - Experience diagnosing application issues, analyzing existing code, debugging production problems, and implementing reliable solutions across multiple application layers. 
 - Experience consuming and producing REST APIs, with familiarity with API authentication patterns (OAuth2, JWT) and integration with third-party platforms. 
 - Familiarity with the software development lifecycle, including source control, code reviews, testing, deployment, and Agile (sprint-based) delivery. 
 - Familiarity with CI/CD pipelines and branching strategies.
Preferred Qualifications that Set You Apart: 
 - Experience working with legacy applications, including modernization, technical debt reduction, and application maintenance is a plus. 
 - Experience with React, NextJS, and modern JavaScript frameworks. 
 - Experience with Oracle APEX application development and maintenance. 
 - Experience with PL/SQL, including packages, procedures, functions, and complex queries for data management and reporting use cases. 
 - Experience with SSO/authentication technologies, such as Auth0 or similar identity platforms. 
 - Experience with MuleSoft or similar enterprise integration platforms. 
 - Experience with Salesforce development and enterprise integrations, including Salesforce APIs, Lightning Web Components (LWC), and integration between Salesforce and backend services. 
 - Experience in learning management, e-learning, or enterprise training platforms. 
 - Familiarity with microservices architecture and API gateway patterns. 
 - Experience working in an international Agile delivery team.",,2026-10-06T06:48:35.978583+00:00,2026-10-06T06:48:48.242835+00:00,2026-12-04T16:00:00+00:00,2026-10-07T15:12:52.322292+00:00,True,False,False,public,2026-10-09T08:11:07+00:00
273268,Software Implementation Specialist,software-implementation-specialist-2,https://www.kalibrr.com/c/questronix-corporation/jobs/273268/software-implementation-specialist-2,Questronix Corporation,questronix-corporation,Information Technology / IT,https://questronix.com.ph/,True,IT and Software,Full time,0,200,0,550,True,True,False,Makati,Metro Manila,Philippines,"178 Yakal St. Brgy. San Antonio, Makati, Metro Manila, Philippines",14.55491,121.03512,True,,,,,"1. Implement specific software-related initiatives and projects.
2. Design, develop, test, and maintain RESTful APIs, web services, and system 
integrations with internal and third-party applications.
3. Develop API consumption and integration solutions using industry-standard 
authentication and security protocols such as OAuth, OpenID Connect, API keys, 
and JWT.
4. Design and implement AI-powered solutions, including generative AI, intelligent 
automation, and chatbots.
5. Integrate AI services, large language models (LLMs), and AI platforms into 
business applications through APIs and SDKs.
6. Ensure the implementation of software applications.
7. Provide first-level support for incidents and support requests
8. Conduct proof of concept of software applications
9. Perform regular maintenance tasks, including system updates and patches.
10. Develop and implement data migration and/or data interface processes.
11. Ensure completion of projects in a timely manner.
12. Prepare and maintain technical documentation, including system configurations, 
API documentation, user guides, and support procedures.
13. Conduct case studies to determine the required functionalities.
14. Capable to learn and implement basic hardware implementation.
15. Collaborate with cross-functional teams, clients, and technology partners to gather 
and deliver client requirements.","1. Bachelor’s degree in Computer Science, Information Technology, Engineering, or 
a related field.
2. Proficiency in Python, Java, JavaScript, Node.js, and database technologies.
3. Strong knowledge of JavaScript, web stacks, libraries, and frameworks, with 
experience in software design and development using test-driven development 
(TDD) practices.
4. Familiarity with Agile software development methodologies.
5. Relevant certifications in Database, API, AI, Security, Hybrid Cloud, Automation, 
or Business Process Management are an advantage.
6. Strong business understanding and analytical skills, with the ability to translate
business requirements into effective technical solutions.
7. Strong problem-solving, decision-making, and planning skills.
8. Excellent communication, presentation, customer relations, and interpersonal 
skills.
9. Self-motivated and proactive, with the ability to work independently with minimal 
supervision.
10. Results-oriented, responsible, and committed to high standards of work ethics and 
professionalism.
11. Ability to work effectively in a team and collaborate with colleagues, clients, and 
stakeholders.
12. Good time management and ability to work effectively under pressure.
13. Professional and approachable personality with a positive attitude.
14. Willingness to work flexible hours and render overtime when necessary.",,2026-10-07T01:43:04.582052+00:00,2026-10-07T01:43:09.673288+00:00,2026-12-05T16:00:00+00:00,2026-10-09T06:29:26.924029+00:00,True,False,False,public,2026-10-09T08:10:47+00:00
273270,Android Developer,android-developer-4,https://www.kalibrr.com/c/multisys-technologies-corporation/jobs/273270/android-developer-4,Multisys Technologies Corporation,multisys-technologies-corporation,Information Technology / IT,https://www.multisyscorp.com/,True,IT and Software,Contractual,0,300,0,550,False,True,False,Parañaque,Metro Manila,Philippines,"#14, Mt. of Olives St, Moonwalk, Parañaque, Metro Manila, Philippines",14.47121,121.02198,False,30000,50000,PHP,month,"Job Summary:
The Android Developer will lead the development and maintenance of high-quality Android applications by playing a key role in the entire development lifecycle, from concept to delivery, and provide technical leadership to the development team. The role requires deep expertise in Android development, excellent problem-solving skills, and the ability to mentor and guide junior team members.
Duties and Responsibilities:
 - Collaborate with cross-functional teams to define, design, and ship new features.
 - Define the app’s architecture, including database structure, APIs, and backend services.
 - Design and build advanced applications for the Android platform.
 - Ensure the performance, quality, and responsiveness of applications.
 - Work on performance optimization for applications.
 - Identify and correct bottlenecks.
 - Work on bug fixing and improving application performance.
 - Collaborate with QA teams to develop comprehensive test plans.
 - Prepare for deployment by configuring local databases and necessary environments.
 - Publish the app to the Google Play Store and manage the release process.
 - Monitor the app’s performance, user feedback, and any potential issues.","- Bachelor’s degree in Computer Science, Information Technology, or a similar field
 - With at least 3+ years of professional experience in Android app development, with a strong portfolio of published apps.
 - Strong knowledge of the Android SDK, different versions of Android, and how to deal with and handle different screen sizes.
 - Familiarity with RESTful APIs to connect Android applications to back-end services.
 - Experience with offline storage, threading, and performance tuning.
 - Ability to design applications around natural user interfaces, such as “touch”.
 - Knowledge of the open-source Android ecosystem and the libraries available for common tasks.
 - Ability to understand business requirements and translate them into technical requirements.
 - Familiarity with cloud message APIs and push notifications.",,2026-10-07T02:27:05.946901+00:00,2026-10-07T02:27:30.900096+00:00,2026-11-23T16:00:00+00:00,2026-10-07T22:17:06.595404+00:00,True,False,False,public,2026-10-09T08:10:23+00:00
273460,Academic Program Secretary,academic-program-secretary-3,https://www.kalibrr.com/c/ateneo-de-manila-university-1/jobs/273460/academic-program-secretary-3,Ateneo de Manila University,ateneo-de-manila-university-1,Higher Education / Academia,http://www.ateneo.edu/,True,Administration and Coordination,Full time,1,200,0,550,False,False,False,Makati,Metro Manila,Philippines,"Rockwell Dr, Makati, Metro Manila, Philippines",14.56293,121.03672,True,,,,,"Knowledge, Skills and Abilities:
Technological Savvy: Ability to utilize information technology and computer and internet systems to accomplish tasks; Proficiency in MS Office and Google Applications (Word, Excel, PowerPoint, etc.)
Secretarial and Clerical Support Skills: Knowledge of administrative and clerical procedures and systems such as managing files and records, office budget and expenses, etc.
Communication Skills: Ability to express thoughts and ideas effectively for both oral and written communication
Organization Skills and Time Management: Ability to work efficiently under tight deadlines/schedules, even with minimal supervision; Ability to effectively plan and coordinate the delivery of required outcomes, according to importance and urgency; Keen to details
Customer Service: Efficient customer service and public relations; Ability to communicate and relate well with other people from different levels of an organization, society, or from different nations/ nationalities
Education and Experience Requirements:
Bachelor’s degree
At least 2 of years of relevant work experience Work experience in Learning and Development, Training, or Education, an advantage","(Full JD to be sent to shortlisted candidate)
Under the supervision of the Administrative Coordinator, the Academic Program Secretary VI provides administrative and logistical assistance for the operations of the Master in Entrepreneurship (ME) Program.
Main Duties and Responsibilities
I. Program, Curriculum, and Classroom Management Support
Provides Program support by:
Coordinating with partner institutions/resource persons for the required class/program requirements
Assisting the resource person in the preparation of presentations and course materials
Handling logistical arrangements (e.g., reservation of venues, preparation and setup of onsite and online classrooms, including Canvas and zoom when applicable, equipment, supplies, ordering of meals, etc.) of the Program
Facilitating requests for reproducing, collating, and distributing learning/course materials to students and faculty
Gathering student reports, papers, and business plans for submission to the designated faculty member and/or panelists
Collates grade submissions from faculty members and forwards them to the Office of the Registrar
Monitors student attendance during onsite and online classes, drafts and issuesreminder letters on student warnings and overcuts upon approval, and updates the Administrative Coordinator on any delinquency or violations of students during sessions
II. Records Management Support
Documents onsite and online class proceedings and reportorial requirements (e.g., student and faculty attendance, evaluation, etc.)
Files and safekeeps various academic documents (e.g., class presentation materials, student course requirements, grade submissions, etc.) and creates, updates, and maintains a database of all learning materials/ references
Monitors, and follows-up students’ submission of Program requirements (e.g., business plan proposals, research papers, etc.)
III. Office Management Support
Attends to office communications (incoming and outgoing) letters, memos, mails, and emails
Attends to inquiries and requests from stakeholders and visitors from various communication channels (e.g. face-to-face, online, phone) and coordinates the flow of information internally and with other offices concerned
Serves as custodian of department keys, equipment, and office supplies
IV. Financial and Budget Support
Assists in drafting ME’s annual budget, income and expense statements and other department reports by collating pertinent information
Maintains and tracks the Program’s financial resources by monitoring the expenses vis-à-vis the budget of the Program (or the ME Batch, if applicable)
Prepares, processes, and monitors financial documents for endorsement for submission to the Central Accounting Office (CAO)
Prepares monthly financial reports (e.g., Student enrolment and corresponding tuition fees, revenues and receivables, expenses, etc.), for submission to the Administrative Coordinator
Computes monthly royalty of the Program’s partner institutions based on standard formula, prepares necessary documentation for payment processing, and submits to the Administrative Coordinator for approval
Assists in monitoring tuition payments per batch and acts upon any report of returned checks
V. Sales and Marketing Support
Collaborates with the GSB’s Marketing Team on sales and marketing campaigns for the ME program and responds to course inquiries
Communicates with leads to convert them to applicants
Facilitates the processing of admissions requirements of Program applicants by providing administrative and logistical support in administering examinations, scheduling of interviews, and collection of requirements processes
VI. Performs all other tasks assigned by the immediate supervisor or any authorized
representatives",,2026-10-08T03:57:59.467191+00:00,2026-10-08T03:58:02.067353+00:00,2026-12-06T16:00:00+00:00,2026-10-08T03:58:02.038712+00:00,True,False,False,public,2026-10-09T08:11:16+00:00
273494,Technical Presales Engineer,technical-presales-engineer,https://www.kalibrr.com/c/first-datacorp-1/jobs/273494/technical-presales-engineer,First Datacorp,first-datacorp-1,Information Technology / IT,http://www.first-datacorp.com/,True,IT and Software,Full time,3,200,0,550,False,True,False,Makati,Metro Manila,Philippines,"3F, 8741, Paseo de Roxas, Bel-Air, Makati, Metro Manila, Philippines",,,True,,,,,"About the Role
We are looking for the following presales:
 - Microsoft Presales Engineer
 - ITSM Presales Engineer
Responsibilities
 - Partner with the Sales team to identify customer requirements and recommend appropriate cybersecurity and IT solutions.
 - Design and present solution architectures, technical proposals, product demonstrations, and proof of concepts (POCs).
 - Prepare technical documentation, including solution designs, bill of materials (BOM), and RFP/RFQ responses.
 - Provide technical support throughout the sales cycle, from solution qualification to customer presentations.
 - Collaborate with internal teams and technology partners to deliver customer-focused solutions","Qualifications
 - Graduate of a Bachelor's Degree in Information Technology, Computer Science, Information Systems, Engineering, or other related courses.
Required Skills
 - Experience in presales or technical sales roles.
 - Knowledge of industry standards and best practices in IT solutions, IT service management and cybersecurity.
 - Strong technical aptitude with the ability to understand, design, and present IT solutions based on customer requirements.
 - Excellent communication and presentation skills, with the ability to explain technical concepts to both technical and non-technical audiences.
 - Experience or familiarity with enterprise Microsoft IT solutions, data engineering technologies, is an advantage.",,2026-10-08T08:35:12.540462+00:00,2026-10-08T08:37:58.761976+00:00,2026-12-06T16:00:00+00:00,2026-10-09T05:29:42.230073+00:00,True,False,False,public,2026-10-09T08:10:19+00:00
273513,Scrum Master,scrum-master-9,https://www.kalibrr.com/c/ncs-philippines/jobs/273513/scrum-master-9,NCS Philippines Inc. ,ncs-philippines,Information Technology / IT,https://www.ncs.co,True,IT and Software,Full time,2,300,0,550,False,True,False,Taguig,Metro Manila,Philippines,"7th Floor, Fort Bonifacio, Taguig, Metro Manila, Philippines",14.51258,121.05878,True,,,,,"The Scrum Master is responsible for supporting various clients and projects across our customer base by facilitating retrospective meetings at the end of each sprint/project to ensure the highest priority retrospective points are met to the customer's satisfaction. The primary job duties may include coaching scrum teams in all areas (including sprint reviews and planning), milestone tracking, holding daily stand-up meetings, and collaborating with engineering, product management, and quality control departments to ensure the project is completed according to specifications. Ensures that the team follows the scrum methodology and keeps the team on track, productive, and growing in ability.
 - Scrum Master (Internal Role)
 - Facilitate Scrum events (Daily Scrum, Sprint Planning, Sprint Review, Sprint Retrospective).
 - Coach and mentor Scrum teams on Agile principles, practices, and values.
 - Remove impediments that are blocking the team's progress.
 - Foster a collaborative and self-organizing team environment.
 - Track and communicate team velocity and sprint progress to stakeholders and management.
 - Assist in creating and maintaining the product backlog.
 - Collaborate with Product Owners to refine and prioritize the backlog.
 - Ensure transparency and open communication within the team and with stakeholders.
 - Promote continuous improvement within the team and the organization.
 - Manage project releases and sprints.","- Education – At least graduate with a Bachelor’s or Master's Degree in IT, Computer Science, Engineering, or any related course.
 - Professional Scrum Master or Certified Scrum Master certification is a plus
 - Related Work Experience – 2-5 years of experience as a Scrum Master, with a proven track record of successfully implementing Scrum in software development projects. Experience with web and mobile applications is highly desirable.
 - Knowledge - 
 - Deep understanding of Agile principles and Scrum framework.
 - Knowledge of various Agile methodologies (e.g., Kanban, XP).
 - Familiarity with Agile project management tools (e.g., Jira, Trello).
 - Understanding of software development lifecycle (SDLC).
 - Knowledge of risk management and quality management principles.
 - Skills:
 - Excellent communication (written and verbal), interpersonal, and facilitation skills.
 - Strong coaching and mentoring skills.
 - Ability to build trust and rapport with team members and stakeholders.
 - Strong problem-solving and conflict-resolution skills.
 - Ability to work independently and as part of a team. 
 - Excellent time management and organizational skills.
 - Ability to influence and motivate others. 
 - Proven ability to drive for results and hold teams accountable.
 - Ability to thrive in an ambiguous environment and adapt to change.
 - Strong presentation skills.",,2026-10-08T09:51:35.714159+00:00,2026-10-08T09:51:39.550275+00:00,2026-12-06T16:00:00+00:00,2026-10-08T09:51:39.518389+00:00,True,False,False,public,2026-10-09T08:10:49+00:00
43123,Purchasing Associate,purchasing-associate,https://www.kalibrr.com/c/blims-lifestyle-group-inc/jobs/43123/purchasing-associate,"BLIMS LIFESTYLE GROUP, INC.",blims-lifestyle-group-inc,Retail Industry,https://www.blimsfurniture.com.ph,True,Supply Chain,Full time,1,200,0,550,False,False,False,Mandaluyong,Metro Manila,Philippines,"Mandaluyong, Metro Manila, Philippines",14.57887,121.04409,False,,,,,"- Processing purchase orders, negotiating with suppliers, tracking orders, creating and maintaining an inventory, quality assurance and liaising with inventory teams and management. 
 - Follows up on orders to ensure that items are shipped and delivered on promised dates.
 - Maintains records and follow-up files of purchases, shipments, and related matters.
 - Maintains files of descriptions of available items.
 - May inspect products received for quality and quantity to ensure adherence to specifications.
 - Performs related job duties as required.
 - Assisting with negotiation strategies and making recommendations.","- Has good analytical and interpersonal skills to obtain the best purchase package
 - Computer literate.
 - Highly organized and detail-oriented.
 - Can work well under pressure.
 - Good interpersonal and communication skills.
 - Excellent written, verbal, and telephone communication skills.
 - 1-2 years of work experience specializing in Purchasing is an advantage",,2016-10-18T10:27:58.829438+00:00,2026-10-09T08:06:55.280933+00:00,2026-12-30T16:00:00+00:00,2026-10-09T08:06:55.125399+00:00,True,False,False,public,2026-10-09T08:11:39+00:00
65701,Back End Developer,back-end-developer,https://www.kalibrr.com/c/leapfroggr-inc/jobs/65701/back-end-developer,LeapFroggr Inc.,leapfroggr-inc,careers@leapfroggr.com,https://seriousmd.com,True,IT and Software,Full time,10,200,0,550,False,False,True,Manila,Metro Manila,Philippines,"Escolta Street , Manila, Metro Manila, Philippines",14.60488,120.98626,True,,,,,"The position is responsible for the server side of web applications logic and integrations. The person should be able to develop and maintain functional and stable web applications to meet the company’s needs.
Responsibilities
 - Participate in the entire application lifecycle, focusing on coding and debugging
 - Write clean code to develop functional web applications
 - Troubleshoot and debug applications
 - Perform tests to optimize performance
 - Collaborate with Front-end developers to integrate user-facing elements with server side logic
 - Gather and address technical and design requirements
 - Follow emerging technologies
 - Liaise with developers, designers, and system administrators to identify new features","- Bachelor’s Degree in Computer Science or related field;
 - Min of 1 yr web development experience required;
 - Proven work experience as a Back-end developer;
 - In-depth understanding of the entire web development process (design, development and deployment);
 - Hands on experience with programming languages like C#, ASP.NET, NodeJS, JavaScript, AngularJS;
 - Working knowledge of ASP.NET MVC Framework;
 - Familiarity with front-end languages (e.g. HTML, JavaScript and CSS);
 - Excellent analytical and time management skills;
 - Teamwork skills with a problem-solving attitude",,2017-07-27T03:33:19.825498+00:00,2026-01-02T03:49:39.157444+00:00,2027-01-02T03:45:24.304000+00:00,2026-09-10T13:20:34.439902+00:00,True,False,False,public,2026-09-11T11:18:11+00:00
65707,Apple iOS Developer,apple-ios-developer,https://www.kalibrr.com/c/leapfroggr-inc/jobs/65707/apple-ios-developer,LeapFroggr Inc.,leapfroggr-inc,careers@leapfroggr.com,https://seriousmd.com,True,IT and Software,Full time,3,200,0,550,False,False,True,Manila,Metro Manila,Philippines,"Manila, Metro Manila, Philippines",14.60488,120.98626,True,,,,,"The position is responsible for developing B2B and B2C iOS Apps.
The person is responsible for developing native iOS applications that runs on both iPhone and iPad. The person should be able to translate the company’s needs into functional and appealing interactive applications.
Responsibilities
 - Create, maintain and improve existing iOS Applications
 - Design and implement interactive iOS Applications
 - Collaborate with back-end developers and UI/UX designers to improve usability
 - Stay up-to-date on emerging technologies
 - Get feedback from, and build solutions for, users and customers","- Bachelor’s Degree in Computer Science or related field;
 - Min of 1 yrs mobile development experience required;
 - Proven work experience as an iOS mobile developer;
 - Experience with Objective C and Swift;
 - Experience with Reactive Frameworks is a Plus;
 - Excellent analytical and multitasking skills",,2017-07-27T03:50:04.875986+00:00,2026-01-02T03:50:59.776680+00:00,2027-01-02T03:46:01.964000+00:00,2026-09-09T06:28:52.362405+00:00,True,False,False,public,2026-09-11T11:17:55+00:00
73253,Project Manager,project-manager,https://www.kalibrr.com/c/fil-chi-media-productions-inc-1/jobs/73253/project-manager,Fil-Chi Media Productions Inc. (Chinoy TV),fil-chi-media-productions-inc-1,Broadcast Media,http://www.chinoy.tv,True,Media and Creatives,Full time,1,400,0,550,False,False,False,Manila,Metro Manila,Philippines,"Manila, Metro Manila, Philippines",14.60488,120.98626,True,,,,,"- Development, production and delivery of projects from conceptualization right up to execution.
 - Delivering projects on time, within budget, that meet (and hopefully exceed)expectations.
 - Setting, communicating and maintaining timelines and priorities on every project
 - Handles Client Calls and Presentations
 - Communicating, maintaining and developing client/partner relationships
 - Source and negotiate with vendors and suppliers
 - Managing supplier relationships
 - Managing operational and administrative functions to ensure specific projects are delivered efficiently
 - Lead promotional activities for the event (ATL, BTL, Online)
 - Providing leadership, motivation, direction and support to your team
 - Supervise all staff
 - Travelling to on site inspections and project managing events
 - Being responsible for all project budgets from start to finish.
 - Ensuring excellent customer service and quality delivery
 - Ensure event is completed smoothly and step up to resolve any problems that might occur
 - Analyze the project's success and prepare reports","- A graduate of a Bachelor's or College Degree in Marketing, Entrepreneurship, Business Management or equivalent
 - Has exceptional project management, client management, and presentation skills
 - Flexible, thrives under pressure
 - With good verbal and written communication skills
 - Proven experience as event manager
 - Computer savvy; proficient in MS Office
 - Outstanding communication and negotiation ability
 - Excellent organizational skills
 - A team player with leadership skills
 - Strong analytical and planning skills
 - Excellent problem-solving skills
 - Previous Experience in organizing on ground and virtual events is a plus",,2017-11-18T07:38:23.568837+00:00,2026-05-13T03:28:07.859699+00:00,2027-05-13T03:27:56.709000+00:00,2026-09-11T06:25:53.506192+00:00,True,False,False,public,2026-09-11T11:20:13+00:00
76422,Senior Software Developer,senior-software-developer,https://www.kalibrr.com/c/glyphstudios-inc-1/jobs/76422/senior-software-developer,"GlyphStudios, Inc.",glyphstudios-inc-1,Telecommunications,https://glyph.com.ph,True,IT and Software,Full time,4,400,0,550,False,False,True,Pasig,Metro Manila,Philippines,"10F Unit 1003, Orient Square Bldg., Pasig, Metro Manila, Philippines",14.57937,121.0866,True,,,,,"As a Software Developer, you will be part of a team responsible for the following:
 - Develop/ create artificial intelligence and e-commerce services.
 - Design, develop, troubleshoot and debug software programs for databases, applications, tools, networks, etc.
 - Reviewing current systems
 - Presenting ideas for system improvements, including cost proposals
 - Working closely with analysts, designers and staff
 - Testing the product in controlled, real situations before going live
 - Preparation of training manuals for users
 - Maintaining the systems once they are up and running
 Why Join Us? 
● Work in a fast-paced, collaborative environment with a passionate team. 
● Opportunity to work on cutting-edge technologies and projects with direct impact. 
● Competitive salary, benefits, and continuous learning opportunities. 
If you are passionate about creating scalable, reliable, and high-performance applications and enjoy working in a collaborative environment, we would love to hear from you!","- Graduate with the following courses:
 - BS Computer Science
 - BS Information Technology
 - BS Computer Engineering
 - Or any other related course
 - 5+ yrs professional software development, 2+ in a senior/lead role
 - Track record shipping and maintaining production systems
 - 
 Core (must-have)
 - Strong REST API design & development — versioning, pagination, rate limiting, clean error contracts
 - Full-stack capability — comfortable backend + frontend, understands the full request lifecycle
 - Solid PostgreSQL skills — schema design, indexing, query optimization, migrations
 - Cloud/infra experience (AWS preferred) — deploying, monitoring, scaling real services
 - Strong engineering fundamentals — system design, testing, security basics, CI/CD, Git & code review discipline
 - 
 AI-assisted development (important for us)
 - Works effectively with AI coding tools (Claude / Claude Code, Copilot, etc.) as part of daily workflow
 - 
 Language stance
 - We work in TypeScript / Next.js, but we’re language-agnostic — strong engineers from Python, Go, Java, C#, etc. who ramp fast are welcome. Prior JS/TS or React/Next.js is a plus, not required.
Nice-to-have
 - AWS specifics: Lambda, ECS, RDS, S3, CloudWatch, IaC (Terraform/CDK)
 - Mentorship / tech leadership — sets standards, guides juniors
 - Observability, performance tuning, cloud cost awareness
Soft skills
 - Clear async + verbal communicator; works across product/design/ops
 - Ownership mindset — takes features from ambiguity to production
 - Pragmatic; balances speed vs. quality
 - 
 - Knows how to prompt, guide, and review AI output — treats it as a fast junior, not a source of truth
 - Can verify and take ownership of AI-generated code: catches subtle bugs, security issues, and bad patterns rather than merging blindly
 - Good judgment on when to lean on AI vs. write it manually",,2018-01-08T08:04:13.374942+00:00,2026-09-01T06:53:24.813206+00:00,2026-11-29T16:00:00+00:00,2026-09-10T09:35:33.798622+00:00,True,False,False,public,2026-09-11T11:17:28+00:00
77223,Import Coordinator,import-coordinator,https://www.kalibrr.com/c/triplex-enterprises-inc/jobs/77223/import-coordinator,Triplex Enterprises Incorporated,triplex-enterprises-inc,Paper / Forest Products,https://triplexpaper.com/,True,Supply Chain,Full time,3,300,0,550,False,False,False,Makati,Metro Manila,Philippines,"2255 Chino Roces Ave, Makati, Metro Manila, Philippines",14.55491,121.03512,True,,,,,"- Coordinate shipping documents and proofread them for mistakes
 - Reviews paper works and documents to insure the shipping, handling storage charges, and makes sure that customs fees are billed correctly.
 - Manages the import traffic force and monitors all stages of import shipments.
 - Coordinates transportation of product from country of origin to final destination for both air and ocean.
 - Monitors containers under Customs X-Ray holds to assure payments and releases are made efficiently
 - Tracks the travel of the shipment, from dispatch to delivery, making certain goods reach the recipient in good condition and on time.
 - Performs trouble-shooting and analysis on all unreleased containers; making the necessary corrections.","- Must be a graduate of Bachelor of Science in Customs Administration
 - At least two (2) years experience in Import Processing & knows all import documents.
 - Knowledge in computing duties, taxes lodgement, and portal docs to Bureau of Customs (BOC).
 - Can start immediately. 
 - Adequate knowledge in Microsoft Office software.
 - Has good communications skills both written (emails) and oral.
 - Willing to work in Makati City.",,2018-01-15T09:06:20.542124+00:00,2026-09-08T09:35:08.474282+00:00,2026-11-06T16:00:00+00:00,2026-09-08T09:35:20.787276+00:00,True,False,False,public,2026-09-11T11:19:11+00:00
83810,Android Developer,android-developer,https://www.kalibrr.com/c/leapfroggr-inc/jobs/83810/android-developer,LeapFroggr Inc.,leapfroggr-inc,careers@leapfroggr.com,https://seriousmd.com,True,IT and Software,Full time,5,200,0,550,False,False,True,Manila,Metro Manila,Philippines,"Manila, Metro Manila, Philippines",14.60488,120.98626,True,,,,,"The position is responsible for developing B2B and B2C Android Apps.
The person is responsible for developing native Android applications that runs on both Android mobile phones and tablets. The person should be able to translate the company’s needs into functional and appealing interactive applications.
Responsibilities
 - Create, maintain and improve existing Android Applications
 - Design and implement interactive Android Applications
 - Collaborate with back-end developers and UI/UX designers to improve usability
 - Build solutions for users and customers
 - Stay up-to-date on emerging technologies","- Bachelor’s Degree in Computer Science or related field
 - Min of 1 yr mobile development experience required
 - Proven work experience as an Android mobile developer
 - Experience with Native Android Development
 - Experience with Reactive Frameworks is a Plus
 - Excellent analytical and multitasking skills",,2018-03-27T06:46:52.526615+00:00,2026-01-02T03:51:56.842373+00:00,2027-01-02T03:46:21.721000+00:00,2026-09-11T03:33:30.363950+00:00,True,False,False,public,2026-09-11T11:17:52+00:00
91134,Software Quality Assurance (QA) Specialist,software-quality-assurance-qa-specialist,https://www.kalibrr.com/c/glyphstudios-inc-1/jobs/91134/software-quality-assurance-qa-specialist,"GlyphStudios, Inc.",glyphstudios-inc-1,Telecommunications,https://glyph.com.ph,True,IT and Software,Full time,3,300,0,550,False,False,True,Pasig,Metro Manila,Philippines,"Orient Square Bldg., Pasig, Metro Manila, Philippines",14.57937,121.0866,True,,,,,"- Software QA engineer responsibilities include designing and implementing tests, debugging and defining corrective actions.
 - He will be responsible for conducting tests before product launches to ensure software runs smoothly and meets client needs, while being cost-effective.
 - It will monitor all stages of software development to identify and resolve system malfunctions to meet quality standards.
 - Software QA engineer may also review product requirements and specifications in order to foresee potential issues, provide input of functional requirements and advise on design.
 - Other duties include making suggestions to improve testing strategies, as well as utilizing databases to create reports and presentations on any defects.","Required Education:
 - Bachelors Degree in Electrical Engineering,
 - Computer Engineering
 - Information Technology
 - Computer Science
 - Or equivalent technical Degree;
 - Or equivalent combination of education and experience
Required Knowledge, Skills & Abilities:
 - Experience with C, C sharp or assembly-level code development, real-time signal processing, and I/O control.
 - High level of initiative with the ability to self-manage.
 - Strong interpersonal skills with the ability to work both independently and as part of a team
 - Strong analytical and planning skills;
 - Good communication and presentation skills;
 - Excellent problem-solving skills;",,2018-06-25T08:00:54.385822+00:00,2026-09-01T06:52:40.595331+00:00,2026-11-29T16:00:00+00:00,2026-09-11T02:50:25.107613+00:00,True,False,False,public,2026-09-11T11:15:27+00:00
91660,Full Stack Developer,full-stack-developer,https://www.kalibrr.com/c/leapfroggr-inc/jobs/91660/full-stack-developer,LeapFroggr Inc.,leapfroggr-inc,careers@leapfroggr.com,https://seriousmd.com,True,IT and Software,Full time,10,200,0,550,False,False,True,Manila,Metro Manila,Philippines,"Manila, Metro Manila, Philippines",14.60488,120.98626,True,,,,,"The position is responsible for the front and back end of web applications. The person should be able to develop and maintain functional and stable web applications to meet the user's needs as well as have experience in UI/UX development.
 - Participate in the entire application lifecycle, focusing on coding and debugging
 - Write clean code to develop functional web applications
 - Troubleshoot and debug applications
 - Perform tests to optimize performance
 - Collaborate with Front-end developers to integrate user-facing elements with server side logic
 - Gather and address technical and design requirements
 - Follow emerging technologies
 - Liaise with developers, designers, and system administrators to identify new features","- Bachelor’s Degree in Computer Science or related field;
 - Proven experience as a Back-end developer;
 - In-depth understanding of the entire web development process (design, development and deployment);
 - Hands on experience with programming languages like C#, ASP.NET, NodeJS, JavaScript, VueJS, React;
 - Working knowledge of ASP.NET MVC Framework;
 - Familiarity with front-end languages (e.g. HTML, JavaScript and CSS);
 - Excellent analytical and time management skills;
 - Teamwork skills with a problem-solving attitude",,2018-07-02T08:44:17.659689+00:00,2026-01-02T03:50:34.047580+00:00,2027-01-02T03:45:32.778000+00:00,2026-09-11T07:24:34.404079+00:00,True,False,False,public,2026-09-11T11:17:59+00:00
92646,Front End Developer ,front-end-developer,https://www.kalibrr.com/c/leapfroggr-inc/jobs/92646/front-end-developer,LeapFroggr Inc.,leapfroggr-inc,careers@leapfroggr.com,https://seriousmd.com,True,IT and Software,Full time,5,200,0,550,False,False,True,Manila,Metro Manila,Philippines,"Manila, Metro Manila, Philippines",14.60488,120.98626,True,15000,60000,PHP,month,"The position is responsible for implementing visual and interactive elements that users engage with through their web browser when using a web application.
The Front End Developer is also responsible for building “client-side” of web applications. The person should be able to translate the company’s needs into functional and appealing interactive applications.
Responsibilities
 - Create, maintain and improve responsive website
 - Optimize page for SEO and loading speed
 - Design mobile friendly sites
 - Collaborate with back-end developers and web designers to improve usability
 - Get feedback from, and build solutions for, users and customers
 - Create quality mockups and prototypes
 - Ensure high-quality graphic standards and brand consistency
 - Assure that all user input is validated before submitting to back-end
 - Stay up-to-date on emerging technologies","- Bachelor’s Degree in Computer Science or related field;
 - Min of 1 yr web development experience required;
 - Proven work experience as a Front-end developer;
 - Hands on experience with markup languages;
 - Experience with HTML5, JavaScript, CSS, AngularJS, LESS;
 - In-depth understanding of the entire web development process (design, development and deployment);
 - Knowledge of SEO principles;
 - Familiarity with software like Adobe Suite, Photoshop and content management systems;
 - Excellent analytical and multitasking skills
 - Strong analytical and planning skills;
 - Good communication and presentation skills;
 - Excellent problem-solving skills;",,2018-07-12T08:57:42.359876+00:00,2026-01-02T03:51:14.515536+00:00,2027-01-02T03:46:09.639000+00:00,2026-09-11T06:29:25.567412+00:00,True,False,False,public,2026-09-11T11:18:18+00:00
